Mono path[0] = 'W:/SteamLibrary/steamapps/common/SUPERHOT/SH_Data/Managed'
Mono config path = 'W:/SteamLibrary/steamapps/common/SUPERHOT/MonoBleedingEdge/etc'
The command-line parameter 'adapter' has been removed. Please use 'monitor' instead.
Initialize engine version: 2020.3.24f1 (79c78de19888)
[Subsystems] Discovering subsystems at path W:/SteamLibrary/steamapps/common/SUPERHOT/SH_Data/UnitySubsystems
GfxDevice: creating device client; threaded=1
Direct3D:
    Version:  Direct3D 11.0 [level 11.1]
    Renderer: NVIDIA GeForce RTX 4070 Ti SUPER (ID=0x2705)
    Vendor:   
    VRAM:     16063 MB
    Driver:   32.0.15.7216
Begin MonoManager ReloadAssembly
- Completed reload, in  0.114 seconds
OnLevelWasLoaded was found on LevelSetup
This message has been deprecated and will be removed in a later version of Unity.
Add a delegate to SceneManager.sceneLoaded instead to get notifications after scene loading has completed
<RI> Initializing input.
<RI> Input initialized.
<RI> Initialized touch support.
UnloadTime: 0.492200 ms
Backup creation result: Successful
Shader warmup: 8 shaders 54 combinations 0.003s
https://api.killterest.com/api/Uploader/getUser/COMPUTER-TeMeR2009e11f5858131c765728d7a9aa9ead395496d8
Starting WebRequest for acquiring KillstagramId
Achievement System initialization result: OK, User stats init result: OK
The referenced script (SHRLDebugWindow) on this Behaviour is missing!
The referenced script (DebugWindowDisplay) on this Behaviour is missing!
WebRequest resolved
The referenced script on this Behaviour (Game Object 'BaseSystems(Clone)') is missing!
The referenced script on this Behaviour (Game Object 'BaseSystems(Clone)') is missing!
Acquired Killstagram ID HardCoordinatedBisqueMosquito with claim token a7c2b5da-8356-427f-af53-526645ebb33f
The referenced script on this Behaviour (Game Object 'prober') is missing!
The referenced script on this Behaviour (Game Object 'AchivManager') is missing!
The referenced script on this Behaviour (Game Object 'AchivManager') is missing!
Unloading 6 Unused Serialized files (Serialized files now loaded: 0)
Setting up 8 worker threads for Enlighten.
  Thread -> id: 7c54 -> priority: 1 
  Thread -> id: 4d9c -> priority: 1 
  Thread -> id: 7b48 -> priority: 1 
  Thread -> id: 862c -> priority: 1 
  Thread -> id: 9ea0 -> priority: 1 
  Thread -> id: 77d0 -> priority: 1 
  Thread -> id: 9fa0 -> priority: 1 
  Thread -> id: 9e20 -> priority: 1 
UnloadTime: 0.234000 ms
Shader warmup: 58 shaders 315 combinations 0.021s

Unloading 25 unused Assets to reduce memory usage. Loaded Objects now: 3941.
Total: 4.352600 ms (FindLiveObjects: 0.172200 ms CreateObjectMapping: 0.142600 ms MarkObjects: 3.436600 ms  DeleteObjects: 0.600900 ms)

Unloading 9 Unused Serialized files (Serialized files now loaded: 0)
UnloadTime: 0.433000 ms

Unloading 14 unused Assets to reduce memory usage. Loaded Objects now: 12851.
Total: 5.737800 ms (FindLiveObjects: 0.272700 ms CreateObjectMapping: 0.104200 ms MarkObjects: 5.305500 ms  DeleteObjects: 0.055000 ms)

Shader warmup: 86 shaders 1136 combinations 0.061s
checkpoint
The referenced script on this Behaviour (Game Object 'paintingThrowable (1)') is missing!
The referenced script on this Behaviour (Game Object 'paintingThrowable (1)') is missing!
The referenced script on this Behaviour (Game Object 'LevelFlowControl') is missing!
The referenced script on this Behaviour (Game Object 'paintingThrowable (2)') is missing!
The referenced script on this Behaviour (Game Object 'paintingThrowable (2)') is missing!
Unloading 12 Unused Serialized files (Serialized files now loaded: 0)
UnloadTime: 4.750900 ms

Unloading 177 unused Assets to reduce memory usage. Loaded Objects now: 21857.
Total: 8.812500 ms (FindLiveObjects: 0.648200 ms CreateObjectMapping: 0.366400 ms MarkObjects: 7.656900 ms  DeleteObjects: 0.140400 ms)

Shader warmup: 92 shaders 1325 combinations 0.015s
Kinematic body only supports Speculative Continuous collision detection
Trying to update IK solver before initiating it. If you intended to disable the IK component to manage it's updating, use ik.Disable() instead of ik.enabled = false, the latter does not guarantee solver initiation.
Couldn't create a Convex Mesh from source mesh "Cube" within the maximum polygons limit (256). The partial hull will be used. Consider simplifying your mesh.
The referenced script on this Behaviour (Game Object 'LevelFlowControlNormal') is missing!
Unloading 15 Unused Serialized files (Serialized files now loaded: 0)
UnloadTime: 3.807300 ms

Unloading 640 unused Assets to reduce memory usage. Loaded Objects now: 39505.
Total: 13.083700 ms (FindLiveObjects: 1.147200 ms CreateObjectMapping: 0.529100 ms MarkObjects: 10.873300 ms  DeleteObjects: 0.533800 ms)

Shader warmup: 94 shaders 1342 combinations 0.004s
Kinematic body only supports Speculative Continuous collision detection
The referenced script on this Behaviour (Game Object 'LevelFlowControlNormal') is missing!
Unloading 15 Unused Serialized files (Serialized files now loaded: 0)
UnloadTime: 10.178100 ms

Unloading 114 unused Assets to reduce memory usage. Loaded Objects now: 39622.
Total: 14.828400 ms (FindLiveObjects: 0.800600 ms CreateObjectMapping: 0.355600 ms MarkObjects: 13.498800 ms  DeleteObjects: 0.172900 ms)

Shader warmup: 94 shaders 1342 combinations 0.002s
Kinematic body only supports Speculative Continuous collision detection
The referenced script on this Behaviour (Game Object 'LevelFlowControlNormal') is missing!
Unloading 15 Unused Serialized files (Serialized files now loaded: 0)
UnloadTime: 10.258600 ms

Unloading 118 unused Assets to reduce memory usage. Loaded Objects now: 39683.
Total: 17.105300 ms (FindLiveObjects: 0.914400 ms CreateObjectMapping: 0.375000 ms MarkObjects: 15.680600 ms  DeleteObjects: 0.135000 ms)

Shader warmup: 94 shaders 1342 combinations 0.002s
Kinematic body only supports Speculative Continuous collision detection
The referenced script on this Behaviour (Game Object 'LevelFlowControlNormal') is missing!
Unloading 15 Unused Serialized files (Serialized files now loaded: 0)
UnloadTime: 12.154800 ms

Unloading 103 unused Assets to reduce memory usage. Loaded Objects now: 39722.
Total: 14.555400 ms (FindLiveObjects: 0.900000 ms CreateObjectMapping: 0.402200 ms MarkObjects: 13.136700 ms  DeleteObjects: 0.116100 ms)

Shader warmup: 94 shaders 1342 combinations 0.002s
Kinematic body only supports Speculative Continuous collision detection
The referenced script on this Behaviour (Game Object 'LevelFlowControlNormal') is missing!
Unloading 15 Unused Serialized files (Serialized files now loaded: 0)
UnloadTime: 10.169600 ms

Unloading 103 unused Assets to reduce memory usage. Loaded Objects now: 39759.
Total: 14.229800 ms (FindLiveObjects: 0.802500 ms CreateObjectMapping: 0.326900 ms MarkObjects: 12.980600 ms  DeleteObjects: 0.119500 ms)

Shader warmup: 94 shaders 1342 combinations 0.002s
Kinematic body only supports Speculative Continuous collision detection
The referenced script on this Behaviour (Game Object 'LevelFlowControlNormal') is missing!
Unloading 15 Unused Serialized files (Serialized files now loaded: 0)
UnloadTime: 9.242400 ms

Unloading 103 unused Assets to reduce memory usage. Loaded Objects now: 39804.
Total: 17.357200 ms (FindLiveObjects: 0.982600 ms CreateObjectMapping: 0.372700 ms MarkObjects: 15.873800 ms  DeleteObjects: 0.127600 ms)

Shader warmup: 94 shaders 1342 combinations 0.002s
Kinematic body only supports Speculative Continuous collision detection
The referenced script on this Behaviour (Game Object 'LevelFlowControlNormal') is missing!
Unloading 15 Unused Serialized files (Serialized files now loaded: 0)
UnloadTime: 9.785900 ms

Unloading 103 unused Assets to reduce memory usage. Loaded Objects now: 39841.
Total: 14.845300 ms (FindLiveObjects: 1.406200 ms CreateObjectMapping: 0.558500 ms MarkObjects: 12.753100 ms  DeleteObjects: 0.127000 ms)

Shader warmup: 94 shaders 1342 combinations 0.002s
Kinematic body only supports Speculative Continuous collision detection
Kinematic body only supports Speculative Continuous collision detection
Kinematic body only supports Speculative Continuous collision detection
Unloading 20 Unused Serialized files (Serialized files now loaded: 0)
UnloadTime: 7.235800 ms

Unloading 884 unused Assets to reduce memory usage. Loaded Objects now: 22236.
Total: 8.833200 ms (FindLiveObjects: 0.544300 ms CreateObjectMapping: 0.283300 ms MarkObjects: 7.112900 ms  DeleteObjects: 0.892500 ms)

Shader warmup: 98 shaders 1474 combinations 0.015s
Unloading 5 Unused Serialized files (Serialized files now loaded: 0)
UnloadTime: 4.709300 ms

Unloading 2351 unused Assets to reduce memory usage. Loaded Objects now: 7476.
Total: 6.762100 ms (FindLiveObjects: 0.249300 ms CreateObjectMapping: 0.143800 ms MarkObjects: 4.763200 ms  DeleteObjects: 1.605500 ms)

Shader warmup: 98 shaders 1474 combinations 0.002s
The referenced script on this Behaviour (Game Object 'LevelFlowControl') is missing!
Unloading 12 Unused Serialized files (Serialized files now loaded: 0)
UnloadTime: 0.323000 ms

Unloading 21 unused Assets to reduce memory usage. Loaded Objects now: 23945.
Total: 8.660600 ms (FindLiveObjects: 0.553100 ms CreateObjectMapping: 0.193000 ms MarkObjects: 7.854000 ms  DeleteObjects: 0.060200 ms)

Shader warmup: 98 shaders 1474 combinations 0.002s
The referenced script on this Behaviour (Game Object 'LevelFlowControl') is missing!
Unloading 12 Unused Serialized files (Serialized files now loaded: 0)
UnloadTime: 9.801800 ms

Unloading 142 unused Assets to reduce memory usage. Loaded Objects now: 24136.
Total: 18.020700 ms (FindLiveObjects: 0.645000 ms CreateObjectMapping: 0.279700 ms MarkObjects: 16.586500 ms  DeleteObjects: 0.509000 ms)

Shader warmup: 98 shaders 1474 combinations 0.003s
The referenced script on this Behaviour (Game Object 'LevelFlowControl') is missing!
Unloading 12 Unused Serialized files (Serialized files now loaded: 0)
UnloadTime: 8.272800 ms

Unloading 84 unused Assets to reduce memory usage. Loaded Objects now: 24173.
Total: 10.018700 ms (FindLiveObjects: 0.629100 ms CreateObjectMapping: 0.215000 ms MarkObjects: 9.026300 ms  DeleteObjects: 0.147900 ms)

Shader warmup: 98 shaders 1474 combinations 0.002s
The referenced script on this Behaviour (Game Object 'LevelFlowControl') is missing!
Unloading 12 Unused Serialized files (Serialized files now loaded: 0)
UnloadTime: 7.982900 ms

Unloading 110 unused Assets to reduce memory usage. Loaded Objects now: 24215.
Total: 14.275900 ms (FindLiveObjects: 0.625100 ms CreateObjectMapping: 0.315500 ms MarkObjects: 13.066400 ms  DeleteObjects: 0.268700 ms)

Shader warmup: 98 shaders 1474 combinations 0.002s
Unloading 5 Unused Serialized files (Serialized files now loaded: 0)
UnloadTime: 4.471100 ms

Unloading 2017 unused Assets to reduce memory usage. Loaded Objects now: 7820.
Total: 5.769100 ms (FindLiveObjects: 0.237300 ms CreateObjectMapping: 0.185800 ms MarkObjects: 4.358900 ms  DeleteObjects: 0.986800 ms)

Shader warmup: 98 shaders 1474 combinations 0.002s
Unloading 12 Unused Serialized files (Serialized files now loaded: 0)
UnloadTime: 0.328400 ms

Unloading 20 unused Assets to reduce memory usage. Loaded Objects now: 16046.
Total: 7.069500 ms (FindLiveObjects: 0.388300 ms CreateObjectMapping: 0.199000 ms MarkObjects: 6.432300 ms  DeleteObjects: 0.049500 ms)

Shader warmup: 98 shaders 1474 combinations 0.002s
Unloading 12 Unused Serialized files (Serialized files now loaded: 0)
UnloadTime: 5.103800 ms

Unloading 166 unused Assets to reduce memory usage. Loaded Objects now: 16103.
Total: 11.235400 ms (FindLiveObjects: 0.399900 ms CreateObjectMapping: 0.234500 ms MarkObjects: 10.243700 ms  DeleteObjects: 0.356900 ms)

Shader warmup: 98 shaders 1474 combinations 0.004s
Unloading 12 Unused Serialized files (Serialized files now loaded: 0)
UnloadTime: 4.401400 ms

Unloading 172 unused Assets to reduce memory usage. Loaded Objects now: 16142.
Total: 8.117900 ms (FindLiveObjects: 0.434800 ms CreateObjectMapping: 0.183400 ms MarkObjects: 7.316100 ms  DeleteObjects: 0.183200 ms)

Shader warmup: 98 shaders 1474 combinations 0.002s
Unloading 12 Unused Serialized files (Serialized files now loaded: 0)
UnloadTime: 4.085000 ms

Unloading 170 unused Assets to reduce memory usage. Loaded Objects now: 16185.
Total: 9.800200 ms (FindLiveObjects: 0.601600 ms CreateObjectMapping: 0.286200 ms MarkObjects: 8.731600 ms  DeleteObjects: 0.180600 ms)

Shader warmup: 98 shaders 1474 combinations 0.002s
Unloading 5 Unused Serialized files (Serialized files now loaded: 0)
UnloadTime: 2.662800 ms

Unloading 1955 unused Assets to reduce memory usage. Loaded Objects now: 8043.
Total: 6.369000 ms (FindLiveObjects: 0.240300 ms CreateObjectMapping: 0.151600 ms MarkObjects: 4.844700 ms  DeleteObjects: 1.132000 ms)

Shader warmup: 98 shaders 1474 combinations 0.002s
The referenced script on this Behaviour (Game Object 'LevelFlowControl') is missing!
Unloading 15 Unused Serialized files (Serialized files now loaded: 0)
UnloadTime: 0.384300 ms

Unloading 24 unused Assets to reduce memory usage. Loaded Objects now: 18726.
Total: 8.797100 ms (FindLiveObjects: 0.749800 ms CreateObjectMapping: 0.289100 ms MarkObjects: 7.692100 ms  DeleteObjects: 0.065600 ms)

Shader warmup: 98 shaders 1474 combinations 0.002s
The referenced script on this Behaviour (Game Object 'LevelFlowControl') is missing!
Unloading 15 Unused Serialized files (Serialized files now loaded: 0)
UnloadTime: 6.595600 ms

Unloading 185 unused Assets to reduce memory usage. Loaded Objects now: 18783.
Total: 8.436300 ms (FindLiveObjects: 0.413900 ms CreateObjectMapping: 0.198400 ms MarkObjects: 7.618400 ms  DeleteObjects: 0.204900 ms)

Shader warmup: 98 shaders 1474 combinations 0.002s
The referenced script on this Behaviour (Game Object 'LevelFlowControl') is missing!
Unloading 15 Unused Serialized files (Serialized files now loaded: 0)
UnloadTime: 7.418400 ms

Unloading 187 unused Assets to reduce memory usage. Loaded Objects now: 18865.
Total: 12.103000 ms (FindLiveObjects: 0.443100 ms CreateObjectMapping: 0.210000 ms MarkObjects: 11.115200 ms  DeleteObjects: 0.334500 ms)

Shader warmup: 98 shaders 1474 combinations 0.002s
The referenced script on this Behaviour (Game Object 'LevelFlowControl') is missing!
Unloading 15 Unused Serialized files (Serialized files now loaded: 0)
UnloadTime: 6.563800 ms

Unloading 185 unused Assets to reduce memory usage. Loaded Objects now: 18900.
Total: 8.696100 ms (FindLiveObjects: 0.504500 ms CreateObjectMapping: 0.211300 ms MarkObjects: 7.767700 ms  DeleteObjects: 0.212000 ms)

Shader warmup: 98 shaders 1474 combinations 0.002s
The referenced script on this Behaviour (Game Object 'LevelFlowControl') is missing!
Unloading 15 Unused Serialized files (Serialized files now loaded: 0)
UnloadTime: 5.046400 ms

Unloading 185 unused Assets to reduce memory usage. Loaded Objects now: 18936.
Total: 7.900800 ms (FindLiveObjects: 0.455100 ms CreateObjectMapping: 0.194800 ms MarkObjects: 7.037600 ms  DeleteObjects: 0.213000 ms)

Shader warmup: 98 shaders 1474 combinations 0.002s
The referenced script on this Behaviour (Game Object 'LevelFlowControl') is missing!
Unloading 15 Unused Serialized files (Serialized files now loaded: 0)
UnloadTime: 7.165900 ms

Unloading 185 unused Assets to reduce memory usage. Loaded Objects now: 18974.
Total: 11.762500 ms (FindLiveObjects: 0.533900 ms CreateObjectMapping: 0.306200 ms MarkObjects: 10.688600 ms  DeleteObjects: 0.233500 ms)

Shader warmup: 98 shaders 1474 combinations 0.002s
Can not play a disabled audio source
Can not play a disabled audio source
Can not play a disabled audio source
Can not play a disabled audio source
Can not play a disabled audio source
Can not play a disabled audio source
Can not play a disabled audio source
Can not play a disabled audio source
Can not play a disabled audio source
Can not play a disabled audio source
Can not play a disabled audio source
Can not play a disabled audio source
Can not play a disabled audio source
Can not play a disabled audio source
Can not play a disabled audio source
Can not play a disabled audio source
Can not play a disabled audio source
Can not play a disabled audio source
Can not play a disabled audio source
Can not play a disabled audio source
Can not play a disabled audio source
Can not play a disabled audio source
Can not play a disabled audio source
Can not play a disabled audio source
Can not play a disabled audio source
Can not play a disabled audio source
Can not play a disabled audio source
Can not play a disabled audio source
Can not play a disabled audio source
Can not play a disabled audio source
Can not play a disabled audio source
Can not play a disabled audio source
Can not play a disabled audio source
Can not play a disabled audio source
Can not play a disabled audio source
Can not play a disabled audio source
Can not play a disabled audio source
Can not play a disabled audio source
Can not play a disabled audio source
Can not play a disabled audio source
Can not play a disabled audio source
Can not play a disabled audio source
Can not play a disabled audio source
Can not play a disabled audio source
Can not play a disabled audio source
The referenced script on this Behaviour (Game Object 'LevelFlowControl') is missing!
Unloading 15 Unused Serialized files (Serialized files now loaded: 0)
UnloadTime: 6.714300 ms

Unloading 187 unused Assets to reduce memory usage. Loaded Objects now: 19018.
Total: 13.575900 ms (FindLiveObjects: 0.452800 ms CreateObjectMapping: 0.260500 ms MarkObjects: 12.621900 ms  DeleteObjects: 0.240000 ms)

Shader warmup: 98 shaders 1474 combinations 0.002s
Can not play a disabled audio source
Can not play a disabled audio source
Can not play a disabled audio source
Can not play a disabled audio source
Can not play a disabled audio source
Can not play a disabled audio source
Can not play a disabled audio source
Can not play a disabled audio source
Can not play a disabled audio source
Can not play a disabled audio source
Can not play a disabled audio source
Can not play a disabled audio source
Can not play a disabled audio source
Can not play a disabled audio source
Can not play a disabled audio source
Can not play a disabled audio source
Can not play a disabled audio source
Can not play a disabled audio source
Can not play a disabled audio source
Can not play a disabled audio source
Can not play a disabled audio source
Can not play a disabled audio source
Can not play a disabled audio source
Can not play a disabled audio source
Can not play a disabled audio source
Can not play a disabled audio source
Can not play a disabled audio source
Can not play a disabled audio source
Can not play a disabled audio source
Can not play a disabled audio source
Can not play a disabled audio source
Can not play a disabled audio source
Can not play a disabled audio source
Can not play a disabled audio source
Can not play a disabled audio source
Can not play a disabled audio source
Can not play a disabled audio source
Can not play a disabled audio source
Can not play a disabled audio source
Can not play a disabled audio source
Can not play a disabled audio source
Can not play a disabled audio source
Can not play a disabled audio source
Can not play a disabled audio source
Can not play a disabled audio source
Can not play a disabled audio source
Can not play a disabled audio source
Can not play a disabled audio source
Can not play a disabled audio source
Can not play a disabled audio source
Can not play a disabled audio source
Can not play a disabled audio source
Can not play a disabled audio source
Can not play a disabled audio source
Can not play a disabled audio source
Can not play a disabled audio source
Can not play a disabled audio source
Can not play a disabled audio source
Can not play a disabled audio source
Can not play a disabled audio source
Can not play a disabled audio source
Can not play a disabled audio source
Can not play a disabled audio source
Can not play a disabled audio source
Can not play a disabled audio source
Can not play a disabled audio source
Can not play a disabled audio source
Can not play a disabled audio source
Can not play a disabled audio source
Can not play a disabled audio source
Can not play a disabled audio source
Can not play a disabled audio source
Can not play a disabled audio source
Can not play a disabled audio source
Can not play a disabled audio source
Can not play a disabled audio source
Can not play a disabled audio source
Can not play a disabled audio source
Can not play a disabled audio source
Can not play a disabled audio source
Can not play a disabled audio source
Can not play a disabled audio source
Can not play a disabled audio source
Can not play a disabled audio source
Can not play a disabled audio source
Can not play a disabled audio source
Can not play a disabled audio source
Can not play a disabled audio source
Can not play a disabled audio source
Can not play a disabled audio source
Can not play a disabled audio source
Can not play a disabled audio source
Can not play a disabled audio source
Can not play a disabled audio source
Can not play a disabled audio source
Can not play a disabled audio source
Can not play a disabled audio source
Can not play a disabled audio source
Can not play a disabled audio source
Can not play a disabled audio source
Can not play a disabled audio source
Can not play a disabled audio source
Can not play a disabled audio source
Can not play a disabled audio source
Can not play a disabled audio source
Can not play a disabled audio source
Can not play a disabled audio source
Can not play a disabled audio source
Can not play a disabled audio source
Can not play a disabled audio source
Can not play a disabled audio source
Can not play a disabled audio source
Can not play a disabled audio source
Can not play a disabled audio source
Can not play a disabled audio source
Can not play a disabled audio source
Can not play a disabled audio source
Can not play a disabled audio source
Can not play a disabled audio source
Can not play a disabled audio source
Can not play a disabled audio source
Can not play a disabled audio source
Can not play a disabled audio source
Can not play a disabled audio source
Can not play a disabled audio source
Can not play a disabled audio source
Can not play a disabled audio source
Can not play a disabled audio source
Can not play a disabled audio source
Can not play a disabled audio source
Can not play a disabled audio source
Can not play a disabled audio source
Can not play a disabled audio source
Can not play a disabled audio source
Can not play a disabled audio source
Can not play a disabled audio source
Can not play a disabled audio source
Unloading 5 Unused Serialized files (Serialized files now loaded: 0)
UnloadTime: 4.729100 ms

Unloading 1680 unused Assets to reduce memory usage. Loaded Objects now: 8408.
Total: 10.751500 ms (FindLiveObjects: 0.270800 ms CreateObjectMapping: 0.205200 ms MarkObjects: 8.742100 ms  DeleteObjects: 1.532900 ms)

Shader warmup: 98 shaders 1474 combinations 0.002s
The referenced script on this Behaviour (Game Object 'LevelFlowControlNormal') is missing!
Unloading 11 Unused Serialized files (Serialized files now loaded: 0)
UnloadTime: 0.332600 ms

Unloading 19 unused Assets to reduce memory usage. Loaded Objects now: 18096.
Total: 7.819800 ms (FindLiveObjects: 0.413700 ms CreateObjectMapping: 0.168600 ms MarkObjects: 7.173300 ms  DeleteObjects: 0.063800 ms)

Shader warmup: 98 shaders 1474 combinations 0.002s
Kinematic body only supports Speculative Continuous collision detection
BoxColliders does not support negative scale or size.
The effective box size has been forced positive and is likely to give unexpected collision geometry.
If you absolutely need to use negative scaling you can use the convex MeshCollider. Scene hierarchy path "Pickups/KatanaPickup(Clone)/Offset/collider"
MISSING AUDIO CLIP!
The referenced script on this Behaviour (Game Object 'LevelFlowControlNormal') is missing!
Unloading 11 Unused Serialized files (Serialized files now loaded: 0)
UnloadTime: 4.791300 ms

Unloading 194 unused Assets to reduce memory usage. Loaded Objects now: 18152.
Total: 11.919000 ms (FindLiveObjects: 0.435300 ms CreateObjectMapping: 0.168100 ms MarkObjects: 11.025900 ms  DeleteObjects: 0.289400 ms)

Shader warmup: 98 shaders 1474 combinations 0.002s
Kinematic body only supports Speculative Continuous collision detection
BoxColliders does not support negative scale or size.
The effective box size has been forced positive and is likely to give unexpected collision geometry.
If you absolutely need to use negative scaling you can use the convex MeshCollider. Scene hierarchy path "Pickups/KatanaPickup(Clone)/Offset/collider"
Kinematic body only supports Speculative Continuous collision detection
Kinematic body only supports Speculative Continuous collision detection
Kinematic body only supports Speculative Continuous collision detection
BoxColliders does not support negative scale or size.
The effective box size has been forced positive and is likely to give unexpected collision geometry.
If you absolutely need to use negative scaling you can use the convex MeshCollider. Scene hierarchy path "Pickups/KatanaPickup(Clone)/Offset/collider"
Kinematic body only supports Speculative Continuous collision detection
Kinematic body only supports Speculative Continuous collision detection
Kinematic body only supports Speculative Continuous collision detection
Kinematic body only supports Speculative Continuous collision detection
Kinematic body only supports Speculative Continuous collision detection
Kinematic body only supports Speculative Continuous collision detection
Unloading 5 Unused Serialized files (Serialized files now loaded: 0)
UnloadTime: 2.972100 ms

Unloading 380 unused Assets to reduce memory usage. Loaded Objects now: 9796.
Total: 6.019200 ms (FindLiveObjects: 0.394400 ms CreateObjectMapping: 0.186800 ms MarkObjects: 5.052200 ms  DeleteObjects: 0.385600 ms)

Shader warmup: 98 shaders 1474 combinations 0.002s
The referenced script on this Behaviour (Game Object 'ATM Sound wind') is missing!
The referenced script on this Behaviour (Game Object 'LevelFlowControl') is missing!
Unloading 8 Unused Serialized files (Serialized files now loaded: 0)
UnloadTime: 0.397900 ms

Unloading 21 unused Assets to reduce memory usage. Loaded Objects now: 16865.
Total: 6.621700 ms (FindLiveObjects: 0.392500 ms CreateObjectMapping: 0.176800 ms MarkObjects: 5.997000 ms  DeleteObjects: 0.055000 ms)

Shader warmup: 98 shaders 1474 combinations 0.002s
Unloading 5 Unused Serialized files (Serialized files now loaded: 0)
UnloadTime: 2.229800 ms

Unloading 1357 unused Assets to reduce memory usage. Loaded Objects now: 8632.
Total: 5.637300 ms (FindLiveObjects: 0.263900 ms CreateObjectMapping: 0.128200 ms MarkObjects: 4.615000 ms  DeleteObjects: 0.629800 ms)

Shader warmup: 98 shaders 1474 combinations 0.002s
The referenced script on this Behaviour (Game Object 'Script') is missing!
The referenced script on this Behaviour (Game Object 'Script') is missing!
The referenced script on this Behaviour (Game Object 'Script') is missing!
The referenced script on this Behaviour (Game Object 'Enemy') is missing!
The referenced script on this Behaviour (Game Object 'Enemy') is missing!
The referenced script on this Behaviour (Game Object 'Enemy') is missing!
The referenced script on this Behaviour (Game Object 'Enemy') is missing!
The referenced script on this Behaviour (Game Object 'Script') is missing!
The referenced script on this Behaviour (Game Object 'Script') is missing!
The referenced script on this Behaviour (Game Object 'Script') is missing!
The referenced script on this Behaviour (Game Object 'LevelFlowControlLevel1') is missing!
The referenced script on this Behaviour (Game Object 'LevelFlowControlLevel3') is missing!
The referenced script on this Behaviour (Game Object 'Script') is missing!
The referenced script on this Behaviour (Game Object 'Script') is missing!
The referenced script on this Behaviour (Game Object 'Script') is missing!
The referenced script on this Behaviour (Game Object 'Script') is missing!
The referenced script on this Behaviour (Game Object 'Script') is missing!
The referenced script on this Behaviour (Game Object 'Script') is missing!
The referenced script on this Behaviour (Game Object 'Script') is missing!
The referenced script on this Behaviour (Game Object 'Script') is missing!
The referenced script on this Behaviour (Game Object 'Script') is missing!
The referenced script on this Behaviour (Game Object 'Script') is missing!
The referenced script on this Behaviour (Game Object 'Script') is missing!
The referenced script on this Behaviour (Game Object 'Script') is missing!
The referenced script on this Behaviour (Game Object 'Script') is missing!
The referenced script on this Behaviour (Game Object 'Script') is missing!
The referenced script on this Behaviour (Game Object 'Script') is missing!
The referenced script on this Behaviour (Game Object 'Script') is missing!
The referenced script on this Behaviour (Game Object 'Script') is missing!
The referenced script on this Behaviour (Game Object 'Script') is missing!
The referenced script on this Behaviour (Game Object 'Script') is missing!
The referenced script on this Behaviour (Game Object 'Script') is missing!
The referenced script on this Behaviour (Game Object 'Script') is missing!
The referenced script on this Behaviour (Game Object 'Script') is missing!
The referenced script on this Behaviour (Game Object 'Script') is missing!
The referenced script on this Behaviour (Game Object 'Script') is missing!
The referenced script on this Behaviour (Game Object 'Script') is missing!
The referenced script on this Behaviour (Game Object 'Script') is missing!
The referenced script on this Behaviour (Game Object 'Script') is missing!
The referenced script on this Behaviour (Game Object 'Script') is missing!
The referenced script on this Behaviour (Game Object 'Script') is missing!
The referenced script on this Behaviour (Game Object 'Script') is missing!
The referenced script on this Behaviour (Game Object 'LevelFlowControlLevel0') is missing!
The referenced script on this Behaviour (Game Object 'Script') is missing!
The referenced script on this Behaviour (Game Object 'Script') is missing!
The referenced script on this Behaviour (Game Object 'Script') is missing!
The referenced script on this Behaviour (Game Object 'Script') is missing!
The referenced script on this Behaviour (Game Object 'Script') is missing!
The referenced script on this Behaviour (Game Object 'Script') is missing!
The referenced script on this Behaviour (Game Object 'Script') is missing!
The referenced script on this Behaviour (Game Object 'Script') is missing!
The referenced script on this Behaviour (Game Object 'Script') is missing!
The referenced script on this Behaviour (Game Object 'Script') is missing!
The referenced script on this Behaviour (Game Object 'Script') is missing!
The referenced script on this Behaviour (Game Object 'Script') is missing!
The referenced script on this Behaviour (Game Object 'Script') is missing!
The referenced script on this Behaviour (Game Object 'Script') is missing!
The referenced script on this Behaviour (Game Object 'Script') is missing!
The referenced script on this Behaviour (Game Object 'Script') is missing!
The referenced script on this Behaviour (Game Object 'Script') is missing!
The referenced script on this Behaviour (Game Object 'Script') is missing!
The referenced script on this Behaviour (Game Object 'LevelFlowControlLevel2') is missing!
The referenced script on this Behaviour (Game Object 'Script') is missing!
The referenced script on this Behaviour (Game Object 'Script') is missing!
The referenced script on this Behaviour (Game Object 'Script') is missing!
The referenced script on this Behaviour (Game Object 'Script') is missing!
The referenced script on this Behaviour (Game Object 'Script') is missing!
The referenced script on this Behaviour (Game Object 'Script') is missing!
The referenced script on this Behaviour (Game Object 'LevelFlowControlLevel4') is missing!
The referenced script on this Behaviour (Game Object 'Script') is missing!
The referenced script on this Behaviour (Game Object 'Script') is missing!
The referenced script on this Behaviour (Game Object 'Script') is missing!
The referenced script on this Behaviour (Game Object 'Script') is missing!
The referenced script on this Behaviour (Game Object 'Script') is missing!
The referenced script on this Behaviour (Game Object 'Script') is missing!
The referenced script on this Behaviour (Game Object 'Script') is missing!
The referenced script on this Behaviour (Game Object 'Script') is missing!
The referenced script on this Behaviour (Game Object 'Script') is missing!
The referenced script on this Behaviour (Game Object 'Script') is missing!
The referenced script on this Behaviour (Game Object 'Script') is missing!
The referenced script on this Behaviour (Game Object 'Script') is missing!
The referenced script on this Behaviour (Game Object 'Script') is missing!
The referenced script on this Behaviour (Game Object 'Script') is missing!
The referenced script on this Behaviour (Game Object 'Script') is missing!
The referenced script on this Behaviour (Game Object 'Enemy') is missing!
The referenced script on this Behaviour (Game Object 'Enemy') is missing!
The referenced script on this Behaviour (Game Object 'Enemy') is missing!
The referenced script on this Behaviour (Game Object 'Enemy') is missing!
The referenced script on this Behaviour (Game Object 'Script') is missing!
The referenced script on this Behaviour (Game Object 'Script') is missing!
The referenced script on this Behaviour (Game Object 'Script') is missing!
The referenced script on this Behaviour (Game Object 'Script') is missing!
The referenced script on this Behaviour (Game Object 'Script') is missing!
The referenced script on this Behaviour (Game Object 'Script') is missing!
The referenced script on this Behaviour (Game Object 'Script') is missing!
The referenced script on this Behaviour (Game Object 'Script') is missing!
The referenced script on this Behaviour (Game Object 'Script') is missing!
The referenced script on this Behaviour (Game Object 'Script') is missing!
The referenced script on this Behaviour (Game Object 'Script') is missing!
The referenced script on this Behaviour (Game Object 'Script') is missing!
The referenced script on this Behaviour (Game Object 'Script') is missing!
The referenced script on this Behaviour (Game Object 'Script') is missing!
The referenced script on this Behaviour (Game Object 'Script') is missing!
Unloading 19 Unused Serialized files (Serialized files now loaded: 0)
UnloadTime: 0.394000 ms

Unloading 22 unused Assets to reduce memory usage. Loaded Objects now: 30586.
Total: 10.048900 ms (FindLiveObjects: 0.916600 ms CreateObjectMapping: 0.480000 ms MarkObjects: 8.601900 ms  DeleteObjects: 0.049800 ms)

Shader warmup: 98 shaders 1474 combinations 0.002s
The referenced script on this Behaviour (Game Object 'Script') is missing!
The referenced script on this Behaviour (Game Object 'Script') is missing!
The referenced script on this Behaviour (Game Object 'Script') is missing!
The referenced script on this Behaviour (Game Object 'Enemy') is missing!
The referenced script on this Behaviour (Game Object 'Enemy') is missing!
The referenced script on this Behaviour (Game Object 'Enemy') is missing!
The referenced script on this Behaviour (Game Object 'Enemy') is missing!
The referenced script on this Behaviour (Game Object 'Script') is missing!
The referenced script on this Behaviour (Game Object 'Script') is missing!
The referenced script on this Behaviour (Game Object 'Script') is missing!
The referenced script on this Behaviour (Game Object 'LevelFlowControlLevel1') is missing!
The referenced script on this Behaviour (Game Object 'LevelFlowControlLevel3') is missing!
The referenced script on this Behaviour (Game Object 'Script') is missing!
The referenced script on this Behaviour (Game Object 'Script') is missing!
The referenced script on this Behaviour (Game Object 'Script') is missing!
The referenced script on this Behaviour (Game Object 'Script') is missing!
The referenced script on this Behaviour (Game Object 'Script') is missing!
The referenced script on this Behaviour (Game Object 'Script') is missing!
The referenced script on this Behaviour (Game Object 'Script') is missing!
The referenced script on this Behaviour (Game Object 'Script') is missing!
The referenced script on this Behaviour (Game Object 'Script') is missing!
The referenced script on this Behaviour (Game Object 'Script') is missing!
The referenced script on this Behaviour (Game Object 'Script') is missing!
The referenced script on this Behaviour (Game Object 'Script') is missing!
The referenced script on this Behaviour (Game Object 'Script') is missing!
The referenced script on this Behaviour (Game Object 'Script') is missing!
The referenced script on this Behaviour (Game Object 'Script') is missing!
The referenced script on this Behaviour (Game Object 'Script') is missing!
The referenced script on this Behaviour (Game Object 'Script') is missing!
The referenced script on this Behaviour (Game Object 'Script') is missing!
The referenced script on this Behaviour (Game Object 'Script') is missing!
The referenced script on this Behaviour (Game Object 'Script') is missing!
The referenced script on this Behaviour (Game Object 'Script') is missing!
The referenced script on this Behaviour (Game Object 'Script') is missing!
The referenced script on this Behaviour (Game Object 'Script') is missing!
The referenced script on this Behaviour (Game Object 'Script') is missing!
The referenced script on this Behaviour (Game Object 'Script') is missing!
The referenced script on this Behaviour (Game Object 'Script') is missing!
The referenced script on this Behaviour (Game Object 'Script') is missing!
The referenced script on this Behaviour (Game Object 'Script') is missing!
The referenced script on this Behaviour (Game Object 'Script') is missing!
The referenced script on this Behaviour (Game Object 'Script') is missing!
The referenced script on this Behaviour (Game Object 'LevelFlowControlLevel0') is missing!
The referenced script on this Behaviour (Game Object 'Script') is missing!
The referenced script on this Behaviour (Game Object 'Script') is missing!
The referenced script on this Behaviour (Game Object 'Script') is missing!
The referenced script on this Behaviour (Game Object 'Script') is missing!
The referenced script on this Behaviour (Game Object 'Script') is missing!
The referenced script on this Behaviour (Game Object 'Script') is missing!
The referenced script on this Behaviour (Game Object 'Script') is missing!
The referenced script on this Behaviour (Game Object 'Script') is missing!
The referenced script on this Behaviour (Game Object 'Script') is missing!
The referenced script on this Behaviour (Game Object 'Script') is missing!
The referenced script on this Behaviour (Game Object 'Script') is missing!
The referenced script on this Behaviour (Game Object 'Script') is missing!
The referenced script on this Behaviour (Game Object 'Script') is missing!
The referenced script on this Behaviour (Game Object 'Script') is missing!
The referenced script on this Behaviour (Game Object 'Script') is missing!
The referenced script on this Behaviour (Game Object 'Script') is missing!
The referenced script on this Behaviour (Game Object 'Script') is missing!
The referenced script on this Behaviour (Game Object 'Script') is missing!
The referenced script on this Behaviour (Game Object 'LevelFlowControlLevel2') is missing!
The referenced script on this Behaviour (Game Object 'Script') is missing!
The referenced script on this Behaviour (Game Object 'Script') is missing!
The referenced script on this Behaviour (Game Object 'Script') is missing!
The referenced script on this Behaviour (Game Object 'Script') is missing!
The referenced script on this Behaviour (Game Object 'Script') is missing!
The referenced script on this Behaviour (Game Object 'Script') is missing!
The referenced script on this Behaviour (Game Object 'LevelFlowControlLevel4') is missing!
The referenced script on this Behaviour (Game Object 'Script') is missing!
The referenced script on this Behaviour (Game Object 'Script') is missing!
The referenced script on this Behaviour (Game Object 'Script') is missing!
The referenced script on this Behaviour (Game Object 'Script') is missing!
The referenced script on this Behaviour (Game Object 'Script') is missing!
The referenced script on this Behaviour (Game Object 'Script') is missing!
The referenced script on this Behaviour (Game Object 'Script') is missing!
The referenced script on this Behaviour (Game Object 'Script') is missing!
The referenced script on this Behaviour (Game Object 'Script') is missing!
The referenced script on this Behaviour (Game Object 'Script') is missing!
The referenced script on this Behaviour (Game Object 'Script') is missing!
The referenced script on this Behaviour (Game Object 'Script') is missing!
The referenced script on this Behaviour (Game Object 'Script') is missing!
The referenced script on this Behaviour (Game Object 'Script') is missing!
The referenced script on this Behaviour (Game Object 'Script') is missing!
The referenced script on this Behaviour (Game Object 'Enemy') is missing!
The referenced script on this Behaviour (Game Object 'Enemy') is missing!
The referenced script on this Behaviour (Game Object 'Enemy') is missing!
The referenced script on this Behaviour (Game Object 'Enemy') is missing!
The referenced script on this Behaviour (Game Object 'Script') is missing!
The referenced script on this Behaviour (Game Object 'Script') is missing!
The referenced script on this Behaviour (Game Object 'Script') is missing!
The referenced script on this Behaviour (Game Object 'Script') is missing!
The referenced script on this Behaviour (Game Object 'Script') is missing!
The referenced script on this Behaviour (Game Object 'Script') is missing!
The referenced script on this Behaviour (Game Object 'Script') is missing!
The referenced script on this Behaviour (Game Object 'Script') is missing!
The referenced script on this Behaviour (Game Object 'Script') is missing!
The referenced script on this Behaviour (Game Object 'Script') is missing!
The referenced script on this Behaviour (Game Object 'Script') is missing!
The referenced script on this Behaviour (Game Object 'Script') is missing!
The referenced script on this Behaviour (Game Object 'Script') is missing!
The referenced script on this Behaviour (Game Object 'Script') is missing!
The referenced script on this Behaviour (Game Object 'Script') is missing!
Unloading 19 Unused Serialized files (Serialized files now loaded: 0)
UnloadTime: 10.947400 ms

Unloading 333 unused Assets to reduce memory usage. Loaded Objects now: 30659.
Total: 12.089300 ms (FindLiveObjects: 0.792700 ms CreateObjectMapping: 0.376500 ms MarkObjects: 10.262500 ms  DeleteObjects: 0.657300 ms)

Shader warmup: 98 shaders 1474 combinations 0.003s
The referenced script on this Behaviour (Game Object 'Script') is missing!
The referenced script on this Behaviour (Game Object 'Script') is missing!
The referenced script on this Behaviour (Game Object 'Script') is missing!
The referenced script on this Behaviour (Game Object 'Enemy') is missing!
The referenced script on this Behaviour (Game Object 'Enemy') is missing!
The referenced script on this Behaviour (Game Object 'Enemy') is missing!
The referenced script on this Behaviour (Game Object 'Enemy') is missing!
The referenced script on this Behaviour (Game Object 'Script') is missing!
The referenced script on this Behaviour (Game Object 'Script') is missing!
The referenced script on this Behaviour (Game Object 'Script') is missing!
The referenced script on this Behaviour (Game Object 'LevelFlowControlLevel1') is missing!
The referenced script on this Behaviour (Game Object 'LevelFlowControlLevel3') is missing!
The referenced script on this Behaviour (Game Object 'Script') is missing!
The referenced script on this Behaviour (Game Object 'Script') is missing!
The referenced script on this Behaviour (Game Object 'Script') is missing!
The referenced script on this Behaviour (Game Object 'Script') is missing!
The referenced script on this Behaviour (Game Object 'Script') is missing!
The referenced script on this Behaviour (Game Object 'Script') is missing!
The referenced script on this Behaviour (Game Object 'Script') is missing!
The referenced script on this Behaviour (Game Object 'Script') is missing!
The referenced script on this Behaviour (Game Object 'Script') is missing!
The referenced script on this Behaviour (Game Object 'Script') is missing!
The referenced script on this Behaviour (Game Object 'Script') is missing!
The referenced script on this Behaviour (Game Object 'Script') is missing!
The referenced script on this Behaviour (Game Object 'Script') is missing!
The referenced script on this Behaviour (Game Object 'Script') is missing!
The referenced script on this Behaviour (Game Object 'Script') is missing!
The referenced script on this Behaviour (Game Object 'Script') is missing!
The referenced script on this Behaviour (Game Object 'Script') is missing!
The referenced script on this Behaviour (Game Object 'Script') is missing!
The referenced script on this Behaviour (Game Object 'Script') is missing!
The referenced script on this Behaviour (Game Object 'Script') is missing!
The referenced script on this Behaviour (Game Object 'Script') is missing!
The referenced script on this Behaviour (Game Object 'Script') is missing!
The referenced script on this Behaviour (Game Object 'Script') is missing!
The referenced script on this Behaviour (Game Object 'Script') is missing!
The referenced script on this Behaviour (Game Object 'Script') is missing!
The referenced script on this Behaviour (Game Object 'Script') is missing!
The referenced script on this Behaviour (Game Object 'Script') is missing!
The referenced script on this Behaviour (Game Object 'Script') is missing!
The referenced script on this Behaviour (Game Object 'Script') is missing!
The referenced script on this Behaviour (Game Object 'Script') is missing!
The referenced script on this Behaviour (Game Object 'LevelFlowControlLevel0') is missing!
The referenced script on this Behaviour (Game Object 'Script') is missing!
The referenced script on this Behaviour (Game Object 'Script') is missing!
The referenced script on this Behaviour (Game Object 'Script') is missing!
The referenced script on this Behaviour (Game Object 'Script') is missing!
The referenced script on this Behaviour (Game Object 'Script') is missing!
The referenced script on this Behaviour (Game Object 'Script') is missing!
The referenced script on this Behaviour (Game Object 'Script') is missing!
The referenced script on this Behaviour (Game Object 'Script') is missing!
The referenced script on this Behaviour (Game Object 'Script') is missing!
The referenced script on this Behaviour (Game Object 'Script') is missing!
The referenced script on this Behaviour (Game Object 'Script') is missing!
The referenced script on this Behaviour (Game Object 'Script') is missing!
The referenced script on this Behaviour (Game Object 'Script') is missing!
The referenced script on this Behaviour (Game Object 'Script') is missing!
The referenced script on this Behaviour (Game Object 'Script') is missing!
The referenced script on this Behaviour (Game Object 'Script') is missing!
The referenced script on this Behaviour (Game Object 'Script') is missing!
The referenced script on this Behaviour (Game Object 'Script') is missing!
The referenced script on this Behaviour (Game Object 'LevelFlowControlLevel2') is missing!
The referenced script on this Behaviour (Game Object 'Script') is missing!
The referenced script on this Behaviour (Game Object 'Script') is missing!
The referenced script on this Behaviour (Game Object 'Script') is missing!
The referenced script on this Behaviour (Game Object 'Script') is missing!
The referenced script on this Behaviour (Game Object 'Script') is missing!
The referenced script on this Behaviour (Game Object 'Script') is missing!
The referenced script on this Behaviour (Game Object 'LevelFlowControlLevel4') is missing!
The referenced script on this Behaviour (Game Object 'Script') is missing!
The referenced script on this Behaviour (Game Object 'Script') is missing!
The referenced script on this Behaviour (Game Object 'Script') is missing!
The referenced script on this Behaviour (Game Object 'Script') is missing!
The referenced script on this Behaviour (Game Object 'Script') is missing!
The referenced script on this Behaviour (Game Object 'Script') is missing!
The referenced script on this Behaviour (Game Object 'Script') is missing!
The referenced script on this Behaviour (Game Object 'Script') is missing!
The referenced script on this Behaviour (Game Object 'Script') is missing!
The referenced script on this Behaviour (Game Object 'Script') is missing!
The referenced script on this Behaviour (Game Object 'Script') is missing!
The referenced script on this Behaviour (Game Object 'Script') is missing!
The referenced script on this Behaviour (Game Object 'Script') is missing!
The referenced script on this Behaviour (Game Object 'Script') is missing!
The referenced script on this Behaviour (Game Object 'Script') is missing!
The referenced script on this Behaviour (Game Object 'Enemy') is missing!
The referenced script on this Behaviour (Game Object 'Enemy') is missing!
The referenced script on this Behaviour (Game Object 'Enemy') is missing!
The referenced script on this Behaviour (Game Object 'Enemy') is missing!
The referenced script on this Behaviour (Game Object 'Script') is missing!
The referenced script on this Behaviour (Game Object 'Script') is missing!
The referenced script on this Behaviour (Game Object 'Script') is missing!
The referenced script on this Behaviour (Game Object 'Script') is missing!
The referenced script on this Behaviour (Game Object 'Script') is missing!
The referenced script on this Behaviour (Game Object 'Script') is missing!
The referenced script on this Behaviour (Game Object 'Script') is missing!
The referenced script on this Behaviour (Game Object 'Script') is missing!
The referenced script on this Behaviour (Game Object 'Script') is missing!
The referenced script on this Behaviour (Game Object 'Script') is missing!
The referenced script on this Behaviour (Game Object 'Script') is missing!
The referenced script on this Behaviour (Game Object 'Script') is missing!
The referenced script on this Behaviour (Game Object 'Script') is missing!
The referenced script on this Behaviour (Game Object 'Script') is missing!
The referenced script on this Behaviour (Game Object 'Script') is missing!
Unloading 19 Unused Serialized files (Serialized files now loaded: 0)
UnloadTime: 9.209700 ms

Unloading 207 unused Assets to reduce memory usage. Loaded Objects now: 30694.
Total: 12.414700 ms (FindLiveObjects: 0.741400 ms CreateObjectMapping: 0.272700 ms MarkObjects: 11.040600 ms  DeleteObjects: 0.359700 ms)

Shader warmup: 98 shaders 1474 combinations 0.002s
The referenced script on this Behaviour (Game Object 'Script') is missing!
The referenced script on this Behaviour (Game Object 'Script') is missing!
The referenced script on this Behaviour (Game Object 'Script') is missing!
The referenced script on this Behaviour (Game Object 'Enemy') is missing!
The referenced script on this Behaviour (Game Object 'Enemy') is missing!
The referenced script on this Behaviour (Game Object 'Enemy') is missing!
The referenced script on this Behaviour (Game Object 'Enemy') is missing!
The referenced script on this Behaviour (Game Object 'Script') is missing!
The referenced script on this Behaviour (Game Object 'Script') is missing!
The referenced script on this Behaviour (Game Object 'Script') is missing!
The referenced script on this Behaviour (Game Object 'LevelFlowControlLevel1') is missing!
The referenced script on this Behaviour (Game Object 'LevelFlowControlLevel3') is missing!
The referenced script on this Behaviour (Game Object 'Script') is missing!
The referenced script on this Behaviour (Game Object 'Script') is missing!
The referenced script on this Behaviour (Game Object 'Script') is missing!
The referenced script on this Behaviour (Game Object 'Script') is missing!
The referenced script on this Behaviour (Game Object 'Script') is missing!
The referenced script on this Behaviour (Game Object 'Script') is missing!
The referenced script on this Behaviour (Game Object 'Script') is missing!
The referenced script on this Behaviour (Game Object 'Script') is missing!
The referenced script on this Behaviour (Game Object 'Script') is missing!
The referenced script on this Behaviour (Game Object 'Script') is missing!
The referenced script on this Behaviour (Game Object 'Script') is missing!
The referenced script on this Behaviour (Game Object 'Script') is missing!
The referenced script on this Behaviour (Game Object 'Script') is missing!
The referenced script on this Behaviour (Game Object 'Script') is missing!
The referenced script on this Behaviour (Game Object 'Script') is missing!
The referenced script on this Behaviour (Game Object 'Script') is missing!
The referenced script on this Behaviour (Game Object 'Script') is missing!
The referenced script on this Behaviour (Game Object 'Script') is missing!
The referenced script on this Behaviour (Game Object 'Script') is missing!
The referenced script on this Behaviour (Game Object 'Script') is missing!
The referenced script on this Behaviour (Game Object 'Script') is missing!
The referenced script on this Behaviour (Game Object 'Script') is missing!
The referenced script on this Behaviour (Game Object 'Script') is missing!
The referenced script on this Behaviour (Game Object 'Script') is missing!
The referenced script on this Behaviour (Game Object 'Script') is missing!
The referenced script on this Behaviour (Game Object 'Script') is missing!
The referenced script on this Behaviour (Game Object 'Script') is missing!
The referenced script on this Behaviour (Game Object 'Script') is missing!
The referenced script on this Behaviour (Game Object 'Script') is missing!
The referenced script on this Behaviour (Game Object 'Script') is missing!
The referenced script on this Behaviour (Game Object 'LevelFlowControlLevel0') is missing!
The referenced script on this Behaviour (Game Object 'Script') is missing!
The referenced script on this Behaviour (Game Object 'Script') is missing!
The referenced script on this Behaviour (Game Object 'Script') is missing!
The referenced script on this Behaviour (Game Object 'Script') is missing!
The referenced script on this Behaviour (Game Object 'Script') is missing!
The referenced script on this Behaviour (Game Object 'Script') is missing!
The referenced script on this Behaviour (Game Object 'Script') is missing!
The referenced script on this Behaviour (Game Object 'Script') is missing!
The referenced script on this Behaviour (Game Object 'Script') is missing!
The referenced script on this Behaviour (Game Object 'Script') is missing!
The referenced script on this Behaviour (Game Object 'Script') is missing!
The referenced script on this Behaviour (Game Object 'Script') is missing!
The referenced script on this Behaviour (Game Object 'Script') is missing!
The referenced script on this Behaviour (Game Object 'Script') is missing!
The referenced script on this Behaviour (Game Object 'Script') is missing!
The referenced script on this Behaviour (Game Object 'Script') is missing!
The referenced script on this Behaviour (Game Object 'Script') is missing!
The referenced script on this Behaviour (Game Object 'Script') is missing!
The referenced script on this Behaviour (Game Object 'LevelFlowControlLevel2') is missing!
The referenced script on this Behaviour (Game Object 'Script') is missing!
The referenced script on this Behaviour (Game Object 'Script') is missing!
The referenced script on this Behaviour (Game Object 'Script') is missing!
The referenced script on this Behaviour (Game Object 'Script') is missing!
The referenced script on this Behaviour (Game Object 'Script') is missing!
The referenced script on this Behaviour (Game Object 'Script') is missing!
The referenced script on this Behaviour (Game Object 'LevelFlowControlLevel4') is missing!
The referenced script on this Behaviour (Game Object 'Script') is missing!
The referenced script on this Behaviour (Game Object 'Script') is missing!
The referenced script on this Behaviour (Game Object 'Script') is missing!
The referenced script on this Behaviour (Game Object 'Script') is missing!
The referenced script on this Behaviour (Game Object 'Script') is missing!
The referenced script on this Behaviour (Game Object 'Script') is missing!
The referenced script on this Behaviour (Game Object 'Script') is missing!
The referenced script on this Behaviour (Game Object 'Script') is missing!
The referenced script on this Behaviour (Game Object 'Script') is missing!
The referenced script on this Behaviour (Game Object 'Script') is missing!
The referenced script on this Behaviour (Game Object 'Script') is missing!
The referenced script on this Behaviour (Game Object 'Script') is missing!
The referenced script on this Behaviour (Game Object 'Script') is missing!
The referenced script on this Behaviour (Game Object 'Script') is missing!
The referenced script on this Behaviour (Game Object 'Script') is missing!
The referenced script on this Behaviour (Game Object 'Enemy') is missing!
The referenced script on this Behaviour (Game Object 'Enemy') is missing!
The referenced script on this Behaviour (Game Object 'Enemy') is missing!
The referenced script on this Behaviour (Game Object 'Enemy') is missing!
The referenced script on this Behaviour (Game Object 'Script') is missing!
The referenced script on this Behaviour (Game Object 'Script') is missing!
The referenced script on this Behaviour (Game Object 'Script') is missing!
The referenced script on this Behaviour (Game Object 'Script') is missing!
The referenced script on this Behaviour (Game Object 'Script') is missing!
The referenced script on this Behaviour (Game Object 'Script') is missing!
The referenced script on this Behaviour (Game Object 'Script') is missing!
The referenced script on this Behaviour (Game Object 'Script') is missing!
The referenced script on this Behaviour (Game Object 'Script') is missing!
The referenced script on this Behaviour (Game Object 'Script') is missing!
The referenced script on this Behaviour (Game Object 'Script') is missing!
The referenced script on this Behaviour (Game Object 'Script') is missing!
The referenced script on this Behaviour (Game Object 'Script') is missing!
The referenced script on this Behaviour (Game Object 'Script') is missing!
The referenced script on this Behaviour (Game Object 'Script') is missing!
Unloading 19 Unused Serialized files (Serialized files now loaded: 0)
UnloadTime: 8.836100 ms

Unloading 207 unused Assets to reduce memory usage. Loaded Objects now: 30730.
Total: 12.486600 ms (FindLiveObjects: 0.768400 ms CreateObjectMapping: 0.264400 ms MarkObjects: 11.094800 ms  DeleteObjects: 0.358300 ms)

Shader warmup: 98 shaders 1474 combinations 0.002s
The referenced script on this Behaviour (Game Object 'Script') is missing!
The referenced script on this Behaviour (Game Object 'Script') is missing!
The referenced script on this Behaviour (Game Object 'Script') is missing!
The referenced script on this Behaviour (Game Object 'Enemy') is missing!
The referenced script on this Behaviour (Game Object 'Enemy') is missing!
The referenced script on this Behaviour (Game Object 'Enemy') is missing!
The referenced script on this Behaviour (Game Object 'Enemy') is missing!
The referenced script on this Behaviour (Game Object 'Script') is missing!
The referenced script on this Behaviour (Game Object 'Script') is missing!
The referenced script on this Behaviour (Game Object 'Script') is missing!
The referenced script on this Behaviour (Game Object 'LevelFlowControlLevel1') is missing!
The referenced script on this Behaviour (Game Object 'LevelFlowControlLevel3') is missing!
The referenced script on this Behaviour (Game Object 'Script') is missing!
The referenced script on this Behaviour (Game Object 'Script') is missing!
The referenced script on this Behaviour (Game Object 'Script') is missing!
The referenced script on this Behaviour (Game Object 'Script') is missing!
The referenced script on this Behaviour (Game Object 'Script') is missing!
The referenced script on this Behaviour (Game Object 'Script') is missing!
The referenced script on this Behaviour (Game Object 'Script') is missing!
The referenced script on this Behaviour (Game Object 'Script') is missing!
The referenced script on this Behaviour (Game Object 'Script') is missing!
The referenced script on this Behaviour (Game Object 'Script') is missing!
The referenced script on this Behaviour (Game Object 'Script') is missing!
The referenced script on this Behaviour (Game Object 'Script') is missing!
The referenced script on this Behaviour (Game Object 'Script') is missing!
The referenced script on this Behaviour (Game Object 'Script') is missing!
The referenced script on this Behaviour (Game Object 'Script') is missing!
The referenced script on this Behaviour (Game Object 'Script') is missing!
The referenced script on this Behaviour (Game Object 'Script') is missing!
The referenced script on this Behaviour (Game Object 'Script') is missing!
The referenced script on this Behaviour (Game Object 'Script') is missing!
The referenced script on this Behaviour (Game Object 'Script') is missing!
The referenced script on this Behaviour (Game Object 'Script') is missing!
The referenced script on this Behaviour (Game Object 'Script') is missing!
The referenced script on this Behaviour (Game Object 'Script') is missing!
The referenced script on this Behaviour (Game Object 'Script') is missing!
The referenced script on this Behaviour (Game Object 'Script') is missing!
The referenced script on this Behaviour (Game Object 'Script') is missing!
The referenced script on this Behaviour (Game Object 'Script') is missing!
The referenced script on this Behaviour (Game Object 'Script') is missing!
The referenced script on this Behaviour (Game Object 'Script') is missing!
The referenced script on this Behaviour (Game Object 'Script') is missing!
The referenced script on this Behaviour (Game Object 'LevelFlowControlLevel0') is missing!
The referenced script on this Behaviour (Game Object 'Script') is missing!
The referenced script on this Behaviour (Game Object 'Script') is missing!
The referenced script on this Behaviour (Game Object 'Script') is missing!
The referenced script on this Behaviour (Game Object 'Script') is missing!
The referenced script on this Behaviour (Game Object 'Script') is missing!
The referenced script on this Behaviour (Game Object 'Script') is missing!
The referenced script on this Behaviour (Game Object 'Script') is missing!
The referenced script on this Behaviour (Game Object 'Script') is missing!
The referenced script on this Behaviour (Game Object 'Script') is missing!
The referenced script on this Behaviour (Game Object 'Script') is missing!
The referenced script on this Behaviour (Game Object 'Script') is missing!
The referenced script on this Behaviour (Game Object 'Script') is missing!
The referenced script on this Behaviour (Game Object 'Script') is missing!
The referenced script on this Behaviour (Game Object 'Script') is missing!
The referenced script on this Behaviour (Game Object 'Script') is missing!
The referenced script on this Behaviour (Game Object 'Script') is missing!
The referenced script on this Behaviour (Game Object 'Script') is missing!
The referenced script on this Behaviour (Game Object 'Script') is missing!
The referenced script on this Behaviour (Game Object 'LevelFlowControlLevel2') is missing!
The referenced script on this Behaviour (Game Object 'Script') is missing!
The referenced script on this Behaviour (Game Object 'Script') is missing!
The referenced script on this Behaviour (Game Object 'Script') is missing!
The referenced script on this Behaviour (Game Object 'Script') is missing!
The referenced script on this Behaviour (Game Object 'Script') is missing!
The referenced script on this Behaviour (Game Object 'Script') is missing!
The referenced script on this Behaviour (Game Object 'LevelFlowControlLevel4') is missing!
The referenced script on this Behaviour (Game Object 'Script') is missing!
The referenced script on this Behaviour (Game Object 'Script') is missing!
The referenced script on this Behaviour (Game Object 'Script') is missing!
The referenced script on this Behaviour (Game Object 'Script') is missing!
The referenced script on this Behaviour (Game Object 'Script') is missing!
The referenced script on this Behaviour (Game Object 'Script') is missing!
The referenced script on this Behaviour (Game Object 'Script') is missing!
The referenced script on this Behaviour (Game Object 'Script') is missing!
The referenced script on this Behaviour (Game Object 'Script') is missing!
The referenced script on this Behaviour (Game Object 'Script') is missing!
The referenced script on this Behaviour (Game Object 'Script') is missing!
The referenced script on this Behaviour (Game Object 'Script') is missing!
The referenced script on this Behaviour (Game Object 'Script') is missing!
The referenced script on this Behaviour (Game Object 'Script') is missing!
The referenced script on this Behaviour (Game Object 'Script') is missing!
The referenced script on this Behaviour (Game Object 'Enemy') is missing!
The referenced script on this Behaviour (Game Object 'Enemy') is missing!
The referenced script on this Behaviour (Game Object 'Enemy') is missing!
The referenced script on this Behaviour (Game Object 'Enemy') is missing!
The referenced script on this Behaviour (Game Object 'Script') is missing!
The referenced script on this Behaviour (Game Object 'Script') is missing!
The referenced script on this Behaviour (Game Object 'Script') is missing!
The referenced script on this Behaviour (Game Object 'Script') is missing!
The referenced script on this Behaviour (Game Object 'Script') is missing!
The referenced script on this Behaviour (Game Object 'Script') is missing!
The referenced script on this Behaviour (Game Object 'Script') is missing!
The referenced script on this Behaviour (Game Object 'Script') is missing!
The referenced script on this Behaviour (Game Object 'Script') is missing!
The referenced script on this Behaviour (Game Object 'Script') is missing!
The referenced script on this Behaviour (Game Object 'Script') is missing!
The referenced script on this Behaviour (Game Object 'Script') is missing!
The referenced script on this Behaviour (Game Object 'Script') is missing!
The referenced script on this Behaviour (Game Object 'Script') is missing!
The referenced script on this Behaviour (Game Object 'Script') is missing!
Unloading 19 Unused Serialized files (Serialized files now loaded: 0)
UnloadTime: 7.435900 ms

Unloading 268 unused Assets to reduce memory usage. Loaded Objects now: 30768.
Total: 15.214700 ms (FindLiveObjects: 0.883100 ms CreateObjectMapping: 0.480000 ms MarkObjects: 13.491400 ms  DeleteObjects: 0.360000 ms)

Shader warmup: 98 shaders 1474 combinations 0.003s
The referenced script on this Behaviour (Game Object 'Script') is missing!
The referenced script on this Behaviour (Game Object 'Script') is missing!
The referenced script on this Behaviour (Game Object 'Script') is missing!
The referenced script on this Behaviour (Game Object 'Enemy') is missing!
The referenced script on this Behaviour (Game Object 'Enemy') is missing!
The referenced script on this Behaviour (Game Object 'Enemy') is missing!
The referenced script on this Behaviour (Game Object 'Enemy') is missing!
The referenced script on this Behaviour (Game Object 'Script') is missing!
The referenced script on this Behaviour (Game Object 'Script') is missing!
The referenced script on this Behaviour (Game Object 'Script') is missing!
The referenced script on this Behaviour (Game Object 'LevelFlowControlLevel1') is missing!
The referenced script on this Behaviour (Game Object 'LevelFlowControlLevel3') is missing!
The referenced script on this Behaviour (Game Object 'Script') is missing!
The referenced script on this Behaviour (Game Object 'Script') is missing!
The referenced script on this Behaviour (Game Object 'Script') is missing!
The referenced script on this Behaviour (Game Object 'Script') is missing!
The referenced script on this Behaviour (Game Object 'Script') is missing!
The referenced script on this Behaviour (Game Object 'Script') is missing!
The referenced script on this Behaviour (Game Object 'Script') is missing!
The referenced script on this Behaviour (Game Object 'Script') is missing!
The referenced script on this Behaviour (Game Object 'Script') is missing!
The referenced script on this Behaviour (Game Object 'Script') is missing!
The referenced script on this Behaviour (Game Object 'Script') is missing!
The referenced script on this Behaviour (Game Object 'Script') is missing!
The referenced script on this Behaviour (Game Object 'Script') is missing!
The referenced script on this Behaviour (Game Object 'Script') is missing!
The referenced script on this Behaviour (Game Object 'Script') is missing!
The referenced script on this Behaviour (Game Object 'Script') is missing!
The referenced script on this Behaviour (Game Object 'Script') is missing!
The referenced script on this Behaviour (Game Object 'Script') is missing!
The referenced script on this Behaviour (Game Object 'Script') is missing!
The referenced script on this Behaviour (Game Object 'Script') is missing!
The referenced script on this Behaviour (Game Object 'Script') is missing!
The referenced script on this Behaviour (Game Object 'Script') is missing!
The referenced script on this Behaviour (Game Object 'Script') is missing!
The referenced script on this Behaviour (Game Object 'Script') is missing!
The referenced script on this Behaviour (Game Object 'Script') is missing!
The referenced script on this Behaviour (Game Object 'Script') is missing!
The referenced script on this Behaviour (Game Object 'Script') is missing!
The referenced script on this Behaviour (Game Object 'Script') is missing!
The referenced script on this Behaviour (Game Object 'Script') is missing!
The referenced script on this Behaviour (Game Object 'Script') is missing!
The referenced script on this Behaviour (Game Object 'LevelFlowControlLevel0') is missing!
The referenced script on this Behaviour (Game Object 'Script') is missing!
The referenced script on this Behaviour (Game Object 'Script') is missing!
The referenced script on this Behaviour (Game Object 'Script') is missing!
The referenced script on this Behaviour (Game Object 'Script') is missing!
The referenced script on this Behaviour (Game Object 'Script') is missing!
The referenced script on this Behaviour (Game Object 'Script') is missing!
The referenced script on this Behaviour (Game Object 'Script') is missing!
The referenced script on this Behaviour (Game Object 'Script') is missing!
The referenced script on this Behaviour (Game Object 'Script') is missing!
The referenced script on this Behaviour (Game Object 'Script') is missing!
The referenced script on this Behaviour (Game Object 'Script') is missing!
The referenced script on this Behaviour (Game Object 'Script') is missing!
The referenced script on this Behaviour (Game Object 'Script') is missing!
The referenced script on this Behaviour (Game Object 'Script') is missing!
The referenced script on this Behaviour (Game Object 'Script') is missing!
The referenced script on this Behaviour (Game Object 'Script') is missing!
The referenced script on this Behaviour (Game Object 'Script') is missing!
The referenced script on this Behaviour (Game Object 'Script') is missing!
The referenced script on this Behaviour (Game Object 'LevelFlowControlLevel2') is missing!
The referenced script on this Behaviour (Game Object 'Script') is missing!
The referenced script on this Behaviour (Game Object 'Script') is missing!
The referenced script on this Behaviour (Game Object 'Script') is missing!
The referenced script on this Behaviour (Game Object 'Script') is missing!
The referenced script on this Behaviour (Game Object 'Script') is missing!
The referenced script on this Behaviour (Game Object 'Script') is missing!
The referenced script on this Behaviour (Game Object 'LevelFlowControlLevel4') is missing!
The referenced script on this Behaviour (Game Object 'Script') is missing!
The referenced script on this Behaviour (Game Object 'Script') is missing!
The referenced script on this Behaviour (Game Object 'Script') is missing!
The referenced script on this Behaviour (Game Object 'Script') is missing!
The referenced script on this Behaviour (Game Object 'Script') is missing!
The referenced script on this Behaviour (Game Object 'Script') is missing!
The referenced script on this Behaviour (Game Object 'Script') is missing!
The referenced script on this Behaviour (Game Object 'Script') is missing!
The referenced script on this Behaviour (Game Object 'Script') is missing!
The referenced script on this Behaviour (Game Object 'Script') is missing!
The referenced script on this Behaviour (Game Object 'Script') is missing!
The referenced script on this Behaviour (Game Object 'Script') is missing!
The referenced script on this Behaviour (Game Object 'Script') is missing!
The referenced script on this Behaviour (Game Object 'Script') is missing!
The referenced script on this Behaviour (Game Object 'Script') is missing!
The referenced script on this Behaviour (Game Object 'Enemy') is missing!
The referenced script on this Behaviour (Game Object 'Enemy') is missing!
The referenced script on this Behaviour (Game Object 'Enemy') is missing!
The referenced script on this Behaviour (Game Object 'Enemy') is missing!
The referenced script on this Behaviour (Game Object 'Script') is missing!
The referenced script on this Behaviour (Game Object 'Script') is missing!
The referenced script on this Behaviour (Game Object 'Script') is missing!
The referenced script on this Behaviour (Game Object 'Script') is missing!
The referenced script on this Behaviour (Game Object 'Script') is missing!
The referenced script on this Behaviour (Game Object 'Script') is missing!
The referenced script on this Behaviour (Game Object 'Script') is missing!
The referenced script on this Behaviour (Game Object 'Script') is missing!
The referenced script on this Behaviour (Game Object 'Script') is missing!
The referenced script on this Behaviour (Game Object 'Script') is missing!
The referenced script on this Behaviour (Game Object 'Script') is missing!
The referenced script on this Behaviour (Game Object 'Script') is missing!
The referenced script on this Behaviour (Game Object 'Script') is missing!
The referenced script on this Behaviour (Game Object 'Script') is missing!
The referenced script on this Behaviour (Game Object 'Script') is missing!
Unloading 19 Unused Serialized files (Serialized files now loaded: 0)
UnloadTime: 11.144400 ms

Unloading 274 unused Assets to reduce memory usage. Loaded Objects now: 30804.
Total: 12.944200 ms (FindLiveObjects: 1.092900 ms CreateObjectMapping: 0.465700 ms MarkObjects: 10.793800 ms  DeleteObjects: 0.591500 ms)

Shader warmup: 98 shaders 1474 combinations 0.003s
The referenced script on this Behaviour (Game Object 'Script') is missing!
The referenced script on this Behaviour (Game Object 'Script') is missing!
The referenced script on this Behaviour (Game Object 'Script') is missing!
The referenced script on this Behaviour (Game Object 'Enemy') is missing!
The referenced script on this Behaviour (Game Object 'Enemy') is missing!
The referenced script on this Behaviour (Game Object 'Enemy') is missing!
The referenced script on this Behaviour (Game Object 'Enemy') is missing!
The referenced script on this Behaviour (Game Object 'Script') is missing!
The referenced script on this Behaviour (Game Object 'Script') is missing!
The referenced script on this Behaviour (Game Object 'Script') is missing!
The referenced script on this Behaviour (Game Object 'LevelFlowControlLevel1') is missing!
The referenced script on this Behaviour (Game Object 'LevelFlowControlLevel3') is missing!
The referenced script on this Behaviour (Game Object 'Script') is missing!
The referenced script on this Behaviour (Game Object 'Script') is missing!
The referenced script on this Behaviour (Game Object 'Script') is missing!
The referenced script on this Behaviour (Game Object 'Script') is missing!
The referenced script on this Behaviour (Game Object 'Script') is missing!
The referenced script on this Behaviour (Game Object 'Script') is missing!
The referenced script on this Behaviour (Game Object 'Script') is missing!
The referenced script on this Behaviour (Game Object 'Script') is missing!
The referenced script on this Behaviour (Game Object 'Script') is missing!
The referenced script on this Behaviour (Game Object 'Script') is missing!
The referenced script on this Behaviour (Game Object 'Script') is missing!
The referenced script on this Behaviour (Game Object 'Script') is missing!
The referenced script on this Behaviour (Game Object 'Script') is missing!
The referenced script on this Behaviour (Game Object 'Script') is missing!
The referenced script on this Behaviour (Game Object 'Script') is missing!
The referenced script on this Behaviour (Game Object 'Script') is missing!
The referenced script on this Behaviour (Game Object 'Script') is missing!
The referenced script on this Behaviour (Game Object 'Script') is missing!
The referenced script on this Behaviour (Game Object 'Script') is missing!
The referenced script on this Behaviour (Game Object 'Script') is missing!
The referenced script on this Behaviour (Game Object 'Script') is missing!
The referenced script on this Behaviour (Game Object 'Script') is missing!
The referenced script on this Behaviour (Game Object 'Script') is missing!
The referenced script on this Behaviour (Game Object 'Script') is missing!
The referenced script on this Behaviour (Game Object 'Script') is missing!
The referenced script on this Behaviour (Game Object 'Script') is missing!
The referenced script on this Behaviour (Game Object 'Script') is missing!
The referenced script on this Behaviour (Game Object 'Script') is missing!
The referenced script on this Behaviour (Game Object 'Script') is missing!
The referenced script on this Behaviour (Game Object 'Script') is missing!
The referenced script on this Behaviour (Game Object 'LevelFlowControlLevel0') is missing!
The referenced script on this Behaviour (Game Object 'Script') is missing!
The referenced script on this Behaviour (Game Object 'Script') is missing!
The referenced script on this Behaviour (Game Object 'Script') is missing!
The referenced script on this Behaviour (Game Object 'Script') is missing!
The referenced script on this Behaviour (Game Object 'Script') is missing!
The referenced script on this Behaviour (Game Object 'Script') is missing!
The referenced script on this Behaviour (Game Object 'Script') is missing!
The referenced script on this Behaviour (Game Object 'Script') is missing!
The referenced script on this Behaviour (Game Object 'Script') is missing!
The referenced script on this Behaviour (Game Object 'Script') is missing!
The referenced script on this Behaviour (Game Object 'Script') is missing!
The referenced script on this Behaviour (Game Object 'Script') is missing!
The referenced script on this Behaviour (Game Object 'Script') is missing!
The referenced script on this Behaviour (Game Object 'Script') is missing!
The referenced script on this Behaviour (Game Object 'Script') is missing!
The referenced script on this Behaviour (Game Object 'Script') is missing!
The referenced script on this Behaviour (Game Object 'Script') is missing!
The referenced script on this Behaviour (Game Object 'Script') is missing!
The referenced script on this Behaviour (Game Object 'LevelFlowControlLevel2') is missing!
The referenced script on this Behaviour (Game Object 'Script') is missing!
The referenced script on this Behaviour (Game Object 'Script') is missing!
The referenced script on this Behaviour (Game Object 'Script') is missing!
The referenced script on this Behaviour (Game Object 'Script') is missing!
The referenced script on this Behaviour (Game Object 'Script') is missing!
The referenced script on this Behaviour (Game Object 'Script') is missing!
The referenced script on this Behaviour (Game Object 'LevelFlowControlLevel4') is missing!
The referenced script on this Behaviour (Game Object 'Script') is missing!
The referenced script on this Behaviour (Game Object 'Script') is missing!
The referenced script on this Behaviour (Game Object 'Script') is missing!
The referenced script on this Behaviour (Game Object 'Script') is missing!
The referenced script on this Behaviour (Game Object 'Script') is missing!
The referenced script on this Behaviour (Game Object 'Script') is missing!
The referenced script on this Behaviour (Game Object 'Script') is missing!
The referenced script on this Behaviour (Game Object 'Script') is missing!
The referenced script on this Behaviour (Game Object 'Script') is missing!
The referenced script on this Behaviour (Game Object 'Script') is missing!
The referenced script on this Behaviour (Game Object 'Script') is missing!
The referenced script on this Behaviour (Game Object 'Script') is missing!
The referenced script on this Behaviour (Game Object 'Script') is missing!
The referenced script on this Behaviour (Game Object 'Script') is missing!
The referenced script on this Behaviour (Game Object 'Script') is missing!
The referenced script on this Behaviour (Game Object 'Enemy') is missing!
The referenced script on this Behaviour (Game Object 'Enemy') is missing!
The referenced script on this Behaviour (Game Object 'Enemy') is missing!
The referenced script on this Behaviour (Game Object 'Enemy') is missing!
The referenced script on this Behaviour (Game Object 'Script') is missing!
The referenced script on this Behaviour (Game Object 'Script') is missing!
The referenced script on this Behaviour (Game Object 'Script') is missing!
The referenced script on this Behaviour (Game Object 'Script') is missing!
The referenced script on this Behaviour (Game Object 'Script') is missing!
The referenced script on this Behaviour (Game Object 'Script') is missing!
The referenced script on this Behaviour (Game Object 'Script') is missing!
The referenced script on this Behaviour (Game Object 'Script') is missing!
The referenced script on this Behaviour (Game Object 'Script') is missing!
The referenced script on this Behaviour (Game Object 'Script') is missing!
The referenced script on this Behaviour (Game Object 'Script') is missing!
The referenced script on this Behaviour (Game Object 'Script') is missing!
The referenced script on this Behaviour (Game Object 'Script') is missing!
The referenced script on this Behaviour (Game Object 'Script') is missing!
The referenced script on this Behaviour (Game Object 'Script') is missing!
Unloading 19 Unused Serialized files (Serialized files now loaded: 0)
UnloadTime: 12.076400 ms

Unloading 286 unused Assets to reduce memory usage. Loaded Objects now: 30842.
Total: 11.823600 ms (FindLiveObjects: 0.772500 ms CreateObjectMapping: 0.379900 ms MarkObjects: 9.960800 ms  DeleteObjects: 0.709900 ms)

Shader warmup: 98 shaders 1474 combinations 0.003s
The referenced script on this Behaviour (Game Object 'Script') is missing!
The referenced script on this Behaviour (Game Object 'Script') is missing!
The referenced script on this Behaviour (Game Object 'Script') is missing!
The referenced script on this Behaviour (Game Object 'Enemy') is missing!
The referenced script on this Behaviour (Game Object 'Enemy') is missing!
The referenced script on this Behaviour (Game Object 'Enemy') is missing!
The referenced script on this Behaviour (Game Object 'Enemy') is missing!
The referenced script on this Behaviour (Game Object 'Script') is missing!
The referenced script on this Behaviour (Game Object 'Script') is missing!
The referenced script on this Behaviour (Game Object 'Script') is missing!
The referenced script on this Behaviour (Game Object 'LevelFlowControlLevel1') is missing!
The referenced script on this Behaviour (Game Object 'LevelFlowControlLevel3') is missing!
The referenced script on this Behaviour (Game Object 'Script') is missing!
The referenced script on this Behaviour (Game Object 'Script') is missing!
The referenced script on this Behaviour (Game Object 'Script') is missing!
The referenced script on this Behaviour (Game Object 'Script') is missing!
The referenced script on this Behaviour (Game Object 'Script') is missing!
The referenced script on this Behaviour (Game Object 'Script') is missing!
The referenced script on this Behaviour (Game Object 'Script') is missing!
The referenced script on this Behaviour (Game Object 'Script') is missing!
The referenced script on this Behaviour (Game Object 'Script') is missing!
The referenced script on this Behaviour (Game Object 'Script') is missing!
The referenced script on this Behaviour (Game Object 'Script') is missing!
The referenced script on this Behaviour (Game Object 'Script') is missing!
The referenced script on this Behaviour (Game Object 'Script') is missing!
The referenced script on this Behaviour (Game Object 'Script') is missing!
The referenced script on this Behaviour (Game Object 'Script') is missing!
The referenced script on this Behaviour (Game Object 'Script') is missing!
The referenced script on this Behaviour (Game Object 'Script') is missing!
The referenced script on this Behaviour (Game Object 'Script') is missing!
The referenced script on this Behaviour (Game Object 'Script') is missing!
The referenced script on this Behaviour (Game Object 'Script') is missing!
The referenced script on this Behaviour (Game Object 'Script') is missing!
The referenced script on this Behaviour (Game Object 'Script') is missing!
The referenced script on this Behaviour (Game Object 'Script') is missing!
The referenced script on this Behaviour (Game Object 'Script') is missing!
The referenced script on this Behaviour (Game Object 'Script') is missing!
The referenced script on this Behaviour (Game Object 'Script') is missing!
The referenced script on this Behaviour (Game Object 'Script') is missing!
The referenced script on this Behaviour (Game Object 'Script') is missing!
The referenced script on this Behaviour (Game Object 'Script') is missing!
The referenced script on this Behaviour (Game Object 'Script') is missing!
The referenced script on this Behaviour (Game Object 'LevelFlowControlLevel0') is missing!
The referenced script on this Behaviour (Game Object 'Script') is missing!
The referenced script on this Behaviour (Game Object 'Script') is missing!
The referenced script on this Behaviour (Game Object 'Script') is missing!
The referenced script on this Behaviour (Game Object 'Script') is missing!
The referenced script on this Behaviour (Game Object 'Script') is missing!
The referenced script on this Behaviour (Game Object 'Script') is missing!
The referenced script on this Behaviour (Game Object 'Script') is missing!
The referenced script on this Behaviour (Game Object 'Script') is missing!
The referenced script on this Behaviour (Game Object 'Script') is missing!
The referenced script on this Behaviour (Game Object 'Script') is missing!
The referenced script on this Behaviour (Game Object 'Script') is missing!
The referenced script on this Behaviour (Game Object 'Script') is missing!
The referenced script on this Behaviour (Game Object 'Script') is missing!
The referenced script on this Behaviour (Game Object 'Script') is missing!
The referenced script on this Behaviour (Game Object 'Script') is missing!
The referenced script on this Behaviour (Game Object 'Script') is missing!
The referenced script on this Behaviour (Game Object 'Script') is missing!
The referenced script on this Behaviour (Game Object 'Script') is missing!
The referenced script on this Behaviour (Game Object 'LevelFlowControlLevel2') is missing!
The referenced script on this Behaviour (Game Object 'Script') is missing!
The referenced script on this Behaviour (Game Object 'Script') is missing!
The referenced script on this Behaviour (Game Object 'Script') is missing!
The referenced script on this Behaviour (Game Object 'Script') is missing!
The referenced script on this Behaviour (Game Object 'Script') is missing!
The referenced script on this Behaviour (Game Object 'Script') is missing!
The referenced script on this Behaviour (Game Object 'LevelFlowControlLevel4') is missing!
The referenced script on this Behaviour (Game Object 'Script') is missing!
The referenced script on this Behaviour (Game Object 'Script') is missing!
The referenced script on this Behaviour (Game Object 'Script') is missing!
The referenced script on this Behaviour (Game Object 'Script') is missing!
The referenced script on this Behaviour (Game Object 'Script') is missing!
The referenced script on this Behaviour (Game Object 'Script') is missing!
The referenced script on this Behaviour (Game Object 'Script') is missing!
The referenced script on this Behaviour (Game Object 'Script') is missing!
The referenced script on this Behaviour (Game Object 'Script') is missing!
The referenced script on this Behaviour (Game Object 'Script') is missing!
The referenced script on this Behaviour (Game Object 'Script') is missing!
The referenced script on this Behaviour (Game Object 'Script') is missing!
The referenced script on this Behaviour (Game Object 'Script') is missing!
The referenced script on this Behaviour (Game Object 'Script') is missing!
The referenced script on this Behaviour (Game Object 'Script') is missing!
The referenced script on this Behaviour (Game Object 'Enemy') is missing!
The referenced script on this Behaviour (Game Object 'Enemy') is missing!
The referenced script on this Behaviour (Game Object 'Enemy') is missing!
The referenced script on this Behaviour (Game Object 'Enemy') is missing!
The referenced script on this Behaviour (Game Object 'Script') is missing!
The referenced script on this Behaviour (Game Object 'Script') is missing!
The referenced script on this Behaviour (Game Object 'Script') is missing!
The referenced script on this Behaviour (Game Object 'Script') is missing!
The referenced script on this Behaviour (Game Object 'Script') is missing!
The referenced script on this Behaviour (Game Object 'Script') is missing!
The referenced script on this Behaviour (Game Object 'Script') is missing!
The referenced script on this Behaviour (Game Object 'Script') is missing!
The referenced script on this Behaviour (Game Object 'Script') is missing!
The referenced script on this Behaviour (Game Object 'Script') is missing!
The referenced script on this Behaviour (Game Object 'Script') is missing!
The referenced script on this Behaviour (Game Object 'Script') is missing!
The referenced script on this Behaviour (Game Object 'Script') is missing!
The referenced script on this Behaviour (Game Object 'Script') is missing!
The referenced script on this Behaviour (Game Object 'Script') is missing!
Unloading 19 Unused Serialized files (Serialized files now loaded: 0)
UnloadTime: 9.256200 ms

Unloading 266 unused Assets to reduce memory usage. Loaded Objects now: 30878.
Total: 11.698000 ms (FindLiveObjects: 0.743200 ms CreateObjectMapping: 0.257700 ms MarkObjects: 10.255900 ms  DeleteObjects: 0.440800 ms)

Shader warmup: 98 shaders 1474 combinations 0.002s
The referenced script on this Behaviour (Game Object 'Script') is missing!
The referenced script on this Behaviour (Game Object 'Script') is missing!
The referenced script on this Behaviour (Game Object 'Script') is missing!
The referenced script on this Behaviour (Game Object 'Enemy') is missing!
The referenced script on this Behaviour (Game Object 'Enemy') is missing!
The referenced script on this Behaviour (Game Object 'Enemy') is missing!
The referenced script on this Behaviour (Game Object 'Enemy') is missing!
The referenced script on this Behaviour (Game Object 'Script') is missing!
The referenced script on this Behaviour (Game Object 'Script') is missing!
The referenced script on this Behaviour (Game Object 'Script') is missing!
The referenced script on this Behaviour (Game Object 'LevelFlowControlLevel1') is missing!
The referenced script on this Behaviour (Game Object 'LevelFlowControlLevel3') is missing!
The referenced script on this Behaviour (Game Object 'Script') is missing!
The referenced script on this Behaviour (Game Object 'Script') is missing!
The referenced script on this Behaviour (Game Object 'Script') is missing!
The referenced script on this Behaviour (Game Object 'Script') is missing!
The referenced script on this Behaviour (Game Object 'Script') is missing!
The referenced script on this Behaviour (Game Object 'Script') is missing!
The referenced script on this Behaviour (Game Object 'Script') is missing!
The referenced script on this Behaviour (Game Object 'Script') is missing!
The referenced script on this Behaviour (Game Object 'Script') is missing!
The referenced script on this Behaviour (Game Object 'Script') is missing!
The referenced script on this Behaviour (Game Object 'Script') is missing!
The referenced script on this Behaviour (Game Object 'Script') is missing!
The referenced script on this Behaviour (Game Object 'Script') is missing!
The referenced script on this Behaviour (Game Object 'Script') is missing!
The referenced script on this Behaviour (Game Object 'Script') is missing!
The referenced script on this Behaviour (Game Object 'Script') is missing!
The referenced script on this Behaviour (Game Object 'Script') is missing!
The referenced script on this Behaviour (Game Object 'Script') is missing!
The referenced script on this Behaviour (Game Object 'Script') is missing!
The referenced script on this Behaviour (Game Object 'Script') is missing!
The referenced script on this Behaviour (Game Object 'Script') is missing!
The referenced script on this Behaviour (Game Object 'Script') is missing!
The referenced script on this Behaviour (Game Object 'Script') is missing!
The referenced script on this Behaviour (Game Object 'Script') is missing!
The referenced script on this Behaviour (Game Object 'Script') is missing!
The referenced script on this Behaviour (Game Object 'Script') is missing!
The referenced script on this Behaviour (Game Object 'Script') is missing!
The referenced script on this Behaviour (Game Object 'Script') is missing!
The referenced script on this Behaviour (Game Object 'Script') is missing!
The referenced script on this Behaviour (Game Object 'Script') is missing!
The referenced script on this Behaviour (Game Object 'LevelFlowControlLevel0') is missing!
The referenced script on this Behaviour (Game Object 'Script') is missing!
The referenced script on this Behaviour (Game Object 'Script') is missing!
The referenced script on this Behaviour (Game Object 'Script') is missing!
The referenced script on this Behaviour (Game Object 'Script') is missing!
The referenced script on this Behaviour (Game Object 'Script') is missing!
The referenced script on this Behaviour (Game Object 'Script') is missing!
The referenced script on this Behaviour (Game Object 'Script') is missing!
The referenced script on this Behaviour (Game Object 'Script') is missing!
The referenced script on this Behaviour (Game Object 'Script') is missing!
The referenced script on this Behaviour (Game Object 'Script') is missing!
The referenced script on this Behaviour (Game Object 'Script') is missing!
The referenced script on this Behaviour (Game Object 'Script') is missing!
The referenced script on this Behaviour (Game Object 'Script') is missing!
The referenced script on this Behaviour (Game Object 'Script') is missing!
The referenced script on this Behaviour (Game Object 'Script') is missing!
The referenced script on this Behaviour (Game Object 'Script') is missing!
The referenced script on this Behaviour (Game Object 'Script') is missing!
The referenced script on this Behaviour (Game Object 'Script') is missing!
The referenced script on this Behaviour (Game Object 'LevelFlowControlLevel2') is missing!
The referenced script on this Behaviour (Game Object 'Script') is missing!
The referenced script on this Behaviour (Game Object 'Script') is missing!
The referenced script on this Behaviour (Game Object 'Script') is missing!
The referenced script on this Behaviour (Game Object 'Script') is missing!
The referenced script on this Behaviour (Game Object 'Script') is missing!
The referenced script on this Behaviour (Game Object 'Script') is missing!
The referenced script on this Behaviour (Game Object 'LevelFlowControlLevel4') is missing!
The referenced script on this Behaviour (Game Object 'Script') is missing!
The referenced script on this Behaviour (Game Object 'Script') is missing!
The referenced script on this Behaviour (Game Object 'Script') is missing!
The referenced script on this Behaviour (Game Object 'Script') is missing!
The referenced script on this Behaviour (Game Object 'Script') is missing!
The referenced script on this Behaviour (Game Object 'Script') is missing!
The referenced script on this Behaviour (Game Object 'Script') is missing!
The referenced script on this Behaviour (Game Object 'Script') is missing!
The referenced script on this Behaviour (Game Object 'Script') is missing!
The referenced script on this Behaviour (Game Object 'Script') is missing!
The referenced script on this Behaviour (Game Object 'Script') is missing!
The referenced script on this Behaviour (Game Object 'Script') is missing!
The referenced script on this Behaviour (Game Object 'Script') is missing!
The referenced script on this Behaviour (Game Object 'Script') is missing!
The referenced script on this Behaviour (Game Object 'Script') is missing!
The referenced script on this Behaviour (Game Object 'Enemy') is missing!
The referenced script on this Behaviour (Game Object 'Enemy') is missing!
The referenced script on this Behaviour (Game Object 'Enemy') is missing!
The referenced script on this Behaviour (Game Object 'Enemy') is missing!
The referenced script on this Behaviour (Game Object 'Script') is missing!
The referenced script on this Behaviour (Game Object 'Script') is missing!
The referenced script on this Behaviour (Game Object 'Script') is missing!
The referenced script on this Behaviour (Game Object 'Script') is missing!
The referenced script on this Behaviour (Game Object 'Script') is missing!
The referenced script on this Behaviour (Game Object 'Script') is missing!
The referenced script on this Behaviour (Game Object 'Script') is missing!
The referenced script on this Behaviour (Game Object 'Script') is missing!
The referenced script on this Behaviour (Game Object 'Script') is missing!
The referenced script on this Behaviour (Game Object 'Script') is missing!
The referenced script on this Behaviour (Game Object 'Script') is missing!
The referenced script on this Behaviour (Game Object 'Script') is missing!
The referenced script on this Behaviour (Game Object 'Script') is missing!
The referenced script on this Behaviour (Game Object 'Script') is missing!
The referenced script on this Behaviour (Game Object 'Script') is missing!
Unloading 19 Unused Serialized files (Serialized files now loaded: 0)
UnloadTime: 9.613000 ms

Unloading 359 unused Assets to reduce memory usage. Loaded Objects now: 30913.
Total: 11.795400 ms (FindLiveObjects: 0.802600 ms CreateObjectMapping: 0.333900 ms MarkObjects: 10.093600 ms  DeleteObjects: 0.564800 ms)

Shader warmup: 98 shaders 1474 combinations 0.003s
The referenced script on this Behaviour (Game Object 'Script') is missing!
The referenced script on this Behaviour (Game Object 'Script') is missing!
The referenced script on this Behaviour (Game Object 'Script') is missing!
The referenced script on this Behaviour (Game Object 'Enemy') is missing!
The referenced script on this Behaviour (Game Object 'Enemy') is missing!
The referenced script on this Behaviour (Game Object 'Enemy') is missing!
The referenced script on this Behaviour (Game Object 'Enemy') is missing!
The referenced script on this Behaviour (Game Object 'Script') is missing!
The referenced script on this Behaviour (Game Object 'Script') is missing!
The referenced script on this Behaviour (Game Object 'Script') is missing!
The referenced script on this Behaviour (Game Object 'LevelFlowControlLevel1') is missing!
The referenced script on this Behaviour (Game Object 'LevelFlowControlLevel3') is missing!
The referenced script on this Behaviour (Game Object 'Script') is missing!
The referenced script on this Behaviour (Game Object 'Script') is missing!
The referenced script on this Behaviour (Game Object 'Script') is missing!
The referenced script on this Behaviour (Game Object 'Script') is missing!
The referenced script on this Behaviour (Game Object 'Script') is missing!
The referenced script on this Behaviour (Game Object 'Script') is missing!
The referenced script on this Behaviour (Game Object 'Script') is missing!
The referenced script on this Behaviour (Game Object 'Script') is missing!
The referenced script on this Behaviour (Game Object 'Script') is missing!
The referenced script on this Behaviour (Game Object 'Script') is missing!
The referenced script on this Behaviour (Game Object 'Script') is missing!
The referenced script on this Behaviour (Game Object 'Script') is missing!
The referenced script on this Behaviour (Game Object 'Script') is missing!
The referenced script on this Behaviour (Game Object 'Script') is missing!
The referenced script on this Behaviour (Game Object 'Script') is missing!
The referenced script on this Behaviour (Game Object 'Script') is missing!
The referenced script on this Behaviour (Game Object 'Script') is missing!
The referenced script on this Behaviour (Game Object 'Script') is missing!
The referenced script on this Behaviour (Game Object 'Script') is missing!
The referenced script on this Behaviour (Game Object 'Script') is missing!
The referenced script on this Behaviour (Game Object 'Script') is missing!
The referenced script on this Behaviour (Game Object 'Script') is missing!
The referenced script on this Behaviour (Game Object 'Script') is missing!
The referenced script on this Behaviour (Game Object 'Script') is missing!
The referenced script on this Behaviour (Game Object 'Script') is missing!
The referenced script on this Behaviour (Game Object 'Script') is missing!
The referenced script on this Behaviour (Game Object 'Script') is missing!
The referenced script on this Behaviour (Game Object 'Script') is missing!
The referenced script on this Behaviour (Game Object 'Script') is missing!
The referenced script on this Behaviour (Game Object 'Script') is missing!
The referenced script on this Behaviour (Game Object 'LevelFlowControlLevel0') is missing!
The referenced script on this Behaviour (Game Object 'Script') is missing!
The referenced script on this Behaviour (Game Object 'Script') is missing!
The referenced script on this Behaviour (Game Object 'Script') is missing!
The referenced script on this Behaviour (Game Object 'Script') is missing!
The referenced script on this Behaviour (Game Object 'Script') is missing!
The referenced script on this Behaviour (Game Object 'Script') is missing!
The referenced script on this Behaviour (Game Object 'Script') is missing!
The referenced script on this Behaviour (Game Object 'Script') is missing!
The referenced script on this Behaviour (Game Object 'Script') is missing!
The referenced script on this Behaviour (Game Object 'Script') is missing!
The referenced script on this Behaviour (Game Object 'Script') is missing!
The referenced script on this Behaviour (Game Object 'Script') is missing!
The referenced script on this Behaviour (Game Object 'Script') is missing!
The referenced script on this Behaviour (Game Object 'Script') is missing!
The referenced script on this Behaviour (Game Object 'Script') is missing!
The referenced script on this Behaviour (Game Object 'Script') is missing!
The referenced script on this Behaviour (Game Object 'Script') is missing!
The referenced script on this Behaviour (Game Object 'Script') is missing!
The referenced script on this Behaviour (Game Object 'LevelFlowControlLevel2') is missing!
The referenced script on this Behaviour (Game Object 'Script') is missing!
The referenced script on this Behaviour (Game Object 'Script') is missing!
The referenced script on this Behaviour (Game Object 'Script') is missing!
The referenced script on this Behaviour (Game Object 'Script') is missing!
The referenced script on this Behaviour (Game Object 'Script') is missing!
The referenced script on this Behaviour (Game Object 'Script') is missing!
The referenced script on this Behaviour (Game Object 'LevelFlowControlLevel4') is missing!
The referenced script on this Behaviour (Game Object 'Script') is missing!
The referenced script on this Behaviour (Game Object 'Script') is missing!
The referenced script on this Behaviour (Game Object 'Script') is missing!
The referenced script on this Behaviour (Game Object 'Script') is missing!
The referenced script on this Behaviour (Game Object 'Script') is missing!
The referenced script on this Behaviour (Game Object 'Script') is missing!
The referenced script on this Behaviour (Game Object 'Script') is missing!
The referenced script on this Behaviour (Game Object 'Script') is missing!
The referenced script on this Behaviour (Game Object 'Script') is missing!
The referenced script on this Behaviour (Game Object 'Script') is missing!
The referenced script on this Behaviour (Game Object 'Script') is missing!
The referenced script on this Behaviour (Game Object 'Script') is missing!
The referenced script on this Behaviour (Game Object 'Script') is missing!
The referenced script on this Behaviour (Game Object 'Script') is missing!
The referenced script on this Behaviour (Game Object 'Script') is missing!
The referenced script on this Behaviour (Game Object 'Enemy') is missing!
The referenced script on this Behaviour (Game Object 'Enemy') is missing!
The referenced script on this Behaviour (Game Object 'Enemy') is missing!
The referenced script on this Behaviour (Game Object 'Enemy') is missing!
The referenced script on this Behaviour (Game Object 'Script') is missing!
The referenced script on this Behaviour (Game Object 'Script') is missing!
The referenced script on this Behaviour (Game Object 'Script') is missing!
The referenced script on this Behaviour (Game Object 'Script') is missing!
The referenced script on this Behaviour (Game Object 'Script') is missing!
The referenced script on this Behaviour (Game Object 'Script') is missing!
The referenced script on this Behaviour (Game Object 'Script') is missing!
The referenced script on this Behaviour (Game Object 'Script') is missing!
The referenced script on this Behaviour (Game Object 'Script') is missing!
The referenced script on this Behaviour (Game Object 'Script') is missing!
The referenced script on this Behaviour (Game Object 'Script') is missing!
The referenced script on this Behaviour (Game Object 'Script') is missing!
The referenced script on this Behaviour (Game Object 'Script') is missing!
The referenced script on this Behaviour (Game Object 'Script') is missing!
The referenced script on this Behaviour (Game Object 'Script') is missing!
Unloading 19 Unused Serialized files (Serialized files now loaded: 0)
UnloadTime: 11.678500 ms

Unloading 248 unused Assets to reduce memory usage. Loaded Objects now: 30952.
Total: 11.745600 ms (FindLiveObjects: 0.741100 ms CreateObjectMapping: 0.252100 ms MarkObjects: 10.288000 ms  DeleteObjects: 0.464100 ms)

Shader warmup: 98 shaders 1474 combinations 0.002s
The referenced script on this Behaviour (Game Object 'Script') is missing!
The referenced script on this Behaviour (Game Object 'Script') is missing!
The referenced script on this Behaviour (Game Object 'Script') is missing!
The referenced script on this Behaviour (Game Object 'Enemy') is missing!
The referenced script on this Behaviour (Game Object 'Enemy') is missing!
The referenced script on this Behaviour (Game Object 'Enemy') is missing!
The referenced script on this Behaviour (Game Object 'Enemy') is missing!
The referenced script on this Behaviour (Game Object 'Script') is missing!
The referenced script on this Behaviour (Game Object 'Script') is missing!
The referenced script on this Behaviour (Game Object 'Script') is missing!
The referenced script on this Behaviour (Game Object 'LevelFlowControlLevel1') is missing!
The referenced script on this Behaviour (Game Object 'LevelFlowControlLevel3') is missing!
The referenced script on this Behaviour (Game Object 'Script') is missing!
The referenced script on this Behaviour (Game Object 'Script') is missing!
The referenced script on this Behaviour (Game Object 'Script') is missing!
The referenced script on this Behaviour (Game Object 'Script') is missing!
The referenced script on this Behaviour (Game Object 'Script') is missing!
The referenced script on this Behaviour (Game Object 'Script') is missing!
The referenced script on this Behaviour (Game Object 'Script') is missing!
The referenced script on this Behaviour (Game Object 'Script') is missing!
The referenced script on this Behaviour (Game Object 'Script') is missing!
The referenced script on this Behaviour (Game Object 'Script') is missing!
The referenced script on this Behaviour (Game Object 'Script') is missing!
The referenced script on this Behaviour (Game Object 'Script') is missing!
The referenced script on this Behaviour (Game Object 'Script') is missing!
The referenced script on this Behaviour (Game Object 'Script') is missing!
The referenced script on this Behaviour (Game Object 'Script') is missing!
The referenced script on this Behaviour (Game Object 'Script') is missing!
The referenced script on this Behaviour (Game Object 'Script') is missing!
The referenced script on this Behaviour (Game Object 'Script') is missing!
The referenced script on this Behaviour (Game Object 'Script') is missing!
The referenced script on this Behaviour (Game Object 'Script') is missing!
The referenced script on this Behaviour (Game Object 'Script') is missing!
The referenced script on this Behaviour (Game Object 'Script') is missing!
The referenced script on this Behaviour (Game Object 'Script') is missing!
The referenced script on this Behaviour (Game Object 'Script') is missing!
The referenced script on this Behaviour (Game Object 'Script') is missing!
The referenced script on this Behaviour (Game Object 'Script') is missing!
The referenced script on this Behaviour (Game Object 'Script') is missing!
The referenced script on this Behaviour (Game Object 'Script') is missing!
The referenced script on this Behaviour (Game Object 'Script') is missing!
The referenced script on this Behaviour (Game Object 'Script') is missing!
The referenced script on this Behaviour (Game Object 'LevelFlowControlLevel0') is missing!
The referenced script on this Behaviour (Game Object 'Script') is missing!
The referenced script on this Behaviour (Game Object 'Script') is missing!
The referenced script on this Behaviour (Game Object 'Script') is missing!
The referenced script on this Behaviour (Game Object 'Script') is missing!
The referenced script on this Behaviour (Game Object 'Script') is missing!
The referenced script on this Behaviour (Game Object 'Script') is missing!
The referenced script on this Behaviour (Game Object 'Script') is missing!
The referenced script on this Behaviour (Game Object 'Script') is missing!
The referenced script on this Behaviour (Game Object 'Script') is missing!
The referenced script on this Behaviour (Game Object 'Script') is missing!
The referenced script on this Behaviour (Game Object 'Script') is missing!
The referenced script on this Behaviour (Game Object 'Script') is missing!
The referenced script on this Behaviour (Game Object 'Script') is missing!
The referenced script on this Behaviour (Game Object 'Script') is missing!
The referenced script on this Behaviour (Game Object 'Script') is missing!
The referenced script on this Behaviour (Game Object 'Script') is missing!
The referenced script on this Behaviour (Game Object 'Script') is missing!
The referenced script on this Behaviour (Game Object 'Script') is missing!
The referenced script on this Behaviour (Game Object 'LevelFlowControlLevel2') is missing!
The referenced script on this Behaviour (Game Object 'Script') is missing!
The referenced script on this Behaviour (Game Object 'Script') is missing!
The referenced script on this Behaviour (Game Object 'Script') is missing!
The referenced script on this Behaviour (Game Object 'Script') is missing!
The referenced script on this Behaviour (Game Object 'Script') is missing!
The referenced script on this Behaviour (Game Object 'Script') is missing!
The referenced script on this Behaviour (Game Object 'LevelFlowControlLevel4') is missing!
The referenced script on this Behaviour (Game Object 'Script') is missing!
The referenced script on this Behaviour (Game Object 'Script') is missing!
The referenced script on this Behaviour (Game Object 'Script') is missing!
The referenced script on this Behaviour (Game Object 'Script') is missing!
The referenced script on this Behaviour (Game Object 'Script') is missing!
The referenced script on this Behaviour (Game Object 'Script') is missing!
The referenced script on this Behaviour (Game Object 'Script') is missing!
The referenced script on this Behaviour (Game Object 'Script') is missing!
The referenced script on this Behaviour (Game Object 'Script') is missing!
The referenced script on this Behaviour (Game Object 'Script') is missing!
The referenced script on this Behaviour (Game Object 'Script') is missing!
The referenced script on this Behaviour (Game Object 'Script') is missing!
The referenced script on this Behaviour (Game Object 'Script') is missing!
The referenced script on this Behaviour (Game Object 'Script') is missing!
The referenced script on this Behaviour (Game Object 'Script') is missing!
The referenced script on this Behaviour (Game Object 'Enemy') is missing!
The referenced script on this Behaviour (Game Object 'Enemy') is missing!
The referenced script on this Behaviour (Game Object 'Enemy') is missing!
The referenced script on this Behaviour (Game Object 'Enemy') is missing!
The referenced script on this Behaviour (Game Object 'Script') is missing!
The referenced script on this Behaviour (Game Object 'Script') is missing!
The referenced script on this Behaviour (Game Object 'Script') is missing!
The referenced script on this Behaviour (Game Object 'Script') is missing!
The referenced script on this Behaviour (Game Object 'Script') is missing!
The referenced script on this Behaviour (Game Object 'Script') is missing!
The referenced script on this Behaviour (Game Object 'Script') is missing!
The referenced script on this Behaviour (Game Object 'Script') is missing!
The referenced script on this Behaviour (Game Object 'Script') is missing!
The referenced script on this Behaviour (Game Object 'Script') is missing!
The referenced script on this Behaviour (Game Object 'Script') is missing!
The referenced script on this Behaviour (Game Object 'Script') is missing!
The referenced script on this Behaviour (Game Object 'Script') is missing!
The referenced script on this Behaviour (Game Object 'Script') is missing!
The referenced script on this Behaviour (Game Object 'Script') is missing!
Unloading 19 Unused Serialized files (Serialized files now loaded: 0)
UnloadTime: 8.999500 ms

Unloading 307 unused Assets to reduce memory usage. Loaded Objects now: 30990.
Total: 12.271500 ms (FindLiveObjects: 0.924700 ms CreateObjectMapping: 0.382200 ms MarkObjects: 10.485100 ms  DeleteObjects: 0.479300 ms)

Shader warmup: 98 shaders 1474 combinations 0.003s
Kinematic body only supports Speculative Continuous collision detection
The referenced script on this Behaviour (Game Object 'Script') is missing!
The referenced script on this Behaviour (Game Object 'Script') is missing!
The referenced script on this Behaviour (Game Object 'Script') is missing!
The referenced script on this Behaviour (Game Object 'Enemy') is missing!
The referenced script on this Behaviour (Game Object 'Enemy') is missing!
The referenced script on this Behaviour (Game Object 'Enemy') is missing!
The referenced script on this Behaviour (Game Object 'Enemy') is missing!
The referenced script on this Behaviour (Game Object 'Script') is missing!
The referenced script on this Behaviour (Game Object 'Script') is missing!
The referenced script on this Behaviour (Game Object 'Script') is missing!
The referenced script on this Behaviour (Game Object 'LevelFlowControlLevel1') is missing!
The referenced script on this Behaviour (Game Object 'LevelFlowControlLevel3') is missing!
The referenced script on this Behaviour (Game Object 'Script') is missing!
The referenced script on this Behaviour (Game Object 'Script') is missing!
The referenced script on this Behaviour (Game Object 'Script') is missing!
The referenced script on this Behaviour (Game Object 'Script') is missing!
The referenced script on this Behaviour (Game Object 'Script') is missing!
The referenced script on this Behaviour (Game Object 'Script') is missing!
The referenced script on this Behaviour (Game Object 'Script') is missing!
The referenced script on this Behaviour (Game Object 'Script') is missing!
The referenced script on this Behaviour (Game Object 'Script') is missing!
The referenced script on this Behaviour (Game Object 'Script') is missing!
The referenced script on this Behaviour (Game Object 'Script') is missing!
The referenced script on this Behaviour (Game Object 'Script') is missing!
The referenced script on this Behaviour (Game Object 'Script') is missing!
The referenced script on this Behaviour (Game Object 'Script') is missing!
The referenced script on this Behaviour (Game Object 'Script') is missing!
The referenced script on this Behaviour (Game Object 'Script') is missing!
The referenced script on this Behaviour (Game Object 'Script') is missing!
The referenced script on this Behaviour (Game Object 'Script') is missing!
The referenced script on this Behaviour (Game Object 'Script') is missing!
The referenced script on this Behaviour (Game Object 'Script') is missing!
The referenced script on this Behaviour (Game Object 'Script') is missing!
The referenced script on this Behaviour (Game Object 'Script') is missing!
The referenced script on this Behaviour (Game Object 'Script') is missing!
The referenced script on this Behaviour (Game Object 'Script') is missing!
The referenced script on this Behaviour (Game Object 'Script') is missing!
The referenced script on this Behaviour (Game Object 'Script') is missing!
The referenced script on this Behaviour (Game Object 'Script') is missing!
The referenced script on this Behaviour (Game Object 'Script') is missing!
The referenced script on this Behaviour (Game Object 'Script') is missing!
The referenced script on this Behaviour (Game Object 'Script') is missing!
The referenced script on this Behaviour (Game Object 'LevelFlowControlLevel0') is missing!
The referenced script on this Behaviour (Game Object 'Script') is missing!
The referenced script on this Behaviour (Game Object 'Script') is missing!
The referenced script on this Behaviour (Game Object 'Script') is missing!
The referenced script on this Behaviour (Game Object 'Script') is missing!
The referenced script on this Behaviour (Game Object 'Script') is missing!
The referenced script on this Behaviour (Game Object 'Script') is missing!
The referenced script on this Behaviour (Game Object 'Script') is missing!
The referenced script on this Behaviour (Game Object 'Script') is missing!
The referenced script on this Behaviour (Game Object 'Script') is missing!
The referenced script on this Behaviour (Game Object 'Script') is missing!
The referenced script on this Behaviour (Game Object 'Script') is missing!
The referenced script on this Behaviour (Game Object 'Script') is missing!
The referenced script on this Behaviour (Game Object 'Script') is missing!
The referenced script on this Behaviour (Game Object 'Script') is missing!
The referenced script on this Behaviour (Game Object 'Script') is missing!
The referenced script on this Behaviour (Game Object 'Script') is missing!
The referenced script on this Behaviour (Game Object 'Script') is missing!
The referenced script on this Behaviour (Game Object 'Script') is missing!
The referenced script on this Behaviour (Game Object 'LevelFlowControlLevel2') is missing!
The referenced script on this Behaviour (Game Object 'Script') is missing!
The referenced script on this Behaviour (Game Object 'Script') is missing!
The referenced script on this Behaviour (Game Object 'Script') is missing!
The referenced script on this Behaviour (Game Object 'Script') is missing!
The referenced script on this Behaviour (Game Object 'Script') is missing!
The referenced script on this Behaviour (Game Object 'Script') is missing!
The referenced script on this Behaviour (Game Object 'LevelFlowControlLevel4') is missing!
The referenced script on this Behaviour (Game Object 'Script') is missing!
The referenced script on this Behaviour (Game Object 'Script') is missing!
The referenced script on this Behaviour (Game Object 'Script') is missing!
The referenced script on this Behaviour (Game Object 'Script') is missing!
The referenced script on this Behaviour (Game Object 'Script') is missing!
The referenced script on this Behaviour (Game Object 'Script') is missing!
The referenced script on this Behaviour (Game Object 'Script') is missing!
The referenced script on this Behaviour (Game Object 'Script') is missing!
The referenced script on this Behaviour (Game Object 'Script') is missing!
The referenced script on this Behaviour (Game Object 'Script') is missing!
The referenced script on this Behaviour (Game Object 'Script') is missing!
The referenced script on this Behaviour (Game Object 'Script') is missing!
The referenced script on this Behaviour (Game Object 'Script') is missing!
The referenced script on this Behaviour (Game Object 'Script') is missing!
The referenced script on this Behaviour (Game Object 'Script') is missing!
The referenced script on this Behaviour (Game Object 'Enemy') is missing!
The referenced script on this Behaviour (Game Object 'Enemy') is missing!
The referenced script on this Behaviour (Game Object 'Enemy') is missing!
The referenced script on this Behaviour (Game Object 'Enemy') is missing!
The referenced script on this Behaviour (Game Object 'Script') is missing!
The referenced script on this Behaviour (Game Object 'Script') is missing!
The referenced script on this Behaviour (Game Object 'Script') is missing!
The referenced script on this Behaviour (Game Object 'Script') is missing!
The referenced script on this Behaviour (Game Object 'Script') is missing!
The referenced script on this Behaviour (Game Object 'Script') is missing!
The referenced script on this Behaviour (Game Object 'Script') is missing!
The referenced script on this Behaviour (Game Object 'Script') is missing!
The referenced script on this Behaviour (Game Object 'Script') is missing!
The referenced script on this Behaviour (Game Object 'Script') is missing!
The referenced script on this Behaviour (Game Object 'Script') is missing!
The referenced script on this Behaviour (Game Object 'Script') is missing!
The referenced script on this Behaviour (Game Object 'Script') is missing!
The referenced script on this Behaviour (Game Object 'Script') is missing!
The referenced script on this Behaviour (Game Object 'Script') is missing!
Unloading 19 Unused Serialized files (Serialized files now loaded: 0)
UnloadTime: 12.253400 ms

Unloading 306 unused Assets to reduce memory usage. Loaded Objects now: 31040.
Total: 15.569500 ms (FindLiveObjects: 0.721100 ms CreateObjectMapping: 0.315900 ms MarkObjects: 13.917900 ms  DeleteObjects: 0.614200 ms)

Shader warmup: 98 shaders 1474 combinations 0.003s
Kinematic body only supports Speculative Continuous collision detection
The referenced script on this Behaviour (Game Object 'Script') is missing!
The referenced script on this Behaviour (Game Object 'Script') is missing!
The referenced script on this Behaviour (Game Object 'Script') is missing!
The referenced script on this Behaviour (Game Object 'Enemy') is missing!
The referenced script on this Behaviour (Game Object 'Enemy') is missing!
The referenced script on this Behaviour (Game Object 'Enemy') is missing!
The referenced script on this Behaviour (Game Object 'Enemy') is missing!
The referenced script on this Behaviour (Game Object 'Script') is missing!
The referenced script on this Behaviour (Game Object 'Script') is missing!
The referenced script on this Behaviour (Game Object 'Script') is missing!
The referenced script on this Behaviour (Game Object 'LevelFlowControlLevel1') is missing!
The referenced script on this Behaviour (Game Object 'LevelFlowControlLevel3') is missing!
The referenced script on this Behaviour (Game Object 'Script') is missing!
The referenced script on this Behaviour (Game Object 'Script') is missing!
The referenced script on this Behaviour (Game Object 'Script') is missing!
The referenced script on this Behaviour (Game Object 'Script') is missing!
The referenced script on this Behaviour (Game Object 'Script') is missing!
The referenced script on this Behaviour (Game Object 'Script') is missing!
The referenced script on this Behaviour (Game Object 'Script') is missing!
The referenced script on this Behaviour (Game Object 'Script') is missing!
The referenced script on this Behaviour (Game Object 'Script') is missing!
The referenced script on this Behaviour (Game Object 'Script') is missing!
The referenced script on this Behaviour (Game Object 'Script') is missing!
The referenced script on this Behaviour (Game Object 'Script') is missing!
The referenced script on this Behaviour (Game Object 'Script') is missing!
The referenced script on this Behaviour (Game Object 'Script') is missing!
The referenced script on this Behaviour (Game Object 'Script') is missing!
The referenced script on this Behaviour (Game Object 'Script') is missing!
The referenced script on this Behaviour (Game Object 'Script') is missing!
The referenced script on this Behaviour (Game Object 'Script') is missing!
The referenced script on this Behaviour (Game Object 'Script') is missing!
The referenced script on this Behaviour (Game Object 'Script') is missing!
The referenced script on this Behaviour (Game Object 'Script') is missing!
The referenced script on this Behaviour (Game Object 'Script') is missing!
The referenced script on this Behaviour (Game Object 'Script') is missing!
The referenced script on this Behaviour (Game Object 'Script') is missing!
The referenced script on this Behaviour (Game Object 'Script') is missing!
The referenced script on this Behaviour (Game Object 'Script') is missing!
The referenced script on this Behaviour (Game Object 'Script') is missing!
The referenced script on this Behaviour (Game Object 'Script') is missing!
The referenced script on this Behaviour (Game Object 'Script') is missing!
The referenced script on this Behaviour (Game Object 'Script') is missing!
The referenced script on this Behaviour (Game Object 'LevelFlowControlLevel0') is missing!
The referenced script on this Behaviour (Game Object 'Script') is missing!
The referenced script on this Behaviour (Game Object 'Script') is missing!
The referenced script on this Behaviour (Game Object 'Script') is missing!
The referenced script on this Behaviour (Game Object 'Script') is missing!
The referenced script on this Behaviour (Game Object 'Script') is missing!
The referenced script on this Behaviour (Game Object 'Script') is missing!
The referenced script on this Behaviour (Game Object 'Script') is missing!
The referenced script on this Behaviour (Game Object 'Script') is missing!
The referenced script on this Behaviour (Game Object 'Script') is missing!
The referenced script on this Behaviour (Game Object 'Script') is missing!
The referenced script on this Behaviour (Game Object 'Script') is missing!
The referenced script on this Behaviour (Game Object 'Script') is missing!
The referenced script on this Behaviour (Game Object 'Script') is missing!
The referenced script on this Behaviour (Game Object 'Script') is missing!
The referenced script on this Behaviour (Game Object 'Script') is missing!
The referenced script on this Behaviour (Game Object 'Script') is missing!
The referenced script on this Behaviour (Game Object 'Script') is missing!
The referenced script on this Behaviour (Game Object 'Script') is missing!
The referenced script on this Behaviour (Game Object 'LevelFlowControlLevel2') is missing!
The referenced script on this Behaviour (Game Object 'Script') is missing!
The referenced script on this Behaviour (Game Object 'Script') is missing!
The referenced script on this Behaviour (Game Object 'Script') is missing!
The referenced script on this Behaviour (Game Object 'Script') is missing!
The referenced script on this Behaviour (Game Object 'Script') is missing!
The referenced script on this Behaviour (Game Object 'Script') is missing!
The referenced script on this Behaviour (Game Object 'LevelFlowControlLevel4') is missing!
The referenced script on this Behaviour (Game Object 'Script') is missing!
The referenced script on this Behaviour (Game Object 'Script') is missing!
The referenced script on this Behaviour (Game Object 'Script') is missing!
The referenced script on this Behaviour (Game Object 'Script') is missing!
The referenced script on this Behaviour (Game Object 'Script') is missing!
The referenced script on this Behaviour (Game Object 'Script') is missing!
The referenced script on this Behaviour (Game Object 'Script') is missing!
The referenced script on this Behaviour (Game Object 'Script') is missing!
The referenced script on this Behaviour (Game Object 'Script') is missing!
The referenced script on this Behaviour (Game Object 'Script') is missing!
The referenced script on this Behaviour (Game Object 'Script') is missing!
The referenced script on this Behaviour (Game Object 'Script') is missing!
The referenced script on this Behaviour (Game Object 'Script') is missing!
The referenced script on this Behaviour (Game Object 'Script') is missing!
The referenced script on this Behaviour (Game Object 'Script') is missing!
The referenced script on this Behaviour (Game Object 'Enemy') is missing!
The referenced script on this Behaviour (Game Object 'Enemy') is missing!
The referenced script on this Behaviour (Game Object 'Enemy') is missing!
The referenced script on this Behaviour (Game Object 'Enemy') is missing!
The referenced script on this Behaviour (Game Object 'Script') is missing!
The referenced script on this Behaviour (Game Object 'Script') is missing!
The referenced script on this Behaviour (Game Object 'Script') is missing!
The referenced script on this Behaviour (Game Object 'Script') is missing!
The referenced script on this Behaviour (Game Object 'Script') is missing!
The referenced script on this Behaviour (Game Object 'Script') is missing!
The referenced script on this Behaviour (Game Object 'Script') is missing!
The referenced script on this Behaviour (Game Object 'Script') is missing!
The referenced script on this Behaviour (Game Object 'Script') is missing!
The referenced script on this Behaviour (Game Object 'Script') is missing!
The referenced script on this Behaviour (Game Object 'Script') is missing!
The referenced script on this Behaviour (Game Object 'Script') is missing!
The referenced script on this Behaviour (Game Object 'Script') is missing!
The referenced script on this Behaviour (Game Object 'Script') is missing!
The referenced script on this Behaviour (Game Object 'Script') is missing!
Unloading 19 Unused Serialized files (Serialized files now loaded: 0)
UnloadTime: 11.956600 ms

Unloading 207 unused Assets to reduce memory usage. Loaded Objects now: 31073.
Total: 13.148200 ms (FindLiveObjects: 1.404600 ms CreateObjectMapping: 0.588300 ms MarkObjects: 10.429300 ms  DeleteObjects: 0.725600 ms)

Shader warmup: 98 shaders 1474 combinations 0.004s
Kinematic body only supports Speculative Continuous collision detection
Kinematic body only supports Speculative Continuous collision detection
BoxColliders does not support negative scale or size.
The effective box size has been forced positive and is likely to give unexpected collision geometry.
If you absolutely need to use negative scaling you can use the convex MeshCollider. Scene hierarchy path "Enemy/EnemyBody/rig/root/Hips/Spine/Chest/RightShoulder/RightArm/RightForeArm/RightHand/MeleeWeaponSocket/KatanaPickup(Clone)/Offset/collider"
BoxColliders does not support negative scale or size.
The effective box size has been forced positive and is likely to give unexpected collision geometry.
If you absolutely need to use negative scaling you can use the convex MeshCollider. Scene hierarchy path "Pickups/KatanaPickup(Clone)/Offset/collider"
The referenced script on this Behaviour (Game Object 'Script') is missing!
The referenced script on this Behaviour (Game Object 'Script') is missing!
The referenced script on this Behaviour (Game Object 'Script') is missing!
The referenced script on this Behaviour (Game Object 'Enemy') is missing!
The referenced script on this Behaviour (Game Object 'Enemy') is missing!
The referenced script on this Behaviour (Game Object 'Enemy') is missing!
The referenced script on this Behaviour (Game Object 'Enemy') is missing!
The referenced script on this Behaviour (Game Object 'Script') is missing!
The referenced script on this Behaviour (Game Object 'Script') is missing!
The referenced script on this Behaviour (Game Object 'Script') is missing!
The referenced script on this Behaviour (Game Object 'LevelFlowControlLevel1') is missing!
The referenced script on this Behaviour (Game Object 'LevelFlowControlLevel3') is missing!
The referenced script on this Behaviour (Game Object 'Script') is missing!
The referenced script on this Behaviour (Game Object 'Script') is missing!
The referenced script on this Behaviour (Game Object 'Script') is missing!
The referenced script on this Behaviour (Game Object 'Script') is missing!
The referenced script on this Behaviour (Game Object 'Script') is missing!
The referenced script on this Behaviour (Game Object 'Script') is missing!
The referenced script on this Behaviour (Game Object 'Script') is missing!
The referenced script on this Behaviour (Game Object 'Script') is missing!
The referenced script on this Behaviour (Game Object 'Script') is missing!
The referenced script on this Behaviour (Game Object 'Script') is missing!
The referenced script on this Behaviour (Game Object 'Script') is missing!
The referenced script on this Behaviour (Game Object 'Script') is missing!
The referenced script on this Behaviour (Game Object 'Script') is missing!
The referenced script on this Behaviour (Game Object 'Script') is missing!
The referenced script on this Behaviour (Game Object 'Script') is missing!
The referenced script on this Behaviour (Game Object 'Script') is missing!
The referenced script on this Behaviour (Game Object 'Script') is missing!
The referenced script on this Behaviour (Game Object 'Script') is missing!
The referenced script on this Behaviour (Game Object 'Script') is missing!
The referenced script on this Behaviour (Game Object 'Script') is missing!
The referenced script on this Behaviour (Game Object 'Script') is missing!
The referenced script on this Behaviour (Game Object 'Script') is missing!
The referenced script on this Behaviour (Game Object 'Script') is missing!
The referenced script on this Behaviour (Game Object 'Script') is missing!
The referenced script on this Behaviour (Game Object 'Script') is missing!
The referenced script on this Behaviour (Game Object 'Script') is missing!
The referenced script on this Behaviour (Game Object 'Script') is missing!
The referenced script on this Behaviour (Game Object 'Script') is missing!
The referenced script on this Behaviour (Game Object 'Script') is missing!
The referenced script on this Behaviour (Game Object 'Script') is missing!
The referenced script on this Behaviour (Game Object 'LevelFlowControlLevel0') is missing!
The referenced script on this Behaviour (Game Object 'Script') is missing!
The referenced script on this Behaviour (Game Object 'Script') is missing!
The referenced script on this Behaviour (Game Object 'Script') is missing!
The referenced script on this Behaviour (Game Object 'Script') is missing!
The referenced script on this Behaviour (Game Object 'Script') is missing!
The referenced script on this Behaviour (Game Object 'Script') is missing!
The referenced script on this Behaviour (Game Object 'Script') is missing!
The referenced script on this Behaviour (Game Object 'Script') is missing!
The referenced script on this Behaviour (Game Object 'Script') is missing!
The referenced script on this Behaviour (Game Object 'Script') is missing!
The referenced script on this Behaviour (Game Object 'Script') is missing!
The referenced script on this Behaviour (Game Object 'Script') is missing!
The referenced script on this Behaviour (Game Object 'Script') is missing!
The referenced script on this Behaviour (Game Object 'Script') is missing!
The referenced script on this Behaviour (Game Object 'Script') is missing!
The referenced script on this Behaviour (Game Object 'Script') is missing!
The referenced script on this Behaviour (Game Object 'Script') is missing!
The referenced script on this Behaviour (Game Object 'Script') is missing!
The referenced script on this Behaviour (Game Object 'LevelFlowControlLevel2') is missing!
The referenced script on this Behaviour (Game Object 'Script') is missing!
The referenced script on this Behaviour (Game Object 'Script') is missing!
The referenced script on this Behaviour (Game Object 'Script') is missing!
The referenced script on this Behaviour (Game Object 'Script') is missing!
The referenced script on this Behaviour (Game Object 'Script') is missing!
The referenced script on this Behaviour (Game Object 'Script') is missing!
The referenced script on this Behaviour (Game Object 'LevelFlowControlLevel4') is missing!
The referenced script on this Behaviour (Game Object 'Script') is missing!
The referenced script on this Behaviour (Game Object 'Script') is missing!
The referenced script on this Behaviour (Game Object 'Script') is missing!
The referenced script on this Behaviour (Game Object 'Script') is missing!
The referenced script on this Behaviour (Game Object 'Script') is missing!
The referenced script on this Behaviour (Game Object 'Script') is missing!
The referenced script on this Behaviour (Game Object 'Script') is missing!
The referenced script on this Behaviour (Game Object 'Script') is missing!
The referenced script on this Behaviour (Game Object 'Script') is missing!
The referenced script on this Behaviour (Game Object 'Script') is missing!
The referenced script on this Behaviour (Game Object 'Script') is missing!
The referenced script on this Behaviour (Game Object 'Script') is missing!
The referenced script on this Behaviour (Game Object 'Script') is missing!
The referenced script on this Behaviour (Game Object 'Script') is missing!
The referenced script on this Behaviour (Game Object 'Script') is missing!
The referenced script on this Behaviour (Game Object 'Enemy') is missing!
The referenced script on this Behaviour (Game Object 'Enemy') is missing!
The referenced script on this Behaviour (Game Object 'Enemy') is missing!
The referenced script on this Behaviour (Game Object 'Enemy') is missing!
The referenced script on this Behaviour (Game Object 'Script') is missing!
The referenced script on this Behaviour (Game Object 'Script') is missing!
The referenced script on this Behaviour (Game Object 'Script') is missing!
The referenced script on this Behaviour (Game Object 'Script') is missing!
The referenced script on this Behaviour (Game Object 'Script') is missing!
The referenced script on this Behaviour (Game Object 'Script') is missing!
The referenced script on this Behaviour (Game Object 'Script') is missing!
The referenced script on this Behaviour (Game Object 'Script') is missing!
The referenced script on this Behaviour (Game Object 'Script') is missing!
The referenced script on this Behaviour (Game Object 'Script') is missing!
The referenced script on this Behaviour (Game Object 'Script') is missing!
The referenced script on this Behaviour (Game Object 'Script') is missing!
The referenced script on this Behaviour (Game Object 'Script') is missing!
The referenced script on this Behaviour (Game Object 'Script') is missing!
The referenced script on this Behaviour (Game Object 'Script') is missing!
Unloading 19 Unused Serialized files (Serialized files now loaded: 0)
UnloadTime: 11.180400 ms

Unloading 309 unused Assets to reduce memory usage. Loaded Objects now: 31145.
Total: 12.346600 ms (FindLiveObjects: 0.768000 ms CreateObjectMapping: 0.740300 ms MarkObjects: 10.328000 ms  DeleteObjects: 0.510000 ms)

Shader warmup: 98 shaders 1474 combinations 0.003s
Kinematic body only supports Speculative Continuous collision detection
The referenced script on this Behaviour (Game Object 'Script') is missing!
The referenced script on this Behaviour (Game Object 'Script') is missing!
The referenced script on this Behaviour (Game Object 'Script') is missing!
The referenced script on this Behaviour (Game Object 'Enemy') is missing!
The referenced script on this Behaviour (Game Object 'Enemy') is missing!
The referenced script on this Behaviour (Game Object 'Enemy') is missing!
The referenced script on this Behaviour (Game Object 'Enemy') is missing!
The referenced script on this Behaviour (Game Object 'Script') is missing!
The referenced script on this Behaviour (Game Object 'Script') is missing!
The referenced script on this Behaviour (Game Object 'Script') is missing!
The referenced script on this Behaviour (Game Object 'LevelFlowControlLevel1') is missing!
The referenced script on this Behaviour (Game Object 'LevelFlowControlLevel3') is missing!
The referenced script on this Behaviour (Game Object 'Script') is missing!
The referenced script on this Behaviour (Game Object 'Script') is missing!
The referenced script on this Behaviour (Game Object 'Script') is missing!
The referenced script on this Behaviour (Game Object 'Script') is missing!
The referenced script on this Behaviour (Game Object 'Script') is missing!
The referenced script on this Behaviour (Game Object 'Script') is missing!
The referenced script on this Behaviour (Game Object 'Script') is missing!
The referenced script on this Behaviour (Game Object 'Script') is missing!
The referenced script on this Behaviour (Game Object 'Script') is missing!
The referenced script on this Behaviour (Game Object 'Script') is missing!
The referenced script on this Behaviour (Game Object 'Script') is missing!
The referenced script on this Behaviour (Game Object 'Script') is missing!
The referenced script on this Behaviour (Game Object 'Script') is missing!
The referenced script on this Behaviour (Game Object 'Script') is missing!
The referenced script on this Behaviour (Game Object 'Script') is missing!
The referenced script on this Behaviour (Game Object 'Script') is missing!
The referenced script on this Behaviour (Game Object 'Script') is missing!
The referenced script on this Behaviour (Game Object 'Script') is missing!
The referenced script on this Behaviour (Game Object 'Script') is missing!
The referenced script on this Behaviour (Game Object 'Script') is missing!
The referenced script on this Behaviour (Game Object 'Script') is missing!
The referenced script on this Behaviour (Game Object 'Script') is missing!
The referenced script on this Behaviour (Game Object 'Script') is missing!
The referenced script on this Behaviour (Game Object 'Script') is missing!
The referenced script on this Behaviour (Game Object 'Script') is missing!
The referenced script on this Behaviour (Game Object 'Script') is missing!
The referenced script on this Behaviour (Game Object 'Script') is missing!
The referenced script on this Behaviour (Game Object 'Script') is missing!
The referenced script on this Behaviour (Game Object 'Script') is missing!
The referenced script on this Behaviour (Game Object 'Script') is missing!
The referenced script on this Behaviour (Game Object 'LevelFlowControlLevel0') is missing!
The referenced script on this Behaviour (Game Object 'Script') is missing!
The referenced script on this Behaviour (Game Object 'Script') is missing!
The referenced script on this Behaviour (Game Object 'Script') is missing!
The referenced script on this Behaviour (Game Object 'Script') is missing!
The referenced script on this Behaviour (Game Object 'Script') is missing!
The referenced script on this Behaviour (Game Object 'Script') is missing!
The referenced script on this Behaviour (Game Object 'Script') is missing!
The referenced script on this Behaviour (Game Object 'Script') is missing!
The referenced script on this Behaviour (Game Object 'Script') is missing!
The referenced script on this Behaviour (Game Object 'Script') is missing!
The referenced script on this Behaviour (Game Object 'Script') is missing!
The referenced script on this Behaviour (Game Object 'Script') is missing!
The referenced script on this Behaviour (Game Object 'Script') is missing!
The referenced script on this Behaviour (Game Object 'Script') is missing!
The referenced script on this Behaviour (Game Object 'Script') is missing!
The referenced script on this Behaviour (Game Object 'Script') is missing!
The referenced script on this Behaviour (Game Object 'Script') is missing!
The referenced script on this Behaviour (Game Object 'Script') is missing!
The referenced script on this Behaviour (Game Object 'LevelFlowControlLevel2') is missing!
The referenced script on this Behaviour (Game Object 'Script') is missing!
The referenced script on this Behaviour (Game Object 'Script') is missing!
The referenced script on this Behaviour (Game Object 'Script') is missing!
The referenced script on this Behaviour (Game Object 'Script') is missing!
The referenced script on this Behaviour (Game Object 'Script') is missing!
The referenced script on this Behaviour (Game Object 'Script') is missing!
The referenced script on this Behaviour (Game Object 'LevelFlowControlLevel4') is missing!
The referenced script on this Behaviour (Game Object 'Script') is missing!
The referenced script on this Behaviour (Game Object 'Script') is missing!
The referenced script on this Behaviour (Game Object 'Script') is missing!
The referenced script on this Behaviour (Game Object 'Script') is missing!
The referenced script on this Behaviour (Game Object 'Script') is missing!
The referenced script on this Behaviour (Game Object 'Script') is missing!
The referenced script on this Behaviour (Game Object 'Script') is missing!
The referenced script on this Behaviour (Game Object 'Script') is missing!
The referenced script on this Behaviour (Game Object 'Script') is missing!
The referenced script on this Behaviour (Game Object 'Script') is missing!
The referenced script on this Behaviour (Game Object 'Script') is missing!
The referenced script on this Behaviour (Game Object 'Script') is missing!
The referenced script on this Behaviour (Game Object 'Script') is missing!
The referenced script on this Behaviour (Game Object 'Script') is missing!
The referenced script on this Behaviour (Game Object 'Script') is missing!
The referenced script on this Behaviour (Game Object 'Enemy') is missing!
The referenced script on this Behaviour (Game Object 'Enemy') is missing!
The referenced script on this Behaviour (Game Object 'Enemy') is missing!
The referenced script on this Behaviour (Game Object 'Enemy') is missing!
The referenced script on this Behaviour (Game Object 'Script') is missing!
The referenced script on this Behaviour (Game Object 'Script') is missing!
The referenced script on this Behaviour (Game Object 'Script') is missing!
The referenced script on this Behaviour (Game Object 'Script') is missing!
The referenced script on this Behaviour (Game Object 'Script') is missing!
The referenced script on this Behaviour (Game Object 'Script') is missing!
The referenced script on this Behaviour (Game Object 'Script') is missing!
The referenced script on this Behaviour (Game Object 'Script') is missing!
The referenced script on this Behaviour (Game Object 'Script') is missing!
The referenced script on this Behaviour (Game Object 'Script') is missing!
The referenced script on this Behaviour (Game Object 'Script') is missing!
The referenced script on this Behaviour (Game Object 'Script') is missing!
The referenced script on this Behaviour (Game Object 'Script') is missing!
The referenced script on this Behaviour (Game Object 'Script') is missing!
The referenced script on this Behaviour (Game Object 'Script') is missing!
Unloading 19 Unused Serialized files (Serialized files now loaded: 0)
UnloadTime: 12.187400 ms

Unloading 207 unused Assets to reduce memory usage. Loaded Objects now: 31178.
Total: 11.957500 ms (FindLiveObjects: 0.847000 ms CreateObjectMapping: 0.336000 ms MarkObjects: 10.324100 ms  DeleteObjects: 0.450000 ms)

Shader warmup: 98 shaders 1474 combinations 0.002s
Kinematic body only supports Speculative Continuous collision detection
Kinematic body only supports Speculative Continuous collision detection
BoxColliders does not support negative scale or size.
The effective box size has been forced positive and is likely to give unexpected collision geometry.
If you absolutely need to use negative scaling you can use the convex MeshCollider. Scene hierarchy path "Enemy/EnemyBody/rig/root/Hips/Spine/Chest/RightShoulder/RightArm/RightForeArm/RightHand/MeleeWeaponSocket/KatanaPickup(Clone)/Offset/collider"
BoxColliders does not support negative scale or size.
The effective box size has been forced positive and is likely to give unexpected collision geometry.
If you absolutely need to use negative scaling you can use the convex MeshCollider. Scene hierarchy path "Pickups/KatanaPickup(Clone)/Offset/collider"
The referenced script on this Behaviour (Game Object 'Script') is missing!
The referenced script on this Behaviour (Game Object 'Script') is missing!
The referenced script on this Behaviour (Game Object 'Script') is missing!
The referenced script on this Behaviour (Game Object 'Enemy') is missing!
The referenced script on this Behaviour (Game Object 'Enemy') is missing!
The referenced script on this Behaviour (Game Object 'Enemy') is missing!
The referenced script on this Behaviour (Game Object 'Enemy') is missing!
The referenced script on this Behaviour (Game Object 'Script') is missing!
The referenced script on this Behaviour (Game Object 'Script') is missing!
The referenced script on this Behaviour (Game Object 'Script') is missing!
The referenced script on this Behaviour (Game Object 'LevelFlowControlLevel1') is missing!
The referenced script on this Behaviour (Game Object 'LevelFlowControlLevel3') is missing!
The referenced script on this Behaviour (Game Object 'Script') is missing!
The referenced script on this Behaviour (Game Object 'Script') is missing!
The referenced script on this Behaviour (Game Object 'Script') is missing!
The referenced script on this Behaviour (Game Object 'Script') is missing!
The referenced script on this Behaviour (Game Object 'Script') is missing!
The referenced script on this Behaviour (Game Object 'Script') is missing!
The referenced script on this Behaviour (Game Object 'Script') is missing!
The referenced script on this Behaviour (Game Object 'Script') is missing!
The referenced script on this Behaviour (Game Object 'Script') is missing!
The referenced script on this Behaviour (Game Object 'Script') is missing!
The referenced script on this Behaviour (Game Object 'Script') is missing!
The referenced script on this Behaviour (Game Object 'Script') is missing!
The referenced script on this Behaviour (Game Object 'Script') is missing!
The referenced script on this Behaviour (Game Object 'Script') is missing!
The referenced script on this Behaviour (Game Object 'Script') is missing!
The referenced script on this Behaviour (Game Object 'Script') is missing!
The referenced script on this Behaviour (Game Object 'Script') is missing!
The referenced script on this Behaviour (Game Object 'Script') is missing!
The referenced script on this Behaviour (Game Object 'Script') is missing!
The referenced script on this Behaviour (Game Object 'Script') is missing!
The referenced script on this Behaviour (Game Object 'Script') is missing!
The referenced script on this Behaviour (Game Object 'Script') is missing!
The referenced script on this Behaviour (Game Object 'Script') is missing!
The referenced script on this Behaviour (Game Object 'Script') is missing!
The referenced script on this Behaviour (Game Object 'Script') is missing!
The referenced script on this Behaviour (Game Object 'Script') is missing!
The referenced script on this Behaviour (Game Object 'Script') is missing!
The referenced script on this Behaviour (Game Object 'Script') is missing!
The referenced script on this Behaviour (Game Object 'Script') is missing!
The referenced script on this Behaviour (Game Object 'Script') is missing!
The referenced script on this Behaviour (Game Object 'LevelFlowControlLevel0') is missing!
The referenced script on this Behaviour (Game Object 'Script') is missing!
The referenced script on this Behaviour (Game Object 'Script') is missing!
The referenced script on this Behaviour (Game Object 'Script') is missing!
The referenced script on this Behaviour (Game Object 'Script') is missing!
The referenced script on this Behaviour (Game Object 'Script') is missing!
The referenced script on this Behaviour (Game Object 'Script') is missing!
The referenced script on this Behaviour (Game Object 'Script') is missing!
The referenced script on this Behaviour (Game Object 'Script') is missing!
The referenced script on this Behaviour (Game Object 'Script') is missing!
The referenced script on this Behaviour (Game Object 'Script') is missing!
The referenced script on this Behaviour (Game Object 'Script') is missing!
The referenced script on this Behaviour (Game Object 'Script') is missing!
The referenced script on this Behaviour (Game Object 'Script') is missing!
The referenced script on this Behaviour (Game Object 'Script') is missing!
The referenced script on this Behaviour (Game Object 'Script') is missing!
The referenced script on this Behaviour (Game Object 'Script') is missing!
The referenced script on this Behaviour (Game Object 'Script') is missing!
The referenced script on this Behaviour (Game Object 'Script') is missing!
The referenced script on this Behaviour (Game Object 'LevelFlowControlLevel2') is missing!
The referenced script on this Behaviour (Game Object 'Script') is missing!
The referenced script on this Behaviour (Game Object 'Script') is missing!
The referenced script on this Behaviour (Game Object 'Script') is missing!
The referenced script on this Behaviour (Game Object 'Script') is missing!
The referenced script on this Behaviour (Game Object 'Script') is missing!
The referenced script on this Behaviour (Game Object 'Script') is missing!
The referenced script on this Behaviour (Game Object 'LevelFlowControlLevel4') is missing!
The referenced script on this Behaviour (Game Object 'Script') is missing!
The referenced script on this Behaviour (Game Object 'Script') is missing!
The referenced script on this Behaviour (Game Object 'Script') is missing!
The referenced script on this Behaviour (Game Object 'Script') is missing!
The referenced script on this Behaviour (Game Object 'Script') is missing!
The referenced script on this Behaviour (Game Object 'Script') is missing!
The referenced script on this Behaviour (Game Object 'Script') is missing!
The referenced script on this Behaviour (Game Object 'Script') is missing!
The referenced script on this Behaviour (Game Object 'Script') is missing!
The referenced script on this Behaviour (Game Object 'Script') is missing!
The referenced script on this Behaviour (Game Object 'Script') is missing!
The referenced script on this Behaviour (Game Object 'Script') is missing!
The referenced script on this Behaviour (Game Object 'Script') is missing!
The referenced script on this Behaviour (Game Object 'Script') is missing!
The referenced script on this Behaviour (Game Object 'Script') is missing!
The referenced script on this Behaviour (Game Object 'Enemy') is missing!
The referenced script on this Behaviour (Game Object 'Enemy') is missing!
The referenced script on this Behaviour (Game Object 'Enemy') is missing!
The referenced script on this Behaviour (Game Object 'Enemy') is missing!
The referenced script on this Behaviour (Game Object 'Script') is missing!
The referenced script on this Behaviour (Game Object 'Script') is missing!
The referenced script on this Behaviour (Game Object 'Script') is missing!
The referenced script on this Behaviour (Game Object 'Script') is missing!
The referenced script on this Behaviour (Game Object 'Script') is missing!
The referenced script on this Behaviour (Game Object 'Script') is missing!
The referenced script on this Behaviour (Game Object 'Script') is missing!
The referenced script on this Behaviour (Game Object 'Script') is missing!
The referenced script on this Behaviour (Game Object 'Script') is missing!
The referenced script on this Behaviour (Game Object 'Script') is missing!
The referenced script on this Behaviour (Game Object 'Script') is missing!
The referenced script on this Behaviour (Game Object 'Script') is missing!
The referenced script on this Behaviour (Game Object 'Script') is missing!
The referenced script on this Behaviour (Game Object 'Script') is missing!
The referenced script on this Behaviour (Game Object 'Script') is missing!
Unloading 19 Unused Serialized files (Serialized files now loaded: 0)
UnloadTime: 10.733100 ms

Unloading 314 unused Assets to reduce memory usage. Loaded Objects now: 31247.
Total: 12.521100 ms (FindLiveObjects: 0.779500 ms CreateObjectMapping: 0.269600 ms MarkObjects: 10.822600 ms  DeleteObjects: 0.649000 ms)

Shader warmup: 98 shaders 1474 combinations 0.003s
Kinematic body only supports Speculative Continuous collision detection
The referenced script on this Behaviour (Game Object 'Script') is missing!
The referenced script on this Behaviour (Game Object 'Script') is missing!
The referenced script on this Behaviour (Game Object 'Script') is missing!
The referenced script on this Behaviour (Game Object 'Enemy') is missing!
The referenced script on this Behaviour (Game Object 'Enemy') is missing!
The referenced script on this Behaviour (Game Object 'Enemy') is missing!
The referenced script on this Behaviour (Game Object 'Enemy') is missing!
The referenced script on this Behaviour (Game Object 'Script') is missing!
The referenced script on this Behaviour (Game Object 'Script') is missing!
The referenced script on this Behaviour (Game Object 'Script') is missing!
The referenced script on this Behaviour (Game Object 'LevelFlowControlLevel1') is missing!
The referenced script on this Behaviour (Game Object 'LevelFlowControlLevel3') is missing!
The referenced script on this Behaviour (Game Object 'Script') is missing!
The referenced script on this Behaviour (Game Object 'Script') is missing!
The referenced script on this Behaviour (Game Object 'Script') is missing!
The referenced script on this Behaviour (Game Object 'Script') is missing!
The referenced script on this Behaviour (Game Object 'Script') is missing!
The referenced script on this Behaviour (Game Object 'Script') is missing!
The referenced script on this Behaviour (Game Object 'Script') is missing!
The referenced script on this Behaviour (Game Object 'Script') is missing!
The referenced script on this Behaviour (Game Object 'Script') is missing!
The referenced script on this Behaviour (Game Object 'Script') is missing!
The referenced script on this Behaviour (Game Object 'Script') is missing!
The referenced script on this Behaviour (Game Object 'Script') is missing!
The referenced script on this Behaviour (Game Object 'Script') is missing!
The referenced script on this Behaviour (Game Object 'Script') is missing!
The referenced script on this Behaviour (Game Object 'Script') is missing!
The referenced script on this Behaviour (Game Object 'Script') is missing!
The referenced script on this Behaviour (Game Object 'Script') is missing!
The referenced script on this Behaviour (Game Object 'Script') is missing!
The referenced script on this Behaviour (Game Object 'Script') is missing!
The referenced script on this Behaviour (Game Object 'Script') is missing!
The referenced script on this Behaviour (Game Object 'Script') is missing!
The referenced script on this Behaviour (Game Object 'Script') is missing!
The referenced script on this Behaviour (Game Object 'Script') is missing!
The referenced script on this Behaviour (Game Object 'Script') is missing!
The referenced script on this Behaviour (Game Object 'Script') is missing!
The referenced script on this Behaviour (Game Object 'Script') is missing!
The referenced script on this Behaviour (Game Object 'Script') is missing!
The referenced script on this Behaviour (Game Object 'Script') is missing!
The referenced script on this Behaviour (Game Object 'Script') is missing!
The referenced script on this Behaviour (Game Object 'Script') is missing!
The referenced script on this Behaviour (Game Object 'LevelFlowControlLevel0') is missing!
The referenced script on this Behaviour (Game Object 'Script') is missing!
The referenced script on this Behaviour (Game Object 'Script') is missing!
The referenced script on this Behaviour (Game Object 'Script') is missing!
The referenced script on this Behaviour (Game Object 'Script') is missing!
The referenced script on this Behaviour (Game Object 'Script') is missing!
The referenced script on this Behaviour (Game Object 'Script') is missing!
The referenced script on this Behaviour (Game Object 'Script') is missing!
The referenced script on this Behaviour (Game Object 'Script') is missing!
The referenced script on this Behaviour (Game Object 'Script') is missing!
The referenced script on this Behaviour (Game Object 'Script') is missing!
The referenced script on this Behaviour (Game Object 'Script') is missing!
The referenced script on this Behaviour (Game Object 'Script') is missing!
The referenced script on this Behaviour (Game Object 'Script') is missing!
The referenced script on this Behaviour (Game Object 'Script') is missing!
The referenced script on this Behaviour (Game Object 'Script') is missing!
The referenced script on this Behaviour (Game Object 'Script') is missing!
The referenced script on this Behaviour (Game Object 'Script') is missing!
The referenced script on this Behaviour (Game Object 'Script') is missing!
The referenced script on this Behaviour (Game Object 'LevelFlowControlLevel2') is missing!
The referenced script on this Behaviour (Game Object 'Script') is missing!
The referenced script on this Behaviour (Game Object 'Script') is missing!
The referenced script on this Behaviour (Game Object 'Script') is missing!
The referenced script on this Behaviour (Game Object 'Script') is missing!
The referenced script on this Behaviour (Game Object 'Script') is missing!
The referenced script on this Behaviour (Game Object 'Script') is missing!
The referenced script on this Behaviour (Game Object 'LevelFlowControlLevel4') is missing!
The referenced script on this Behaviour (Game Object 'Script') is missing!
The referenced script on this Behaviour (Game Object 'Script') is missing!
The referenced script on this Behaviour (Game Object 'Script') is missing!
The referenced script on this Behaviour (Game Object 'Script') is missing!
The referenced script on this Behaviour (Game Object 'Script') is missing!
The referenced script on this Behaviour (Game Object 'Script') is missing!
The referenced script on this Behaviour (Game Object 'Script') is missing!
The referenced script on this Behaviour (Game Object 'Script') is missing!
The referenced script on this Behaviour (Game Object 'Script') is missing!
The referenced script on this Behaviour (Game Object 'Script') is missing!
The referenced script on this Behaviour (Game Object 'Script') is missing!
The referenced script on this Behaviour (Game Object 'Script') is missing!
The referenced script on this Behaviour (Game Object 'Script') is missing!
The referenced script on this Behaviour (Game Object 'Script') is missing!
The referenced script on this Behaviour (Game Object 'Script') is missing!
The referenced script on this Behaviour (Game Object 'Enemy') is missing!
The referenced script on this Behaviour (Game Object 'Enemy') is missing!
The referenced script on this Behaviour (Game Object 'Enemy') is missing!
The referenced script on this Behaviour (Game Object 'Enemy') is missing!
The referenced script on this Behaviour (Game Object 'Script') is missing!
The referenced script on this Behaviour (Game Object 'Script') is missing!
The referenced script on this Behaviour (Game Object 'Script') is missing!
The referenced script on this Behaviour (Game Object 'Script') is missing!
The referenced script on this Behaviour (Game Object 'Script') is missing!
The referenced script on this Behaviour (Game Object 'Script') is missing!
The referenced script on this Behaviour (Game Object 'Script') is missing!
The referenced script on this Behaviour (Game Object 'Script') is missing!
The referenced script on this Behaviour (Game Object 'Script') is missing!
The referenced script on this Behaviour (Game Object 'Script') is missing!
The referenced script on this Behaviour (Game Object 'Script') is missing!
The referenced script on this Behaviour (Game Object 'Script') is missing!
The referenced script on this Behaviour (Game Object 'Script') is missing!
The referenced script on this Behaviour (Game Object 'Script') is missing!
The referenced script on this Behaviour (Game Object 'Script') is missing!
Unloading 19 Unused Serialized files (Serialized files now loaded: 0)
UnloadTime: 10.159900 ms

Unloading 207 unused Assets to reduce memory usage. Loaded Objects now: 31349.
Total: 11.302500 ms (FindLiveObjects: 0.804700 ms CreateObjectMapping: 0.456700 ms MarkObjects: 9.656800 ms  DeleteObjects: 0.383900 ms)

Shader warmup: 98 shaders 1474 combinations 0.002s
Kinematic body only supports Speculative Continuous collision detection
The referenced script on this Behaviour (Game Object 'Script') is missing!
The referenced script on this Behaviour (Game Object 'Script') is missing!
The referenced script on this Behaviour (Game Object 'Script') is missing!
The referenced script on this Behaviour (Game Object 'Enemy') is missing!
The referenced script on this Behaviour (Game Object 'Enemy') is missing!
The referenced script on this Behaviour (Game Object 'Enemy') is missing!
The referenced script on this Behaviour (Game Object 'Enemy') is missing!
The referenced script on this Behaviour (Game Object 'Script') is missing!
The referenced script on this Behaviour (Game Object 'Script') is missing!
The referenced script on this Behaviour (Game Object 'Script') is missing!
The referenced script on this Behaviour (Game Object 'LevelFlowControlLevel1') is missing!
The referenced script on this Behaviour (Game Object 'LevelFlowControlLevel3') is missing!
The referenced script on this Behaviour (Game Object 'Script') is missing!
The referenced script on this Behaviour (Game Object 'Script') is missing!
The referenced script on this Behaviour (Game Object 'Script') is missing!
The referenced script on this Behaviour (Game Object 'Script') is missing!
The referenced script on this Behaviour (Game Object 'Script') is missing!
The referenced script on this Behaviour (Game Object 'Script') is missing!
The referenced script on this Behaviour (Game Object 'Script') is missing!
The referenced script on this Behaviour (Game Object 'Script') is missing!
The referenced script on this Behaviour (Game Object 'Script') is missing!
The referenced script on this Behaviour (Game Object 'Script') is missing!
The referenced script on this Behaviour (Game Object 'Script') is missing!
The referenced script on this Behaviour (Game Object 'Script') is missing!
The referenced script on this Behaviour (Game Object 'Script') is missing!
The referenced script on this Behaviour (Game Object 'Script') is missing!
The referenced script on this Behaviour (Game Object 'Script') is missing!
The referenced script on this Behaviour (Game Object 'Script') is missing!
The referenced script on this Behaviour (Game Object 'Script') is missing!
The referenced script on this Behaviour (Game Object 'Script') is missing!
The referenced script on this Behaviour (Game Object 'Script') is missing!
The referenced script on this Behaviour (Game Object 'Script') is missing!
The referenced script on this Behaviour (Game Object 'Script') is missing!
The referenced script on this Behaviour (Game Object 'Script') is missing!
The referenced script on this Behaviour (Game Object 'Script') is missing!
The referenced script on this Behaviour (Game Object 'Script') is missing!
The referenced script on this Behaviour (Game Object 'Script') is missing!
The referenced script on this Behaviour (Game Object 'Script') is missing!
The referenced script on this Behaviour (Game Object 'Script') is missing!
The referenced script on this Behaviour (Game Object 'Script') is missing!
The referenced script on this Behaviour (Game Object 'Script') is missing!
The referenced script on this Behaviour (Game Object 'Script') is missing!
The referenced script on this Behaviour (Game Object 'LevelFlowControlLevel0') is missing!
The referenced script on this Behaviour (Game Object 'Script') is missing!
The referenced script on this Behaviour (Game Object 'Script') is missing!
The referenced script on this Behaviour (Game Object 'Script') is missing!
The referenced script on this Behaviour (Game Object 'Script') is missing!
The referenced script on this Behaviour (Game Object 'Script') is missing!
The referenced script on this Behaviour (Game Object 'Script') is missing!
The referenced script on this Behaviour (Game Object 'Script') is missing!
The referenced script on this Behaviour (Game Object 'Script') is missing!
The referenced script on this Behaviour (Game Object 'Script') is missing!
The referenced script on this Behaviour (Game Object 'Script') is missing!
The referenced script on this Behaviour (Game Object 'Script') is missing!
The referenced script on this Behaviour (Game Object 'Script') is missing!
The referenced script on this Behaviour (Game Object 'Script') is missing!
The referenced script on this Behaviour (Game Object 'Script') is missing!
The referenced script on this Behaviour (Game Object 'Script') is missing!
The referenced script on this Behaviour (Game Object 'Script') is missing!
The referenced script on this Behaviour (Game Object 'Script') is missing!
The referenced script on this Behaviour (Game Object 'Script') is missing!
The referenced script on this Behaviour (Game Object 'LevelFlowControlLevel2') is missing!
The referenced script on this Behaviour (Game Object 'Script') is missing!
The referenced script on this Behaviour (Game Object 'Script') is missing!
The referenced script on this Behaviour (Game Object 'Script') is missing!
The referenced script on this Behaviour (Game Object 'Script') is missing!
The referenced script on this Behaviour (Game Object 'Script') is missing!
The referenced script on this Behaviour (Game Object 'Script') is missing!
The referenced script on this Behaviour (Game Object 'LevelFlowControlLevel4') is missing!
The referenced script on this Behaviour (Game Object 'Script') is missing!
The referenced script on this Behaviour (Game Object 'Script') is missing!
The referenced script on this Behaviour (Game Object 'Script') is missing!
The referenced script on this Behaviour (Game Object 'Script') is missing!
The referenced script on this Behaviour (Game Object 'Script') is missing!
The referenced script on this Behaviour (Game Object 'Script') is missing!
The referenced script on this Behaviour (Game Object 'Script') is missing!
The referenced script on this Behaviour (Game Object 'Script') is missing!
The referenced script on this Behaviour (Game Object 'Script') is missing!
The referenced script on this Behaviour (Game Object 'Script') is missing!
The referenced script on this Behaviour (Game Object 'Script') is missing!
The referenced script on this Behaviour (Game Object 'Script') is missing!
The referenced script on this Behaviour (Game Object 'Script') is missing!
The referenced script on this Behaviour (Game Object 'Script') is missing!
The referenced script on this Behaviour (Game Object 'Script') is missing!
The referenced script on this Behaviour (Game Object 'Enemy') is missing!
The referenced script on this Behaviour (Game Object 'Enemy') is missing!
The referenced script on this Behaviour (Game Object 'Enemy') is missing!
The referenced script on this Behaviour (Game Object 'Enemy') is missing!
The referenced script on this Behaviour (Game Object 'Script') is missing!
The referenced script on this Behaviour (Game Object 'Script') is missing!
The referenced script on this Behaviour (Game Object 'Script') is missing!
The referenced script on this Behaviour (Game Object 'Script') is missing!
The referenced script on this Behaviour (Game Object 'Script') is missing!
The referenced script on this Behaviour (Game Object 'Script') is missing!
The referenced script on this Behaviour (Game Object 'Script') is missing!
The referenced script on this Behaviour (Game Object 'Script') is missing!
The referenced script on this Behaviour (Game Object 'Script') is missing!
The referenced script on this Behaviour (Game Object 'Script') is missing!
The referenced script on this Behaviour (Game Object 'Script') is missing!
The referenced script on this Behaviour (Game Object 'Script') is missing!
The referenced script on this Behaviour (Game Object 'Script') is missing!
The referenced script on this Behaviour (Game Object 'Script') is missing!
The referenced script on this Behaviour (Game Object 'Script') is missing!
Unloading 19 Unused Serialized files (Serialized files now loaded: 0)
UnloadTime: 10.598300 ms

Unloading 229 unused Assets to reduce memory usage. Loaded Objects now: 31393.
Total: 12.104400 ms (FindLiveObjects: 0.788300 ms CreateObjectMapping: 0.314100 ms MarkObjects: 10.619800 ms  DeleteObjects: 0.381900 ms)

Shader warmup: 98 shaders 1474 combinations 0.002s
Kinematic body only supports Speculative Continuous collision detection
The referenced script on this Behaviour (Game Object 'Script') is missing!
The referenced script on this Behaviour (Game Object 'Script') is missing!
The referenced script on this Behaviour (Game Object 'Script') is missing!
The referenced script on this Behaviour (Game Object 'Enemy') is missing!
The referenced script on this Behaviour (Game Object 'Enemy') is missing!
The referenced script on this Behaviour (Game Object 'Enemy') is missing!
The referenced script on this Behaviour (Game Object 'Enemy') is missing!
The referenced script on this Behaviour (Game Object 'Script') is missing!
The referenced script on this Behaviour (Game Object 'Script') is missing!
The referenced script on this Behaviour (Game Object 'Script') is missing!
The referenced script on this Behaviour (Game Object 'LevelFlowControlLevel1') is missing!
The referenced script on this Behaviour (Game Object 'LevelFlowControlLevel3') is missing!
The referenced script on this Behaviour (Game Object 'Script') is missing!
The referenced script on this Behaviour (Game Object 'Script') is missing!
The referenced script on this Behaviour (Game Object 'Script') is missing!
The referenced script on this Behaviour (Game Object 'Script') is missing!
The referenced script on this Behaviour (Game Object 'Script') is missing!
The referenced script on this Behaviour (Game Object 'Script') is missing!
The referenced script on this Behaviour (Game Object 'Script') is missing!
The referenced script on this Behaviour (Game Object 'Script') is missing!
The referenced script on this Behaviour (Game Object 'Script') is missing!
The referenced script on this Behaviour (Game Object 'Script') is missing!
The referenced script on this Behaviour (Game Object 'Script') is missing!
The referenced script on this Behaviour (Game Object 'Script') is missing!
The referenced script on this Behaviour (Game Object 'Script') is missing!
The referenced script on this Behaviour (Game Object 'Script') is missing!
The referenced script on this Behaviour (Game Object 'Script') is missing!
The referenced script on this Behaviour (Game Object 'Script') is missing!
The referenced script on this Behaviour (Game Object 'Script') is missing!
The referenced script on this Behaviour (Game Object 'Script') is missing!
The referenced script on this Behaviour (Game Object 'Script') is missing!
The referenced script on this Behaviour (Game Object 'Script') is missing!
The referenced script on this Behaviour (Game Object 'Script') is missing!
The referenced script on this Behaviour (Game Object 'Script') is missing!
The referenced script on this Behaviour (Game Object 'Script') is missing!
The referenced script on this Behaviour (Game Object 'Script') is missing!
The referenced script on this Behaviour (Game Object 'Script') is missing!
The referenced script on this Behaviour (Game Object 'Script') is missing!
The referenced script on this Behaviour (Game Object 'Script') is missing!
The referenced script on this Behaviour (Game Object 'Script') is missing!
The referenced script on this Behaviour (Game Object 'Script') is missing!
The referenced script on this Behaviour (Game Object 'Script') is missing!
The referenced script on this Behaviour (Game Object 'LevelFlowControlLevel0') is missing!
The referenced script on this Behaviour (Game Object 'Script') is missing!
The referenced script on this Behaviour (Game Object 'Script') is missing!
The referenced script on this Behaviour (Game Object 'Script') is missing!
The referenced script on this Behaviour (Game Object 'Script') is missing!
The referenced script on this Behaviour (Game Object 'Script') is missing!
The referenced script on this Behaviour (Game Object 'Script') is missing!
The referenced script on this Behaviour (Game Object 'Script') is missing!
The referenced script on this Behaviour (Game Object 'Script') is missing!
The referenced script on this Behaviour (Game Object 'Script') is missing!
The referenced script on this Behaviour (Game Object 'Script') is missing!
The referenced script on this Behaviour (Game Object 'Script') is missing!
The referenced script on this Behaviour (Game Object 'Script') is missing!
The referenced script on this Behaviour (Game Object 'Script') is missing!
The referenced script on this Behaviour (Game Object 'Script') is missing!
The referenced script on this Behaviour (Game Object 'Script') is missing!
The referenced script on this Behaviour (Game Object 'Script') is missing!
The referenced script on this Behaviour (Game Object 'Script') is missing!
The referenced script on this Behaviour (Game Object 'Script') is missing!
The referenced script on this Behaviour (Game Object 'LevelFlowControlLevel2') is missing!
The referenced script on this Behaviour (Game Object 'Script') is missing!
The referenced script on this Behaviour (Game Object 'Script') is missing!
The referenced script on this Behaviour (Game Object 'Script') is missing!
The referenced script on this Behaviour (Game Object 'Script') is missing!
The referenced script on this Behaviour (Game Object 'Script') is missing!
The referenced script on this Behaviour (Game Object 'Script') is missing!
The referenced script on this Behaviour (Game Object 'LevelFlowControlLevel4') is missing!
The referenced script on this Behaviour (Game Object 'Script') is missing!
The referenced script on this Behaviour (Game Object 'Script') is missing!
The referenced script on this Behaviour (Game Object 'Script') is missing!
The referenced script on this Behaviour (Game Object 'Script') is missing!
The referenced script on this Behaviour (Game Object 'Script') is missing!
The referenced script on this Behaviour (Game Object 'Script') is missing!
The referenced script on this Behaviour (Game Object 'Script') is missing!
The referenced script on this Behaviour (Game Object 'Script') is missing!
The referenced script on this Behaviour (Game Object 'Script') is missing!
The referenced script on this Behaviour (Game Object 'Script') is missing!
The referenced script on this Behaviour (Game Object 'Script') is missing!
The referenced script on this Behaviour (Game Object 'Script') is missing!
The referenced script on this Behaviour (Game Object 'Script') is missing!
The referenced script on this Behaviour (Game Object 'Script') is missing!
The referenced script on this Behaviour (Game Object 'Script') is missing!
The referenced script on this Behaviour (Game Object 'Enemy') is missing!
The referenced script on this Behaviour (Game Object 'Enemy') is missing!
The referenced script on this Behaviour (Game Object 'Enemy') is missing!
The referenced script on this Behaviour (Game Object 'Enemy') is missing!
The referenced script on this Behaviour (Game Object 'Script') is missing!
The referenced script on this Behaviour (Game Object 'Script') is missing!
The referenced script on this Behaviour (Game Object 'Script') is missing!
The referenced script on this Behaviour (Game Object 'Script') is missing!
The referenced script on this Behaviour (Game Object 'Script') is missing!
The referenced script on this Behaviour (Game Object 'Script') is missing!
The referenced script on this Behaviour (Game Object 'Script') is missing!
The referenced script on this Behaviour (Game Object 'Script') is missing!
The referenced script on this Behaviour (Game Object 'Script') is missing!
The referenced script on this Behaviour (Game Object 'Script') is missing!
The referenced script on this Behaviour (Game Object 'Script') is missing!
The referenced script on this Behaviour (Game Object 'Script') is missing!
The referenced script on this Behaviour (Game Object 'Script') is missing!
The referenced script on this Behaviour (Game Object 'Script') is missing!
The referenced script on this Behaviour (Game Object 'Script') is missing!
Unloading 19 Unused Serialized files (Serialized files now loaded: 0)
UnloadTime: 9.737600 ms

Unloading 207 unused Assets to reduce memory usage. Loaded Objects now: 31423.
Total: 12.194800 ms (FindLiveObjects: 0.778400 ms CreateObjectMapping: 0.369800 ms MarkObjects: 10.665500 ms  DeleteObjects: 0.380800 ms)

Shader warmup: 98 shaders 1474 combinations 0.002s
Kinematic body only supports Speculative Continuous collision detection
The referenced script on this Behaviour (Game Object 'Script') is missing!
The referenced script on this Behaviour (Game Object 'Script') is missing!
The referenced script on this Behaviour (Game Object 'Script') is missing!
The referenced script on this Behaviour (Game Object 'Enemy') is missing!
The referenced script on this Behaviour (Game Object 'Enemy') is missing!
The referenced script on this Behaviour (Game Object 'Enemy') is missing!
The referenced script on this Behaviour (Game Object 'Enemy') is missing!
The referenced script on this Behaviour (Game Object 'Script') is missing!
The referenced script on this Behaviour (Game Object 'Script') is missing!
The referenced script on this Behaviour (Game Object 'Script') is missing!
The referenced script on this Behaviour (Game Object 'LevelFlowControlLevel1') is missing!
The referenced script on this Behaviour (Game Object 'LevelFlowControlLevel3') is missing!
The referenced script on this Behaviour (Game Object 'Script') is missing!
The referenced script on this Behaviour (Game Object 'Script') is missing!
The referenced script on this Behaviour (Game Object 'Script') is missing!
The referenced script on this Behaviour (Game Object 'Script') is missing!
The referenced script on this Behaviour (Game Object 'Script') is missing!
The referenced script on this Behaviour (Game Object 'Script') is missing!
The referenced script on this Behaviour (Game Object 'Script') is missing!
The referenced script on this Behaviour (Game Object 'Script') is missing!
The referenced script on this Behaviour (Game Object 'Script') is missing!
The referenced script on this Behaviour (Game Object 'Script') is missing!
The referenced script on this Behaviour (Game Object 'Script') is missing!
The referenced script on this Behaviour (Game Object 'Script') is missing!
The referenced script on this Behaviour (Game Object 'Script') is missing!
The referenced script on this Behaviour (Game Object 'Script') is missing!
The referenced script on this Behaviour (Game Object 'Script') is missing!
The referenced script on this Behaviour (Game Object 'Script') is missing!
The referenced script on this Behaviour (Game Object 'Script') is missing!
The referenced script on this Behaviour (Game Object 'Script') is missing!
The referenced script on this Behaviour (Game Object 'Script') is missing!
The referenced script on this Behaviour (Game Object 'Script') is missing!
The referenced script on this Behaviour (Game Object 'Script') is missing!
The referenced script on this Behaviour (Game Object 'Script') is missing!
The referenced script on this Behaviour (Game Object 'Script') is missing!
The referenced script on this Behaviour (Game Object 'Script') is missing!
The referenced script on this Behaviour (Game Object 'Script') is missing!
The referenced script on this Behaviour (Game Object 'Script') is missing!
The referenced script on this Behaviour (Game Object 'Script') is missing!
The referenced script on this Behaviour (Game Object 'Script') is missing!
The referenced script on this Behaviour (Game Object 'Script') is missing!
The referenced script on this Behaviour (Game Object 'Script') is missing!
The referenced script on this Behaviour (Game Object 'LevelFlowControlLevel0') is missing!
The referenced script on this Behaviour (Game Object 'Script') is missing!
The referenced script on this Behaviour (Game Object 'Script') is missing!
The referenced script on this Behaviour (Game Object 'Script') is missing!
The referenced script on this Behaviour (Game Object 'Script') is missing!
The referenced script on this Behaviour (Game Object 'Script') is missing!
The referenced script on this Behaviour (Game Object 'Script') is missing!
The referenced script on this Behaviour (Game Object 'Script') is missing!
The referenced script on this Behaviour (Game Object 'Script') is missing!
The referenced script on this Behaviour (Game Object 'Script') is missing!
The referenced script on this Behaviour (Game Object 'Script') is missing!
The referenced script on this Behaviour (Game Object 'Script') is missing!
The referenced script on this Behaviour (Game Object 'Script') is missing!
The referenced script on this Behaviour (Game Object 'Script') is missing!
The referenced script on this Behaviour (Game Object 'Script') is missing!
The referenced script on this Behaviour (Game Object 'Script') is missing!
The referenced script on this Behaviour (Game Object 'Script') is missing!
The referenced script on this Behaviour (Game Object 'Script') is missing!
The referenced script on this Behaviour (Game Object 'Script') is missing!
The referenced script on this Behaviour (Game Object 'LevelFlowControlLevel2') is missing!
The referenced script on this Behaviour (Game Object 'Script') is missing!
The referenced script on this Behaviour (Game Object 'Script') is missing!
The referenced script on this Behaviour (Game Object 'Script') is missing!
The referenced script on this Behaviour (Game Object 'Script') is missing!
The referenced script on this Behaviour (Game Object 'Script') is missing!
The referenced script on this Behaviour (Game Object 'Script') is missing!
The referenced script on this Behaviour (Game Object 'LevelFlowControlLevel4') is missing!
The referenced script on this Behaviour (Game Object 'Script') is missing!
The referenced script on this Behaviour (Game Object 'Script') is missing!
The referenced script on this Behaviour (Game Object 'Script') is missing!
The referenced script on this Behaviour (Game Object 'Script') is missing!
The referenced script on this Behaviour (Game Object 'Script') is missing!
The referenced script on this Behaviour (Game Object 'Script') is missing!
The referenced script on this Behaviour (Game Object 'Script') is missing!
The referenced script on this Behaviour (Game Object 'Script') is missing!
The referenced script on this Behaviour (Game Object 'Script') is missing!
The referenced script on this Behaviour (Game Object 'Script') is missing!
The referenced script on this Behaviour (Game Object 'Script') is missing!
The referenced script on this Behaviour (Game Object 'Script') is missing!
The referenced script on this Behaviour (Game Object 'Script') is missing!
The referenced script on this Behaviour (Game Object 'Script') is missing!
The referenced script on this Behaviour (Game Object 'Script') is missing!
The referenced script on this Behaviour (Game Object 'Enemy') is missing!
The referenced script on this Behaviour (Game Object 'Enemy') is missing!
The referenced script on this Behaviour (Game Object 'Enemy') is missing!
The referenced script on this Behaviour (Game Object 'Enemy') is missing!
The referenced script on this Behaviour (Game Object 'Script') is missing!
The referenced script on this Behaviour (Game Object 'Script') is missing!
The referenced script on this Behaviour (Game Object 'Script') is missing!
The referenced script on this Behaviour (Game Object 'Script') is missing!
The referenced script on this Behaviour (Game Object 'Script') is missing!
The referenced script on this Behaviour (Game Object 'Script') is missing!
The referenced script on this Behaviour (Game Object 'Script') is missing!
The referenced script on this Behaviour (Game Object 'Script') is missing!
The referenced script on this Behaviour (Game Object 'Script') is missing!
The referenced script on this Behaviour (Game Object 'Script') is missing!
The referenced script on this Behaviour (Game Object 'Script') is missing!
The referenced script on this Behaviour (Game Object 'Script') is missing!
The referenced script on this Behaviour (Game Object 'Script') is missing!
The referenced script on this Behaviour (Game Object 'Script') is missing!
The referenced script on this Behaviour (Game Object 'Script') is missing!
Unloading 19 Unused Serialized files (Serialized files now loaded: 0)
UnloadTime: 9.047300 ms

Unloading 207 unused Assets to reduce memory usage. Loaded Objects now: 31455.
Total: 12.555900 ms (FindLiveObjects: 0.744500 ms CreateObjectMapping: 0.390600 ms MarkObjects: 11.023400 ms  DeleteObjects: 0.397200 ms)

Shader warmup: 98 shaders 1474 combinations 0.002s
Kinematic body only supports Speculative Continuous collision detection
Kinematic body only supports Speculative Continuous collision detection
BoxColliders does not support negative scale or size.
The effective box size has been forced positive and is likely to give unexpected collision geometry.
If you absolutely need to use negative scaling you can use the convex MeshCollider. Scene hierarchy path "Enemy/EnemyBody/rig/root/Hips/Spine/Chest/RightShoulder/RightArm/RightForeArm/RightHand/MeleeWeaponSocket/KatanaPickup(Clone)/Offset/collider"
BoxColliders does not support negative scale or size.
The effective box size has been forced positive and is likely to give unexpected collision geometry.
If you absolutely need to use negative scaling you can use the convex MeshCollider. Scene hierarchy path "Pickups/KatanaPickup(Clone)/Offset/collider"
The referenced script on this Behaviour (Game Object 'Script') is missing!
The referenced script on this Behaviour (Game Object 'Script') is missing!
The referenced script on this Behaviour (Game Object 'Script') is missing!
The referenced script on this Behaviour (Game Object 'Enemy') is missing!
The referenced script on this Behaviour (Game Object 'Enemy') is missing!
The referenced script on this Behaviour (Game Object 'Enemy') is missing!
The referenced script on this Behaviour (Game Object 'Enemy') is missing!
The referenced script on this Behaviour (Game Object 'Script') is missing!
The referenced script on this Behaviour (Game Object 'Script') is missing!
The referenced script on this Behaviour (Game Object 'Script') is missing!
The referenced script on this Behaviour (Game Object 'LevelFlowControlLevel1') is missing!
The referenced script on this Behaviour (Game Object 'LevelFlowControlLevel3') is missing!
The referenced script on this Behaviour (Game Object 'Script') is missing!
The referenced script on this Behaviour (Game Object 'Script') is missing!
The referenced script on this Behaviour (Game Object 'Script') is missing!
The referenced script on this Behaviour (Game Object 'Script') is missing!
The referenced script on this Behaviour (Game Object 'Script') is missing!
The referenced script on this Behaviour (Game Object 'Script') is missing!
The referenced script on this Behaviour (Game Object 'Script') is missing!
The referenced script on this Behaviour (Game Object 'Script') is missing!
The referenced script on this Behaviour (Game Object 'Script') is missing!
The referenced script on this Behaviour (Game Object 'Script') is missing!
The referenced script on this Behaviour (Game Object 'Script') is missing!
The referenced script on this Behaviour (Game Object 'Script') is missing!
The referenced script on this Behaviour (Game Object 'Script') is missing!
The referenced script on this Behaviour (Game Object 'Script') is missing!
The referenced script on this Behaviour (Game Object 'Script') is missing!
The referenced script on this Behaviour (Game Object 'Script') is missing!
The referenced script on this Behaviour (Game Object 'Script') is missing!
The referenced script on this Behaviour (Game Object 'Script') is missing!
The referenced script on this Behaviour (Game Object 'Script') is missing!
The referenced script on this Behaviour (Game Object 'Script') is missing!
The referenced script on this Behaviour (Game Object 'Script') is missing!
The referenced script on this Behaviour (Game Object 'Script') is missing!
The referenced script on this Behaviour (Game Object 'Script') is missing!
The referenced script on this Behaviour (Game Object 'Script') is missing!
The referenced script on this Behaviour (Game Object 'Script') is missing!
The referenced script on this Behaviour (Game Object 'Script') is missing!
The referenced script on this Behaviour (Game Object 'Script') is missing!
The referenced script on this Behaviour (Game Object 'Script') is missing!
The referenced script on this Behaviour (Game Object 'Script') is missing!
The referenced script on this Behaviour (Game Object 'Script') is missing!
The referenced script on this Behaviour (Game Object 'LevelFlowControlLevel0') is missing!
The referenced script on this Behaviour (Game Object 'Script') is missing!
The referenced script on this Behaviour (Game Object 'Script') is missing!
The referenced script on this Behaviour (Game Object 'Script') is missing!
The referenced script on this Behaviour (Game Object 'Script') is missing!
The referenced script on this Behaviour (Game Object 'Script') is missing!
The referenced script on this Behaviour (Game Object 'Script') is missing!
The referenced script on this Behaviour (Game Object 'Script') is missing!
The referenced script on this Behaviour (Game Object 'Script') is missing!
The referenced script on this Behaviour (Game Object 'Script') is missing!
The referenced script on this Behaviour (Game Object 'Script') is missing!
The referenced script on this Behaviour (Game Object 'Script') is missing!
The referenced script on this Behaviour (Game Object 'Script') is missing!
The referenced script on this Behaviour (Game Object 'Script') is missing!
The referenced script on this Behaviour (Game Object 'Script') is missing!
The referenced script on this Behaviour (Game Object 'Script') is missing!
The referenced script on this Behaviour (Game Object 'Script') is missing!
The referenced script on this Behaviour (Game Object 'Script') is missing!
The referenced script on this Behaviour (Game Object 'Script') is missing!
The referenced script on this Behaviour (Game Object 'LevelFlowControlLevel2') is missing!
The referenced script on this Behaviour (Game Object 'Script') is missing!
The referenced script on this Behaviour (Game Object 'Script') is missing!
The referenced script on this Behaviour (Game Object 'Script') is missing!
The referenced script on this Behaviour (Game Object 'Script') is missing!
The referenced script on this Behaviour (Game Object 'Script') is missing!
The referenced script on this Behaviour (Game Object 'Script') is missing!
The referenced script on this Behaviour (Game Object 'LevelFlowControlLevel4') is missing!
The referenced script on this Behaviour (Game Object 'Script') is missing!
The referenced script on this Behaviour (Game Object 'Script') is missing!
The referenced script on this Behaviour (Game Object 'Script') is missing!
The referenced script on this Behaviour (Game Object 'Script') is missing!
The referenced script on this Behaviour (Game Object 'Script') is missing!
The referenced script on this Behaviour (Game Object 'Script') is missing!
The referenced script on this Behaviour (Game Object 'Script') is missing!
The referenced script on this Behaviour (Game Object 'Script') is missing!
The referenced script on this Behaviour (Game Object 'Script') is missing!
The referenced script on this Behaviour (Game Object 'Script') is missing!
The referenced script on this Behaviour (Game Object 'Script') is missing!
The referenced script on this Behaviour (Game Object 'Script') is missing!
The referenced script on this Behaviour (Game Object 'Script') is missing!
The referenced script on this Behaviour (Game Object 'Script') is missing!
The referenced script on this Behaviour (Game Object 'Script') is missing!
The referenced script on this Behaviour (Game Object 'Enemy') is missing!
The referenced script on this Behaviour (Game Object 'Enemy') is missing!
The referenced script on this Behaviour (Game Object 'Enemy') is missing!
The referenced script on this Behaviour (Game Object 'Enemy') is missing!
The referenced script on this Behaviour (Game Object 'Script') is missing!
The referenced script on this Behaviour (Game Object 'Script') is missing!
The referenced script on this Behaviour (Game Object 'Script') is missing!
The referenced script on this Behaviour (Game Object 'Script') is missing!
The referenced script on this Behaviour (Game Object 'Script') is missing!
The referenced script on this Behaviour (Game Object 'Script') is missing!
The referenced script on this Behaviour (Game Object 'Script') is missing!
The referenced script on this Behaviour (Game Object 'Script') is missing!
The referenced script on this Behaviour (Game Object 'Script') is missing!
The referenced script on this Behaviour (Game Object 'Script') is missing!
The referenced script on this Behaviour (Game Object 'Script') is missing!
The referenced script on this Behaviour (Game Object 'Script') is missing!
The referenced script on this Behaviour (Game Object 'Script') is missing!
The referenced script on this Behaviour (Game Object 'Script') is missing!
The referenced script on this Behaviour (Game Object 'Script') is missing!
Unloading 19 Unused Serialized files (Serialized files now loaded: 0)
UnloadTime: 10.050700 ms

Unloading 245 unused Assets to reduce memory usage. Loaded Objects now: 31485.
Total: 11.472100 ms (FindLiveObjects: 0.831800 ms CreateObjectMapping: 0.304600 ms MarkObjects: 9.922500 ms  DeleteObjects: 0.412900 ms)

Shader warmup: 98 shaders 1474 combinations 0.003s
Kinematic body only supports Speculative Continuous collision detection
The referenced script on this Behaviour (Game Object 'Script') is missing!
The referenced script on this Behaviour (Game Object 'Script') is missing!
The referenced script on this Behaviour (Game Object 'Script') is missing!
The referenced script on this Behaviour (Game Object 'Enemy') is missing!
The referenced script on this Behaviour (Game Object 'Enemy') is missing!
The referenced script on this Behaviour (Game Object 'Enemy') is missing!
The referenced script on this Behaviour (Game Object 'Enemy') is missing!
The referenced script on this Behaviour (Game Object 'Script') is missing!
The referenced script on this Behaviour (Game Object 'Script') is missing!
The referenced script on this Behaviour (Game Object 'Script') is missing!
The referenced script on this Behaviour (Game Object 'LevelFlowControlLevel1') is missing!
The referenced script on this Behaviour (Game Object 'LevelFlowControlLevel3') is missing!
The referenced script on this Behaviour (Game Object 'Script') is missing!
The referenced script on this Behaviour (Game Object 'Script') is missing!
The referenced script on this Behaviour (Game Object 'Script') is missing!
The referenced script on this Behaviour (Game Object 'Script') is missing!
The referenced script on this Behaviour (Game Object 'Script') is missing!
The referenced script on this Behaviour (Game Object 'Script') is missing!
The referenced script on this Behaviour (Game Object 'Script') is missing!
The referenced script on this Behaviour (Game Object 'Script') is missing!
The referenced script on this Behaviour (Game Object 'Script') is missing!
The referenced script on this Behaviour (Game Object 'Script') is missing!
The referenced script on this Behaviour (Game Object 'Script') is missing!
The referenced script on this Behaviour (Game Object 'Script') is missing!
The referenced script on this Behaviour (Game Object 'Script') is missing!
The referenced script on this Behaviour (Game Object 'Script') is missing!
The referenced script on this Behaviour (Game Object 'Script') is missing!
The referenced script on this Behaviour (Game Object 'Script') is missing!
The referenced script on this Behaviour (Game Object 'Script') is missing!
The referenced script on this Behaviour (Game Object 'Script') is missing!
The referenced script on this Behaviour (Game Object 'Script') is missing!
The referenced script on this Behaviour (Game Object 'Script') is missing!
The referenced script on this Behaviour (Game Object 'Script') is missing!
The referenced script on this Behaviour (Game Object 'Script') is missing!
The referenced script on this Behaviour (Game Object 'Script') is missing!
The referenced script on this Behaviour (Game Object 'Script') is missing!
The referenced script on this Behaviour (Game Object 'Script') is missing!
The referenced script on this Behaviour (Game Object 'Script') is missing!
The referenced script on this Behaviour (Game Object 'Script') is missing!
The referenced script on this Behaviour (Game Object 'Script') is missing!
The referenced script on this Behaviour (Game Object 'Script') is missing!
The referenced script on this Behaviour (Game Object 'Script') is missing!
The referenced script on this Behaviour (Game Object 'LevelFlowControlLevel0') is missing!
The referenced script on this Behaviour (Game Object 'Script') is missing!
The referenced script on this Behaviour (Game Object 'Script') is missing!
The referenced script on this Behaviour (Game Object 'Script') is missing!
The referenced script on this Behaviour (Game Object 'Script') is missing!
The referenced script on this Behaviour (Game Object 'Script') is missing!
The referenced script on this Behaviour (Game Object 'Script') is missing!
The referenced script on this Behaviour (Game Object 'Script') is missing!
The referenced script on this Behaviour (Game Object 'Script') is missing!
The referenced script on this Behaviour (Game Object 'Script') is missing!
The referenced script on this Behaviour (Game Object 'Script') is missing!
The referenced script on this Behaviour (Game Object 'Script') is missing!
The referenced script on this Behaviour (Game Object 'Script') is missing!
The referenced script on this Behaviour (Game Object 'Script') is missing!
The referenced script on this Behaviour (Game Object 'Script') is missing!
The referenced script on this Behaviour (Game Object 'Script') is missing!
The referenced script on this Behaviour (Game Object 'Script') is missing!
The referenced script on this Behaviour (Game Object 'Script') is missing!
The referenced script on this Behaviour (Game Object 'Script') is missing!
The referenced script on this Behaviour (Game Object 'LevelFlowControlLevel2') is missing!
The referenced script on this Behaviour (Game Object 'Script') is missing!
The referenced script on this Behaviour (Game Object 'Script') is missing!
The referenced script on this Behaviour (Game Object 'Script') is missing!
The referenced script on this Behaviour (Game Object 'Script') is missing!
The referenced script on this Behaviour (Game Object 'Script') is missing!
The referenced script on this Behaviour (Game Object 'Script') is missing!
The referenced script on this Behaviour (Game Object 'LevelFlowControlLevel4') is missing!
The referenced script on this Behaviour (Game Object 'Script') is missing!
The referenced script on this Behaviour (Game Object 'Script') is missing!
The referenced script on this Behaviour (Game Object 'Script') is missing!
The referenced script on this Behaviour (Game Object 'Script') is missing!
The referenced script on this Behaviour (Game Object 'Script') is missing!
The referenced script on this Behaviour (Game Object 'Script') is missing!
The referenced script on this Behaviour (Game Object 'Script') is missing!
The referenced script on this Behaviour (Game Object 'Script') is missing!
The referenced script on this Behaviour (Game Object 'Script') is missing!
The referenced script on this Behaviour (Game Object 'Script') is missing!
The referenced script on this Behaviour (Game Object 'Script') is missing!
The referenced script on this Behaviour (Game Object 'Script') is missing!
The referenced script on this Behaviour (Game Object 'Script') is missing!
The referenced script on this Behaviour (Game Object 'Script') is missing!
The referenced script on this Behaviour (Game Object 'Script') is missing!
The referenced script on this Behaviour (Game Object 'Enemy') is missing!
The referenced script on this Behaviour (Game Object 'Enemy') is missing!
The referenced script on this Behaviour (Game Object 'Enemy') is missing!
The referenced script on this Behaviour (Game Object 'Enemy') is missing!
The referenced script on this Behaviour (Game Object 'Script') is missing!
The referenced script on this Behaviour (Game Object 'Script') is missing!
The referenced script on this Behaviour (Game Object 'Script') is missing!
The referenced script on this Behaviour (Game Object 'Script') is missing!
The referenced script on this Behaviour (Game Object 'Script') is missing!
The referenced script on this Behaviour (Game Object 'Script') is missing!
The referenced script on this Behaviour (Game Object 'Script') is missing!
The referenced script on this Behaviour (Game Object 'Script') is missing!
The referenced script on this Behaviour (Game Object 'Script') is missing!
The referenced script on this Behaviour (Game Object 'Script') is missing!
The referenced script on this Behaviour (Game Object 'Script') is missing!
The referenced script on this Behaviour (Game Object 'Script') is missing!
The referenced script on this Behaviour (Game Object 'Script') is missing!
The referenced script on this Behaviour (Game Object 'Script') is missing!
The referenced script on this Behaviour (Game Object 'Script') is missing!
Unloading 19 Unused Serialized files (Serialized files now loaded: 0)
UnloadTime: 12.924700 ms

Unloading 229 unused Assets to reduce memory usage. Loaded Objects now: 31519.
Total: 13.201800 ms (FindLiveObjects: 0.851700 ms CreateObjectMapping: 0.317100 ms MarkObjects: 11.589500 ms  DeleteObjects: 0.443100 ms)

Shader warmup: 98 shaders 1474 combinations 0.002s
Kinematic body only supports Speculative Continuous collision detection
The referenced script on this Behaviour (Game Object 'Script') is missing!
The referenced script on this Behaviour (Game Object 'Script') is missing!
The referenced script on this Behaviour (Game Object 'Script') is missing!
The referenced script on this Behaviour (Game Object 'Enemy') is missing!
The referenced script on this Behaviour (Game Object 'Enemy') is missing!
The referenced script on this Behaviour (Game Object 'Enemy') is missing!
The referenced script on this Behaviour (Game Object 'Enemy') is missing!
The referenced script on this Behaviour (Game Object 'Script') is missing!
The referenced script on this Behaviour (Game Object 'Script') is missing!
The referenced script on this Behaviour (Game Object 'Script') is missing!
The referenced script on this Behaviour (Game Object 'LevelFlowControlLevel1') is missing!
The referenced script on this Behaviour (Game Object 'LevelFlowControlLevel3') is missing!
The referenced script on this Behaviour (Game Object 'Script') is missing!
The referenced script on this Behaviour (Game Object 'Script') is missing!
The referenced script on this Behaviour (Game Object 'Script') is missing!
The referenced script on this Behaviour (Game Object 'Script') is missing!
The referenced script on this Behaviour (Game Object 'Script') is missing!
The referenced script on this Behaviour (Game Object 'Script') is missing!
The referenced script on this Behaviour (Game Object 'Script') is missing!
The referenced script on this Behaviour (Game Object 'Script') is missing!
The referenced script on this Behaviour (Game Object 'Script') is missing!
The referenced script on this Behaviour (Game Object 'Script') is missing!
The referenced script on this Behaviour (Game Object 'Script') is missing!
The referenced script on this Behaviour (Game Object 'Script') is missing!
The referenced script on this Behaviour (Game Object 'Script') is missing!
The referenced script on this Behaviour (Game Object 'Script') is missing!
The referenced script on this Behaviour (Game Object 'Script') is missing!
The referenced script on this Behaviour (Game Object 'Script') is missing!
The referenced script on this Behaviour (Game Object 'Script') is missing!
The referenced script on this Behaviour (Game Object 'Script') is missing!
The referenced script on this Behaviour (Game Object 'Script') is missing!
The referenced script on this Behaviour (Game Object 'Script') is missing!
The referenced script on this Behaviour (Game Object 'Script') is missing!
The referenced script on this Behaviour (Game Object 'Script') is missing!
The referenced script on this Behaviour (Game Object 'Script') is missing!
The referenced script on this Behaviour (Game Object 'Script') is missing!
The referenced script on this Behaviour (Game Object 'Script') is missing!
The referenced script on this Behaviour (Game Object 'Script') is missing!
The referenced script on this Behaviour (Game Object 'Script') is missing!
The referenced script on this Behaviour (Game Object 'Script') is missing!
The referenced script on this Behaviour (Game Object 'Script') is missing!
The referenced script on this Behaviour (Game Object 'Script') is missing!
The referenced script on this Behaviour (Game Object 'LevelFlowControlLevel0') is missing!
The referenced script on this Behaviour (Game Object 'Script') is missing!
The referenced script on this Behaviour (Game Object 'Script') is missing!
The referenced script on this Behaviour (Game Object 'Script') is missing!
The referenced script on this Behaviour (Game Object 'Script') is missing!
The referenced script on this Behaviour (Game Object 'Script') is missing!
The referenced script on this Behaviour (Game Object 'Script') is missing!
The referenced script on this Behaviour (Game Object 'Script') is missing!
The referenced script on this Behaviour (Game Object 'Script') is missing!
The referenced script on this Behaviour (Game Object 'Script') is missing!
The referenced script on this Behaviour (Game Object 'Script') is missing!
The referenced script on this Behaviour (Game Object 'Script') is missing!
The referenced script on this Behaviour (Game Object 'Script') is missing!
The referenced script on this Behaviour (Game Object 'Script') is missing!
The referenced script on this Behaviour (Game Object 'Script') is missing!
The referenced script on this Behaviour (Game Object 'Script') is missing!
The referenced script on this Behaviour (Game Object 'Script') is missing!
The referenced script on this Behaviour (Game Object 'Script') is missing!
The referenced script on this Behaviour (Game Object 'Script') is missing!
The referenced script on this Behaviour (Game Object 'LevelFlowControlLevel2') is missing!
The referenced script on this Behaviour (Game Object 'Script') is missing!
The referenced script on this Behaviour (Game Object 'Script') is missing!
The referenced script on this Behaviour (Game Object 'Script') is missing!
The referenced script on this Behaviour (Game Object 'Script') is missing!
The referenced script on this Behaviour (Game Object 'Script') is missing!
The referenced script on this Behaviour (Game Object 'Script') is missing!
The referenced script on this Behaviour (Game Object 'LevelFlowControlLevel4') is missing!
The referenced script on this Behaviour (Game Object 'Script') is missing!
The referenced script on this Behaviour (Game Object 'Script') is missing!
The referenced script on this Behaviour (Game Object 'Script') is missing!
The referenced script on this Behaviour (Game Object 'Script') is missing!
The referenced script on this Behaviour (Game Object 'Script') is missing!
The referenced script on this Behaviour (Game Object 'Script') is missing!
The referenced script on this Behaviour (Game Object 'Script') is missing!
The referenced script on this Behaviour (Game Object 'Script') is missing!
The referenced script on this Behaviour (Game Object 'Script') is missing!
The referenced script on this Behaviour (Game Object 'Script') is missing!
The referenced script on this Behaviour (Game Object 'Script') is missing!
The referenced script on this Behaviour (Game Object 'Script') is missing!
The referenced script on this Behaviour (Game Object 'Script') is missing!
The referenced script on this Behaviour (Game Object 'Script') is missing!
The referenced script on this Behaviour (Game Object 'Script') is missing!
The referenced script on this Behaviour (Game Object 'Enemy') is missing!
The referenced script on this Behaviour (Game Object 'Enemy') is missing!
The referenced script on this Behaviour (Game Object 'Enemy') is missing!
The referenced script on this Behaviour (Game Object 'Enemy') is missing!
The referenced script on this Behaviour (Game Object 'Script') is missing!
The referenced script on this Behaviour (Game Object 'Script') is missing!
The referenced script on this Behaviour (Game Object 'Script') is missing!
The referenced script on this Behaviour (Game Object 'Script') is missing!
The referenced script on this Behaviour (Game Object 'Script') is missing!
The referenced script on this Behaviour (Game Object 'Script') is missing!
The referenced script on this Behaviour (Game Object 'Script') is missing!
The referenced script on this Behaviour (Game Object 'Script') is missing!
The referenced script on this Behaviour (Game Object 'Script') is missing!
The referenced script on this Behaviour (Game Object 'Script') is missing!
The referenced script on this Behaviour (Game Object 'Script') is missing!
The referenced script on this Behaviour (Game Object 'Script') is missing!
The referenced script on this Behaviour (Game Object 'Script') is missing!
The referenced script on this Behaviour (Game Object 'Script') is missing!
The referenced script on this Behaviour (Game Object 'Script') is missing!
Unloading 19 Unused Serialized files (Serialized files now loaded: 0)
UnloadTime: 10.061400 ms

Unloading 256 unused Assets to reduce memory usage. Loaded Objects now: 31557.
Total: 12.401900 ms (FindLiveObjects: 0.873700 ms CreateObjectMapping: 0.309200 ms MarkObjects: 10.795300 ms  DeleteObjects: 0.423200 ms)

Shader warmup: 98 shaders 1474 combinations 0.002s
Kinematic body only supports Speculative Continuous collision detection
The referenced script on this Behaviour (Game Object 'Script') is missing!
The referenced script on this Behaviour (Game Object 'Script') is missing!
The referenced script on this Behaviour (Game Object 'Script') is missing!
The referenced script on this Behaviour (Game Object 'Enemy') is missing!
The referenced script on this Behaviour (Game Object 'Enemy') is missing!
The referenced script on this Behaviour (Game Object 'Enemy') is missing!
The referenced script on this Behaviour (Game Object 'Enemy') is missing!
The referenced script on this Behaviour (Game Object 'Script') is missing!
The referenced script on this Behaviour (Game Object 'Script') is missing!
The referenced script on this Behaviour (Game Object 'Script') is missing!
The referenced script on this Behaviour (Game Object 'LevelFlowControlLevel1') is missing!
The referenced script on this Behaviour (Game Object 'LevelFlowControlLevel3') is missing!
The referenced script on this Behaviour (Game Object 'Script') is missing!
The referenced script on this Behaviour (Game Object 'Script') is missing!
The referenced script on this Behaviour (Game Object 'Script') is missing!
The referenced script on this Behaviour (Game Object 'Script') is missing!
The referenced script on this Behaviour (Game Object 'Script') is missing!
The referenced script on this Behaviour (Game Object 'Script') is missing!
The referenced script on this Behaviour (Game Object 'Script') is missing!
The referenced script on this Behaviour (Game Object 'Script') is missing!
The referenced script on this Behaviour (Game Object 'Script') is missing!
The referenced script on this Behaviour (Game Object 'Script') is missing!
The referenced script on this Behaviour (Game Object 'Script') is missing!
The referenced script on this Behaviour (Game Object 'Script') is missing!
The referenced script on this Behaviour (Game Object 'Script') is missing!
The referenced script on this Behaviour (Game Object 'Script') is missing!
The referenced script on this Behaviour (Game Object 'Script') is missing!
The referenced script on this Behaviour (Game Object 'Script') is missing!
The referenced script on this Behaviour (Game Object 'Script') is missing!
The referenced script on this Behaviour (Game Object 'Script') is missing!
The referenced script on this Behaviour (Game Object 'Script') is missing!
The referenced script on this Behaviour (Game Object 'Script') is missing!
The referenced script on this Behaviour (Game Object 'Script') is missing!
The referenced script on this Behaviour (Game Object 'Script') is missing!
The referenced script on this Behaviour (Game Object 'Script') is missing!
The referenced script on this Behaviour (Game Object 'Script') is missing!
The referenced script on this Behaviour (Game Object 'Script') is missing!
The referenced script on this Behaviour (Game Object 'Script') is missing!
The referenced script on this Behaviour (Game Object 'Script') is missing!
The referenced script on this Behaviour (Game Object 'Script') is missing!
The referenced script on this Behaviour (Game Object 'Script') is missing!
The referenced script on this Behaviour (Game Object 'Script') is missing!
The referenced script on this Behaviour (Game Object 'LevelFlowControlLevel0') is missing!
The referenced script on this Behaviour (Game Object 'Script') is missing!
The referenced script on this Behaviour (Game Object 'Script') is missing!
The referenced script on this Behaviour (Game Object 'Script') is missing!
The referenced script on this Behaviour (Game Object 'Script') is missing!
The referenced script on this Behaviour (Game Object 'Script') is missing!
The referenced script on this Behaviour (Game Object 'Script') is missing!
The referenced script on this Behaviour (Game Object 'Script') is missing!
The referenced script on this Behaviour (Game Object 'Script') is missing!
The referenced script on this Behaviour (Game Object 'Script') is missing!
The referenced script on this Behaviour (Game Object 'Script') is missing!
The referenced script on this Behaviour (Game Object 'Script') is missing!
The referenced script on this Behaviour (Game Object 'Script') is missing!
The referenced script on this Behaviour (Game Object 'Script') is missing!
The referenced script on this Behaviour (Game Object 'Script') is missing!
The referenced script on this Behaviour (Game Object 'Script') is missing!
The referenced script on this Behaviour (Game Object 'Script') is missing!
The referenced script on this Behaviour (Game Object 'Script') is missing!
The referenced script on this Behaviour (Game Object 'Script') is missing!
The referenced script on this Behaviour (Game Object 'LevelFlowControlLevel2') is missing!
The referenced script on this Behaviour (Game Object 'Script') is missing!
The referenced script on this Behaviour (Game Object 'Script') is missing!
The referenced script on this Behaviour (Game Object 'Script') is missing!
The referenced script on this Behaviour (Game Object 'Script') is missing!
The referenced script on this Behaviour (Game Object 'Script') is missing!
The referenced script on this Behaviour (Game Object 'Script') is missing!
The referenced script on this Behaviour (Game Object 'LevelFlowControlLevel4') is missing!
The referenced script on this Behaviour (Game Object 'Script') is missing!
The referenced script on this Behaviour (Game Object 'Script') is missing!
The referenced script on this Behaviour (Game Object 'Script') is missing!
The referenced script on this Behaviour (Game Object 'Script') is missing!
The referenced script on this Behaviour (Game Object 'Script') is missing!
The referenced script on this Behaviour (Game Object 'Script') is missing!
The referenced script on this Behaviour (Game Object 'Script') is missing!
The referenced script on this Behaviour (Game Object 'Script') is missing!
The referenced script on this Behaviour (Game Object 'Script') is missing!
The referenced script on this Behaviour (Game Object 'Script') is missing!
The referenced script on this Behaviour (Game Object 'Script') is missing!
The referenced script on this Behaviour (Game Object 'Script') is missing!
The referenced script on this Behaviour (Game Object 'Script') is missing!
The referenced script on this Behaviour (Game Object 'Script') is missing!
The referenced script on this Behaviour (Game Object 'Script') is missing!
The referenced script on this Behaviour (Game Object 'Enemy') is missing!
The referenced script on this Behaviour (Game Object 'Enemy') is missing!
The referenced script on this Behaviour (Game Object 'Enemy') is missing!
The referenced script on this Behaviour (Game Object 'Enemy') is missing!
The referenced script on this Behaviour (Game Object 'Script') is missing!
The referenced script on this Behaviour (Game Object 'Script') is missing!
The referenced script on this Behaviour (Game Object 'Script') is missing!
The referenced script on this Behaviour (Game Object 'Script') is missing!
The referenced script on this Behaviour (Game Object 'Script') is missing!
The referenced script on this Behaviour (Game Object 'Script') is missing!
The referenced script on this Behaviour (Game Object 'Script') is missing!
The referenced script on this Behaviour (Game Object 'Script') is missing!
The referenced script on this Behaviour (Game Object 'Script') is missing!
The referenced script on this Behaviour (Game Object 'Script') is missing!
The referenced script on this Behaviour (Game Object 'Script') is missing!
The referenced script on this Behaviour (Game Object 'Script') is missing!
The referenced script on this Behaviour (Game Object 'Script') is missing!
The referenced script on this Behaviour (Game Object 'Script') is missing!
The referenced script on this Behaviour (Game Object 'Script') is missing!
Unloading 19 Unused Serialized files (Serialized files now loaded: 0)
UnloadTime: 11.780500 ms

Unloading 207 unused Assets to reduce memory usage. Loaded Objects now: 31588.
Total: 11.904000 ms (FindLiveObjects: 0.913700 ms CreateObjectMapping: 0.311700 ms MarkObjects: 10.197700 ms  DeleteObjects: 0.480400 ms)

Shader warmup: 98 shaders 1474 combinations 0.003s
Kinematic body only supports Speculative Continuous collision detection
The referenced script on this Behaviour (Game Object 'Script') is missing!
The referenced script on this Behaviour (Game Object 'Script') is missing!
The referenced script on this Behaviour (Game Object 'Script') is missing!
The referenced script on this Behaviour (Game Object 'Enemy') is missing!
The referenced script on this Behaviour (Game Object 'Enemy') is missing!
The referenced script on this Behaviour (Game Object 'Enemy') is missing!
The referenced script on this Behaviour (Game Object 'Enemy') is missing!
The referenced script on this Behaviour (Game Object 'Script') is missing!
The referenced script on this Behaviour (Game Object 'Script') is missing!
The referenced script on this Behaviour (Game Object 'Script') is missing!
The referenced script on this Behaviour (Game Object 'LevelFlowControlLevel1') is missing!
The referenced script on this Behaviour (Game Object 'LevelFlowControlLevel3') is missing!
The referenced script on this Behaviour (Game Object 'Script') is missing!
The referenced script on this Behaviour (Game Object 'Script') is missing!
The referenced script on this Behaviour (Game Object 'Script') is missing!
The referenced script on this Behaviour (Game Object 'Script') is missing!
The referenced script on this Behaviour (Game Object 'Script') is missing!
The referenced script on this Behaviour (Game Object 'Script') is missing!
The referenced script on this Behaviour (Game Object 'Script') is missing!
The referenced script on this Behaviour (Game Object 'Script') is missing!
The referenced script on this Behaviour (Game Object 'Script') is missing!
The referenced script on this Behaviour (Game Object 'Script') is missing!
The referenced script on this Behaviour (Game Object 'Script') is missing!
The referenced script on this Behaviour (Game Object 'Script') is missing!
The referenced script on this Behaviour (Game Object 'Script') is missing!
The referenced script on this Behaviour (Game Object 'Script') is missing!
The referenced script on this Behaviour (Game Object 'Script') is missing!
The referenced script on this Behaviour (Game Object 'Script') is missing!
The referenced script on this Behaviour (Game Object 'Script') is missing!
The referenced script on this Behaviour (Game Object 'Script') is missing!
The referenced script on this Behaviour (Game Object 'Script') is missing!
The referenced script on this Behaviour (Game Object 'Script') is missing!
The referenced script on this Behaviour (Game Object 'Script') is missing!
The referenced script on this Behaviour (Game Object 'Script') is missing!
The referenced script on this Behaviour (Game Object 'Script') is missing!
The referenced script on this Behaviour (Game Object 'Script') is missing!
The referenced script on this Behaviour (Game Object 'Script') is missing!
The referenced script on this Behaviour (Game Object 'Script') is missing!
The referenced script on this Behaviour (Game Object 'Script') is missing!
The referenced script on this Behaviour (Game Object 'Script') is missing!
The referenced script on this Behaviour (Game Object 'Script') is missing!
The referenced script on this Behaviour (Game Object 'Script') is missing!
The referenced script on this Behaviour (Game Object 'LevelFlowControlLevel0') is missing!
The referenced script on this Behaviour (Game Object 'Script') is missing!
The referenced script on this Behaviour (Game Object 'Script') is missing!
The referenced script on this Behaviour (Game Object 'Script') is missing!
The referenced script on this Behaviour (Game Object 'Script') is missing!
The referenced script on this Behaviour (Game Object 'Script') is missing!
The referenced script on this Behaviour (Game Object 'Script') is missing!
The referenced script on this Behaviour (Game Object 'Script') is missing!
The referenced script on this Behaviour (Game Object 'Script') is missing!
The referenced script on this Behaviour (Game Object 'Script') is missing!
The referenced script on this Behaviour (Game Object 'Script') is missing!
The referenced script on this Behaviour (Game Object 'Script') is missing!
The referenced script on this Behaviour (Game Object 'Script') is missing!
The referenced script on this Behaviour (Game Object 'Script') is missing!
The referenced script on this Behaviour (Game Object 'Script') is missing!
The referenced script on this Behaviour (Game Object 'Script') is missing!
The referenced script on this Behaviour (Game Object 'Script') is missing!
The referenced script on this Behaviour (Game Object 'Script') is missing!
The referenced script on this Behaviour (Game Object 'Script') is missing!
The referenced script on this Behaviour (Game Object 'LevelFlowControlLevel2') is missing!
The referenced script on this Behaviour (Game Object 'Script') is missing!
The referenced script on this Behaviour (Game Object 'Script') is missing!
The referenced script on this Behaviour (Game Object 'Script') is missing!
The referenced script on this Behaviour (Game Object 'Script') is missing!
The referenced script on this Behaviour (Game Object 'Script') is missing!
The referenced script on this Behaviour (Game Object 'Script') is missing!
The referenced script on this Behaviour (Game Object 'LevelFlowControlLevel4') is missing!
The referenced script on this Behaviour (Game Object 'Script') is missing!
The referenced script on this Behaviour (Game Object 'Script') is missing!
The referenced script on this Behaviour (Game Object 'Script') is missing!
The referenced script on this Behaviour (Game Object 'Script') is missing!
The referenced script on this Behaviour (Game Object 'Script') is missing!
The referenced script on this Behaviour (Game Object 'Script') is missing!
The referenced script on this Behaviour (Game Object 'Script') is missing!
The referenced script on this Behaviour (Game Object 'Script') is missing!
The referenced script on this Behaviour (Game Object 'Script') is missing!
The referenced script on this Behaviour (Game Object 'Script') is missing!
The referenced script on this Behaviour (Game Object 'Script') is missing!
The referenced script on this Behaviour (Game Object 'Script') is missing!
The referenced script on this Behaviour (Game Object 'Script') is missing!
The referenced script on this Behaviour (Game Object 'Script') is missing!
The referenced script on this Behaviour (Game Object 'Script') is missing!
The referenced script on this Behaviour (Game Object 'Enemy') is missing!
The referenced script on this Behaviour (Game Object 'Enemy') is missing!
The referenced script on this Behaviour (Game Object 'Enemy') is missing!
The referenced script on this Behaviour (Game Object 'Enemy') is missing!
The referenced script on this Behaviour (Game Object 'Script') is missing!
The referenced script on this Behaviour (Game Object 'Script') is missing!
The referenced script on this Behaviour (Game Object 'Script') is missing!
The referenced script on this Behaviour (Game Object 'Script') is missing!
The referenced script on this Behaviour (Game Object 'Script') is missing!
The referenced script on this Behaviour (Game Object 'Script') is missing!
The referenced script on this Behaviour (Game Object 'Script') is missing!
The referenced script on this Behaviour (Game Object 'Script') is missing!
The referenced script on this Behaviour (Game Object 'Script') is missing!
The referenced script on this Behaviour (Game Object 'Script') is missing!
The referenced script on this Behaviour (Game Object 'Script') is missing!
The referenced script on this Behaviour (Game Object 'Script') is missing!
The referenced script on this Behaviour (Game Object 'Script') is missing!
The referenced script on this Behaviour (Game Object 'Script') is missing!
The referenced script on this Behaviour (Game Object 'Script') is missing!
Unloading 19 Unused Serialized files (Serialized files now loaded: 0)
UnloadTime: 11.726600 ms

Unloading 207 unused Assets to reduce memory usage. Loaded Objects now: 31620.
Total: 12.734200 ms (FindLiveObjects: 0.788000 ms CreateObjectMapping: 0.329400 ms MarkObjects: 11.214300 ms  DeleteObjects: 0.402200 ms)

Shader warmup: 98 shaders 1474 combinations 0.002s
Kinematic body only supports Speculative Continuous collision detection
The referenced script on this Behaviour (Game Object 'Script') is missing!
The referenced script on this Behaviour (Game Object 'Script') is missing!
The referenced script on this Behaviour (Game Object 'Script') is missing!
The referenced script on this Behaviour (Game Object 'Enemy') is missing!
The referenced script on this Behaviour (Game Object 'Enemy') is missing!
The referenced script on this Behaviour (Game Object 'Enemy') is missing!
The referenced script on this Behaviour (Game Object 'Enemy') is missing!
The referenced script on this Behaviour (Game Object 'Script') is missing!
The referenced script on this Behaviour (Game Object 'Script') is missing!
The referenced script on this Behaviour (Game Object 'Script') is missing!
The referenced script on this Behaviour (Game Object 'LevelFlowControlLevel1') is missing!
The referenced script on this Behaviour (Game Object 'LevelFlowControlLevel3') is missing!
The referenced script on this Behaviour (Game Object 'Script') is missing!
The referenced script on this Behaviour (Game Object 'Script') is missing!
The referenced script on this Behaviour (Game Object 'Script') is missing!
The referenced script on this Behaviour (Game Object 'Script') is missing!
The referenced script on this Behaviour (Game Object 'Script') is missing!
The referenced script on this Behaviour (Game Object 'Script') is missing!
The referenced script on this Behaviour (Game Object 'Script') is missing!
The referenced script on this Behaviour (Game Object 'Script') is missing!
The referenced script on this Behaviour (Game Object 'Script') is missing!
The referenced script on this Behaviour (Game Object 'Script') is missing!
The referenced script on this Behaviour (Game Object 'Script') is missing!
The referenced script on this Behaviour (Game Object 'Script') is missing!
The referenced script on this Behaviour (Game Object 'Script') is missing!
The referenced script on this Behaviour (Game Object 'Script') is missing!
The referenced script on this Behaviour (Game Object 'Script') is missing!
The referenced script on this Behaviour (Game Object 'Script') is missing!
The referenced script on this Behaviour (Game Object 'Script') is missing!
The referenced script on this Behaviour (Game Object 'Script') is missing!
The referenced script on this Behaviour (Game Object 'Script') is missing!
The referenced script on this Behaviour (Game Object 'Script') is missing!
The referenced script on this Behaviour (Game Object 'Script') is missing!
The referenced script on this Behaviour (Game Object 'Script') is missing!
The referenced script on this Behaviour (Game Object 'Script') is missing!
The referenced script on this Behaviour (Game Object 'Script') is missing!
The referenced script on this Behaviour (Game Object 'Script') is missing!
The referenced script on this Behaviour (Game Object 'Script') is missing!
The referenced script on this Behaviour (Game Object 'Script') is missing!
The referenced script on this Behaviour (Game Object 'Script') is missing!
The referenced script on this Behaviour (Game Object 'Script') is missing!
The referenced script on this Behaviour (Game Object 'Script') is missing!
The referenced script on this Behaviour (Game Object 'LevelFlowControlLevel0') is missing!
The referenced script on this Behaviour (Game Object 'Script') is missing!
The referenced script on this Behaviour (Game Object 'Script') is missing!
The referenced script on this Behaviour (Game Object 'Script') is missing!
The referenced script on this Behaviour (Game Object 'Script') is missing!
The referenced script on this Behaviour (Game Object 'Script') is missing!
The referenced script on this Behaviour (Game Object 'Script') is missing!
The referenced script on this Behaviour (Game Object 'Script') is missing!
The referenced script on this Behaviour (Game Object 'Script') is missing!
The referenced script on this Behaviour (Game Object 'Script') is missing!
The referenced script on this Behaviour (Game Object 'Script') is missing!
The referenced script on this Behaviour (Game Object 'Script') is missing!
The referenced script on this Behaviour (Game Object 'Script') is missing!
The referenced script on this Behaviour (Game Object 'Script') is missing!
The referenced script on this Behaviour (Game Object 'Script') is missing!
The referenced script on this Behaviour (Game Object 'Script') is missing!
The referenced script on this Behaviour (Game Object 'Script') is missing!
The referenced script on this Behaviour (Game Object 'Script') is missing!
The referenced script on this Behaviour (Game Object 'Script') is missing!
The referenced script on this Behaviour (Game Object 'LevelFlowControlLevel2') is missing!
The referenced script on this Behaviour (Game Object 'Script') is missing!
The referenced script on this Behaviour (Game Object 'Script') is missing!
The referenced script on this Behaviour (Game Object 'Script') is missing!
The referenced script on this Behaviour (Game Object 'Script') is missing!
The referenced script on this Behaviour (Game Object 'Script') is missing!
The referenced script on this Behaviour (Game Object 'Script') is missing!
The referenced script on this Behaviour (Game Object 'LevelFlowControlLevel4') is missing!
The referenced script on this Behaviour (Game Object 'Script') is missing!
The referenced script on this Behaviour (Game Object 'Script') is missing!
The referenced script on this Behaviour (Game Object 'Script') is missing!
The referenced script on this Behaviour (Game Object 'Script') is missing!
The referenced script on this Behaviour (Game Object 'Script') is missing!
The referenced script on this Behaviour (Game Object 'Script') is missing!
The referenced script on this Behaviour (Game Object 'Script') is missing!
The referenced script on this Behaviour (Game Object 'Script') is missing!
The referenced script on this Behaviour (Game Object 'Script') is missing!
The referenced script on this Behaviour (Game Object 'Script') is missing!
The referenced script on this Behaviour (Game Object 'Script') is missing!
The referenced script on this Behaviour (Game Object 'Script') is missing!
The referenced script on this Behaviour (Game Object 'Script') is missing!
The referenced script on this Behaviour (Game Object 'Script') is missing!
The referenced script on this Behaviour (Game Object 'Script') is missing!
The referenced script on this Behaviour (Game Object 'Enemy') is missing!
The referenced script on this Behaviour (Game Object 'Enemy') is missing!
The referenced script on this Behaviour (Game Object 'Enemy') is missing!
The referenced script on this Behaviour (Game Object 'Enemy') is missing!
The referenced script on this Behaviour (Game Object 'Script') is missing!
The referenced script on this Behaviour (Game Object 'Script') is missing!
The referenced script on this Behaviour (Game Object 'Script') is missing!
The referenced script on this Behaviour (Game Object 'Script') is missing!
The referenced script on this Behaviour (Game Object 'Script') is missing!
The referenced script on this Behaviour (Game Object 'Script') is missing!
The referenced script on this Behaviour (Game Object 'Script') is missing!
The referenced script on this Behaviour (Game Object 'Script') is missing!
The referenced script on this Behaviour (Game Object 'Script') is missing!
The referenced script on this Behaviour (Game Object 'Script') is missing!
The referenced script on this Behaviour (Game Object 'Script') is missing!
The referenced script on this Behaviour (Game Object 'Script') is missing!
The referenced script on this Behaviour (Game Object 'Script') is missing!
The referenced script on this Behaviour (Game Object 'Script') is missing!
The referenced script on this Behaviour (Game Object 'Script') is missing!
Unloading 19 Unused Serialized files (Serialized files now loaded: 0)
UnloadTime: 11.473000 ms

Unloading 207 unused Assets to reduce memory usage. Loaded Objects now: 31652.
Total: 12.749500 ms (FindLiveObjects: 0.847100 ms CreateObjectMapping: 0.366700 ms MarkObjects: 11.019000 ms  DeleteObjects: 0.516100 ms)

Shader warmup: 98 shaders 1474 combinations 0.003s
Kinematic body only supports Speculative Continuous collision detection
Kinematic body only supports Speculative Continuous collision detection
BoxColliders does not support negative scale or size.
The effective box size has been forced positive and is likely to give unexpected collision geometry.
If you absolutely need to use negative scaling you can use the convex MeshCollider. Scene hierarchy path "Enemy/EnemyBody/rig/root/Hips/Spine/Chest/RightShoulder/RightArm/RightForeArm/RightHand/MeleeWeaponSocket/KatanaPickup(Clone)/Offset/collider"
BoxColliders does not support negative scale or size.
The effective box size has been forced positive and is likely to give unexpected collision geometry.
If you absolutely need to use negative scaling you can use the convex MeshCollider. Scene hierarchy path "Pickups/KatanaPickup(Clone)/Offset/collider"
Kinematic body only supports Speculative Continuous collision detection
BoxColliders does not support negative scale or size.
The effective box size has been forced positive and is likely to give unexpected collision geometry.
If you absolutely need to use negative scaling you can use the convex MeshCollider. Scene hierarchy path "Pickups/KatanaPickup(Clone)/Offset/collider"
Kinematic body only supports Speculative Continuous collision detection
MISSING AUDIO CLIP!
Unloading 9 Unused Serialized files (Serialized files now loaded: 0)
UnloadTime: 18.766800 ms

Unloading 2118 unused Assets to reduce memory usage. Loaded Objects now: 16609.
Total: 14.772500 ms (FindLiveObjects: 0.575200 ms CreateObjectMapping: 0.230000 ms MarkObjects: 11.938400 ms  DeleteObjects: 2.028700 ms)

Shader warmup: 98 shaders 1474 combinations 0.003s
Unloading 5 Unused Serialized files (Serialized files now loaded: 0)
UnloadTime: 2.462200 ms

Unloading 194 unused Assets to reduce memory usage. Loaded Objects now: 9833.
Total: 6.114600 ms (FindLiveObjects: 0.299700 ms CreateObjectMapping: 0.130300 ms MarkObjects: 5.434800 ms  DeleteObjects: 0.249300 ms)

Shader warmup: 98 shaders 1474 combinations 0.003s
The referenced script on this Behaviour (Game Object 'SecurityCamera') is missing!
The referenced script on this Behaviour (Game Object 'SecurityCamera') is missing!
The referenced script on this Behaviour (Game Object 'EnemyBody') is missing!
The referenced script on this Behaviour (Game Object 'Enemy') is missing!
The referenced script on this Behaviour (Game Object 'Enemy') is missing!
The referenced script on this Behaviour (Game Object 'Enemy') is missing!
The referenced script on this Behaviour (Game Object 'Enemy') is missing!
Unloading 13 Unused Serialized files (Serialized files now loaded: 0)
UnloadTime: 0.465700 ms

Unloading 17 unused Assets to reduce memory usage. Loaded Objects now: 38700.
Total: 11.935600 ms (FindLiveObjects: 0.914500 ms CreateObjectMapping: 0.374700 ms MarkObjects: 10.585500 ms  DeleteObjects: 0.060600 ms)

Shader warmup: 98 shaders 1474 combinations 0.002s
Unloading 5 Unused Serialized files (Serialized files now loaded: 0)
UnloadTime: 7.040600 ms

Unloading 658 unused Assets to reduce memory usage. Loaded Objects now: 11150.
Total: 6.724800 ms (FindLiveObjects: 0.417400 ms CreateObjectMapping: 0.219500 ms MarkObjects: 5.275900 ms  DeleteObjects: 0.811600 ms)

Shader warmup: 98 shaders 1474 combinations 0.002s
Not enough parameters provided for string: ^Cr^M1ПОЗДРАВЛЯЕМ|||^CrТеперь ты можешь ^W2играть в SUPERHOT^W1 вечно.^W2|^CrИграй в Бесконечном режиме, проходи испытания, готовься к миссии.^W2|^CrПродвигай игру.^W2 Теперь ты за это отвечаешь.^W2||^CrДелись клипами в killterest.com|^CrЗаманивай новых игроков.^W2||^CrМы следим за тобой.^W2|^CrНе подведи нас.^W5|||^Crнажми [$VAR0] - и за работу., want: 0, have: 348
QUITTING VIA APPquit
Curl error 42: Callback aborted
