Log: Log file open, 02/17/25 12:52:27
Init: Memory Profiling : Disabled
Init: WinSock: version 1.1 (2.2), MaxSocks=32767, MaxUdp=65467
Log:  ... running in INSTALLED mode
Init: Version: 7258
Init: Epic Internal: 0
Init: Compiled (32-bit): May 20 2013 12:47:20
Init: Changelist: 641002
Init: Command line: 
Init: Base directory: D:\SteamLibrary\steamapps\common\Red Orchestra 2\binaries\win32\
[0000.57] Init: Computer: COMPUTER
[0000.57] Init: User: TeMeR
[0000.57] Init: CPU Page size=4096, Processors=16
[0000.57] Init: High frequency timer resolution =10.000000 MHz
[0000.57] Init: Memory total: Physical=63.9GB Pagefile=71.9GB Virtual=4.0GB
[0000.75] Log: STEAMWORKS initialized 1
[0000.79] Init: WinSock: I am Computer (172.25.144.1:0)
[0000.79] Init: Presizing for 132448 objects not considered by GC, pre-allocating 0 bytes.
[0000.79] Init: Object subsystem initialized
[0000.81] DevDataBase: Connection to "Provider=sqloledb;Data Source=production-db;Initial Catalog=EngineTaskPerf;Trusted_Connection=Yes;Connection Timeout=2" or "10.1.20.20" failed
[0003.27] Warning: Warning, Failed to load Outer for resource 'ReturnValue': Function OnlineSubsystemSteamworks.OnlineSubsystemSteamworks:CheckIfFileExistsLocally
[0003.27] Warning: Warning, Failed to load Outer for resource 'ReturnValue': Function OnlineSubsystemSteamworks.OnlineSubsystemSteamworks:DownloadSubscribedFile
[0003.27] Warning: Warning, Failed to load Outer for resource 'ReturnValue': Function OnlineSubsystemSteamworks.OnlineSubsystemSteamworks:RegisterLocalTalker
[0003.28] Warning: Warning, Failed to load Outer for resource 'ReturnValue': Function OnlineSubsystemSteamworks.OnlineSubsystemSteamworks:ResetStats
[0003.30] Warning: Warning, Failed to load Outer for resource 'ReturnValue': Function OnlineSubsystemSteamworks.OnlineSubsystemSteamworks:ReadGlobalStat
[0003.30] Warning: Warning, Failed to load Outer for resource 'ReturnValue': Function OnlineSubsystemSteamworks.OnlineSubsystemSteamworks:ReadUserStat
[0003.38] Warning: Warning, Failed to load Outer for resource 'ReturnValue': Function OnlineSubsystemSteamworks.OnlineSubsystemSteamworks:GetNumberOfCurrentPlayers
[0003.38] Warning: Warning, Failed to load Outer for resource 'ReturnValue': Function OnlineSubsystemSteamworks.OnlineSubsystemSteamworks:HasSPLicenseClient
[0003.39] Warning: Warning, Failed to load Outer for resource 'ReturnValue': Function OnlineSubsystemSteamworks.OnlineSubsystemSteamworks:GetCurrentVOIPLevel
[0003.40] Warning: Warning, Failed to load Outer for resource 'ReturnValue': Function OnlineSubsystemSteamworks.OnlineSubsystemSteamworks:HasRO1License
[0003.40] Warning: Warning, Failed to load Outer for resource 'ReturnValue': Function OnlineSubsystemSteamworks.OnlineSubsystemSteamworks:HasRO2Preorder
[0003.40] Warning: Warning, Failed to load Outer for resource 'ReturnValue': Function OnlineSubsystemSteamworks.OnlineSubsystemSteamworks:HasRisingStorm
[0003.40] Warning: Warning, Failed to load Outer for resource 'ReturnValue': Function OnlineSubsystemSteamworks.OnlineSubsystemSteamworks:HasRO1License
[0003.40] Warning: Warning, Failed to load Outer for resource 'ReturnValue': Function OnlineSubsystemSteamworks.OnlineSubsystemSteamworks:HasRO2Preorder
[0003.40] Warning: Warning, Failed to load Outer for resource 'ReturnValue': Function OnlineSubsystemSteamworks.OnlineSubsystemSteamworks:HasRisingStorm
[0006.93] Warning: Warning, Failed to compile Material EngineDebugMaterials.LightingModels.M_TextureDefinedSpecularReflection for platform PC-D3D-SM3, Default Material will be used in game.
[0006.93] Warning: Warning, Failed to compile Material EngineDebugMaterials.LightmapResolutionMaterial for platform PC-D3D-SM3, Default Material will be used in game.
[0006.93] Warning: Warning, Failed to compile Material EngineDebugMaterials.Testing.M_Sand_Master_VertPaint for platform PC-D3D-SM3, Default Material will be used in game.
[0006.93] Warning: Warning, Failed to compile Material EngineDebugMaterials.TexturePaint_2Tex_Color for platform PC-D3D-SM3, Default Material will be used in game.
[0006.93] Warning: Warning, Failed to compile Material EngineDebugMaterials.VertexPaint_2Tex_Color for platform PC-D3D-SM3, Default Material will be used in game.
[0006.93] Warning: Warning, Failed to compile Material EngineDebugMaterials.VertexPaint_4Tex for platform PC-D3D-SM3, Default Material will be used in game.
[0006.96] Warning: Warning, Failed to load 'Texture2D EngineMaterials.RandomMirrorDisc': Failed to find object 'Texture2D EngineMaterials.RandomMirrorDisc'
[0008.76] DevMemory: Virtual  memory allocation size: 240.80 MByte (252502016 Bytes)
[0024.41] OfficialGameServer: Removing ranked status: IS_RANKED_UPDATE returning FALSE
[0058.97] DevMemory: Virtual  memory allocation size: 320.92 MByte (336510976 Bytes)
[0066.77] DevPhysics: Error (1) in file ..\..\Physics\src\NpActor.cpp, line 245: Actor::setLinearVelocity: Actor must be (non-kinematic) dynamic!
[0066.77] DevPhysics: Error (1) in file ..\..\Physics\src\NpActor.cpp, line 255: Actor::setAngularVelocity: Actor must be (non-kinematic) dynamic!
[0066.77] Error: Can't start an online game that hasn't been created
[0134.21] Warning: Failed to find function TurnOffOverheadMapUpdates for timer in actor ROPlayerController_1
[0154.99] Warning: GetSocketWorldLocationAndRotation : Could not find socket 'None' in 'Ger_PZIV_Rig_Master'
[0154.99] Warning: GetSocketWorldLocationAndRotation : Could not find socket 'None' in 'Ger_PZIV_Rig_Master'
[0154.99] Warning: GetSocketWorldLocationAndRotation : Could not find socket 'None' in 'Ger_PZIV_Rig_Master'
[0154.99] Warning: GetSocketWorldLocationAndRotation : Could not find socket 'None' in 'Ger_PZIV_Rig_Master'
[0154.99] Warning: GetSocketWorldLocationAndRotation : Could not find socket 'None' in 'Ger_PZIV_Rig_Master'
[0154.99] Warning: GetSocketWorldLocationAndRotation : Could not find socket 'None' in 'Ger_PZIV_Rig_Master'
[0154.99] Warning: GetSocketWorldLocationAndRotation : Could not find socket 'None' in 'Ger_PZIV_Rig_Master'
[0154.99] Warning: GetSocketWorldLocationAndRotation : Could not find socket 'None' in 'Ger_PZIV_Rig_Master'
[0154.99] Warning: GetSocketWorldLocationAndRotation : Could not find socket 'None' in 'Ger_PZIV_Rig_Master'
[0154.99] Warning: GetSocketWorldLocationAndRotation : Could not find socket 'None' in 'Ger_PZIV_Rig_Master'
[0154.99] Warning: GetSocketWorldLocationAndRotation : Could not find socket 'None' in 'Ger_PZIV_Rig_Master'
[0154.99] Warning: GetSocketWorldLocationAndRotation : Could not find socket 'None' in 'Ger_PZIV_Rig_Master'
[0154.99] Warning: GetSocketWorldLocationAndRotation : Could not find socket 'None' in 'Ger_PZIV_Rig_Master'
[0154.99] Warning: GetSocketWorldLocationAndRotation : Could not find socket 'None' in 'Ger_PZIV_Rig_Master'
[0154.99] Warning: GetSocketWorldLocationAndRotation : Could not find socket 'None' in 'Ger_PZIV_Rig_Master'
[0154.99] Warning: GetSocketWorldLocationAndRotation : Could not find socket 'None' in 'Sov_T3476_Rig_Master'
[0154.99] Warning: GetSocketWorldLocationAndRotation : Could not find socket 'None' in 'Sov_T3476_Rig_Master'
[0154.99] Warning: GetSocketWorldLocationAndRotation : Could not find socket 'None' in 'Sov_T3476_Rig_Master'
[0154.99] Warning: GetSocketWorldLocationAndRotation : Could not find socket 'None' in 'Sov_T3476_Rig_Master'
[0154.99] Warning: GetSocketWorldLocationAndRotation : Could not find socket 'None' in 'Sov_T3476_Rig_Master'
[0154.99] Warning: GetSocketWorldLocationAndRotation : Could not find socket 'None' in 'Sov_T3476_Rig_Master'
[0154.99] Warning: GetSocketWorldLocationAndRotation : Could not find socket 'None' in 'Sov_T3476_Rig_Master'
[0154.99] Warning: GetSocketWorldLocationAndRotation : Could not find socket 'None' in 'Sov_T3476_Rig_Master'
[0154.99] Warning: GetSocketWorldLocationAndRotation : Could not find socket 'None' in 'Sov_T3476_Rig_Master'
[0154.99] Warning: GetSocketWorldLocationAndRotation : Could not find socket 'None' in 'Sov_T3476_Rig_Master'
[0154.99] Warning: GetSocketWorldLocationAndRotation : Could not find socket 'None' in 'Sov_T3476_Rig_Master'
[0160.18] Warning: GetSocketWorldLocationAndRotation : Could not find socket 'None' in 'Ger_PZIV_Rig_Master'
[0160.18] Warning: GetSocketWorldLocationAndRotation : Could not find socket 'None' in 'Ger_PZIV_Rig_Master'
[0160.18] Warning: GetSocketWorldLocationAndRotation : Could not find socket 'None' in 'Ger_PZIV_Rig_Master'
[0160.18] Warning: GetSocketWorldLocationAndRotation : Could not find socket 'None' in 'Ger_PZIV_Rig_Master'
[0160.18] Warning: GetSocketWorldLocationAndRotation : Could not find socket 'None' in 'Ger_PZIV_Rig_Master'
[0160.18] Warning: GetSocketWorldLocationAndRotation : Could not find socket 'None' in 'Ger_PZIV_Rig_Master'
[0160.18] Warning: GetSocketWorldLocationAndRotation : Could not find socket 'None' in 'Ger_PZIV_Rig_Master'
[0160.18] Warning: GetSocketWorldLocationAndRotation : Could not find socket 'None' in 'Ger_PZIV_Rig_Master'
[0160.18] Warning: GetSocketWorldLocationAndRotation : Could not find socket 'None' in 'Ger_PZIV_Rig_Master'
[0160.18] Warning: GetSocketWorldLocationAndRotation : Could not find socket 'None' in 'Ger_PZIV_Rig_Master'
[0160.18] Warning: GetSocketWorldLocationAndRotation : Could not find socket 'None' in 'Ger_PZIV_Destroyed_Master'
[0160.18] Warning: GetSocketWorldLocationAndRotation : Could not find socket 'None' in 'Ger_PZIV_Rig_Master'
[0160.18] Warning: GetSocketWorldLocationAndRotation : Could not find socket 'None' in 'Ger_PZIV_Rig_Master'
[0160.18] Warning: GetSocketWorldLocationAndRotation : Could not find socket 'None' in 'Ger_PZIV_Rig_Master'
[0160.18] Warning: GetSocketWorldLocationAndRotation : Could not find socket 'None' in 'Ger_PZIV_Rig_Master'
[0160.18] Warning: GetSocketWorldLocationAndRotation : Could not find socket 'None' in 'Sov_T3476_Rig_Master'
[0160.18] Warning: GetSocketWorldLocationAndRotation : Could not find socket 'None' in 'Sov_T3476_Rig_Master'
[0160.18] Warning: GetSocketWorldLocationAndRotation : Could not find socket 'None' in 'Sov_T3476_Rig_Master'
[0160.18] Warning: GetSocketWorldLocationAndRotation : Could not find socket 'None' in 'Sov_T3476_Rig_Master'
[0160.18] Warning: GetSocketWorldLocationAndRotation : Could not find socket 'None' in 'Sov_T3476_Rig_Master'
[0160.18] Warning: GetSocketWorldLocationAndRotation : Could not find socket 'None' in 'Sov_T3476_Rig_Master'
[0160.18] Warning: GetSocketWorldLocationAndRotation : Could not find socket 'None' in 'Sov_T3476_Rig_Master'
[0160.18] Warning: GetSocketWorldLocationAndRotation : Could not find socket 'None' in 'Sov_T3476_Rig_Master'
[0160.18] Warning: GetSocketWorldLocationAndRotation : Could not find socket 'None' in 'Sov_T3476_Rig_Master'
[0160.18] Warning: GetSocketWorldLocationAndRotation : Could not find socket 'None' in 'Sov_T3476_Rig_Master'
[0160.18] Warning: GetSocketWorldLocationAndRotation : Could not find socket 'None' in 'Sov_T3476_Rig_Master'
[0160.18] Warning: GetSocketWorldLocationAndRotation : Could not find socket 'Exhaust' in 'Ger_PZIV_Destroyed_Master'
[0177.13] Warning: GetSocketWorldLocationAndRotation : Could not find socket 'None' in 'Sov_T3476_Rig_Master'
[0177.13] Warning: GetSocketWorldLocationAndRotation : Could not find socket 'None' in 'Ger_PZIV_Rig_Master'
[0177.13] Warning: GetSocketWorldLocationAndRotation : Could not find socket 'None' in 'Ger_PZIV_Rig_Master'
[0177.13] Warning: GetSocketWorldLocationAndRotation : Could not find socket 'None' in 'Ger_PZIV_Rig_Master'
[0177.13] Warning: GetSocketWorldLocationAndRotation : Could not find socket 'None' in 'Ger_PZIV_Rig_Master'
[0177.13] Warning: GetSocketWorldLocationAndRotation : Could not find socket 'None' in 'Ger_PZIV_Rig_Master'
[0177.13] Warning: GetSocketWorldLocationAndRotation : Could not find socket 'None' in 'Ger_PZIV_Rig_Master'
[0177.13] Warning: GetSocketWorldLocationAndRotation : Could not find socket 'None' in 'Ger_PZIV_Rig_Master'
[0177.13] Warning: GetSocketWorldLocationAndRotation : Could not find socket 'None' in 'Ger_PZIV_Rig_Master'
[0177.13] Warning: GetSocketWorldLocationAndRotation : Could not find socket 'None' in 'Ger_PZIV_Rig_Master'
[0177.13] Warning: GetSocketWorldLocationAndRotation : Could not find socket 'None' in 'Ger_PZIV_Rig_Master'
[0177.13] Warning: GetSocketWorldLocationAndRotation : Could not find socket 'None' in 'Ger_PZIV_Rig_Master'
[0177.13] Warning: GetSocketWorldLocationAndRotation : Could not find socket 'None' in 'Ger_PZIV_Rig_Master'
[0177.13] Warning: GetSocketWorldLocationAndRotation : Could not find socket 'None' in 'Sov_T3476_Rig_Master'
[0177.13] Warning: GetSocketWorldLocationAndRotation : Could not find socket 'None' in 'Sov_T3476_Rig_Master'
[0177.13] Warning: GetSocketWorldLocationAndRotation : Could not find socket 'None' in 'Sov_T3476_Rig_Master'
[0177.13] Warning: GetSocketWorldLocationAndRotation : Could not find socket 'None' in 'Sov_T3476_Rig_Master'
[0177.13] Warning: GetSocketWorldLocationAndRotation : Could not find socket 'None' in 'Sov_T3476_Rig_Master'
[0177.13] Warning: GetSocketWorldLocationAndRotation : Could not find socket 'None' in 'Sov_T3476_Rig_Master'
[0177.13] Warning: GetSocketWorldLocationAndRotation : Could not find socket 'None' in 'Sov_T3476_Rig_Master'
[0177.13] Warning: GetSocketWorldLocationAndRotation : Could not find socket 'None' in 'Sov_T3476_Rig_Master'
[0177.13] Warning: GetSocketWorldLocationAndRotation : Could not find socket 'None' in 'Sov_T3476_Rig_Master'
[0177.13] Warning: GetSocketWorldLocationAndRotation : Could not find socket 'None' in 'Sov_T3476_Rig_Master'
[0177.13] Warning: GetSocketWorldLocationAndRotation : Could not find socket 'None' in 'Sov_T3476_Rig_Master'
[0180.06] Warning: Failed to find notify LoaderRHGun1 on VehicleCrewProxy_78
[0183.13] Warning: GetSocketWorldLocationAndRotation : Could not find socket 'None' in 'Ger_PZIV_Rig_Master'
[0183.13] Warning: GetSocketWorldLocationAndRotation : Could not find socket 'None' in 'Ger_PZIV_Rig_Master'
[0183.13] Warning: GetSocketWorldLocationAndRotation : Could not find socket 'None' in 'Ger_PZIV_Rig_Master'
[0183.13] Warning: GetSocketWorldLocationAndRotation : Could not find socket 'None' in 'Ger_PZIV_Rig_Master'
[0183.13] Warning: GetSocketWorldLocationAndRotation : Could not find socket 'None' in 'Ger_PZIV_Rig_Master'
[0183.13] Warning: GetSocketWorldLocationAndRotation : Could not find socket 'None' in 'Ger_PZIV_Rig_Master'
[0183.13] Warning: GetSocketWorldLocationAndRotation : Could not find socket 'None' in 'Ger_PZIV_Rig_Master'
[0183.13] Warning: GetSocketWorldLocationAndRotation : Could not find socket 'None' in 'Ger_PZIV_Rig_Master'
[0183.13] Warning: GetSocketWorldLocationAndRotation : Could not find socket 'None' in 'Ger_PZIV_Rig_Master'
[0183.13] Warning: GetSocketWorldLocationAndRotation : Could not find socket 'None' in 'Ger_PZIV_Rig_Master'
[0183.13] Warning: GetSocketWorldLocationAndRotation : Could not find socket 'None' in 'Ger_PZIV_Rig_Master'
[0183.13] Warning: GetSocketWorldLocationAndRotation : Could not find socket 'None' in 'Ger_PZIV_Rig_Master'
[0183.13] Warning: GetSocketWorldLocationAndRotation : Could not find socket 'None' in 'Ger_PZIV_Rig_Master'
[0183.13] Warning: GetSocketWorldLocationAndRotation : Could not find socket 'None' in 'Sov_T3476_Rig_Master'
[0183.13] Warning: GetSocketWorldLocationAndRotation : Could not find socket 'None' in 'Sov_T34_76_Destroyed_Master'
[0183.13] Warning: GetSocketWorldLocationAndRotation : Could not find socket 'None' in 'Sov_T3476_Rig_Master'
[0183.13] Warning: GetSocketWorldLocationAndRotation : Could not find socket 'None' in 'Sov_T3476_Rig_Master'
[0183.13] Warning: GetSocketWorldLocationAndRotation : Could not find socket 'None' in 'Sov_T3476_Rig_Master'
[0183.13] Warning: GetSocketWorldLocationAndRotation : Could not find socket 'None' in 'Sov_T3476_Rig_Master'
[0183.13] Warning: GetSocketWorldLocationAndRotation : Could not find socket 'None' in 'Sov_T3476_Rig_Master'
[0183.13] Warning: GetSocketWorldLocationAndRotation : Could not find socket 'None' in 'Sov_T3476_Rig_Master'
[0183.13] Warning: GetSocketWorldLocationAndRotation : Could not find socket 'None' in 'Sov_T3476_Rig_Master'
[0183.13] Warning: GetSocketWorldLocationAndRotation : Could not find socket 'None' in 'Sov_T3476_Rig_Master'
[0183.13] Warning: GetSocketWorldLocationAndRotation : Could not find socket 'None' in 'Sov_T3476_Rig_Master'
[0183.44] Warning: GetSocketWorldLocationAndRotation : Could not find socket 'Exhaust' in 'Ger_PZIV_Destroyed_Master'
[0186.21] Warning: Failed to find notify LoaderRHGun1 on VehicleCrewProxy_78
[0189.62] Warning: GetSocketWorldLocationAndRotation : Could not find socket 'None' in 'Ger_PZIV_Rig_Master'
[0189.62] Warning: GetSocketWorldLocationAndRotation : Could not find socket 'None' in 'Ger_PZIV_Rig_Master'
[0189.62] Warning: GetSocketWorldLocationAndRotation : Could not find socket 'None' in 'Ger_PZIV_Destroyed_Master'
[0189.62] Warning: GetSocketWorldLocationAndRotation : Could not find socket 'None' in 'Ger_PZIV_Rig_Master'
[0189.62] Warning: GetSocketWorldLocationAndRotation : Could not find socket 'None' in 'Ger_PZIV_Rig_Master'
[0189.62] Warning: GetSocketWorldLocationAndRotation : Could not find socket 'None' in 'Ger_PZIV_Rig_Master'
[0189.62] Warning: GetSocketWorldLocationAndRotation : Could not find socket 'None' in 'Ger_PZIV_Rig_Master'
[0189.62] Warning: GetSocketWorldLocationAndRotation : Could not find socket 'None' in 'Ger_PZIV_Rig_Master'
[0189.62] Warning: GetSocketWorldLocationAndRotation : Could not find socket 'None' in 'Ger_PZIV_Rig_Master'
[0189.62] Warning: GetSocketWorldLocationAndRotation : Could not find socket 'None' in 'Ger_PZIV_Rig_Master'
[0189.62] Warning: GetSocketWorldLocationAndRotation : Could not find socket 'None' in 'Ger_PZIV_Rig_Master'
[0189.62] Warning: GetSocketWorldLocationAndRotation : Could not find socket 'None' in 'Ger_PZIV_Rig_Master'
[0189.62] Warning: GetSocketWorldLocationAndRotation : Could not find socket 'None' in 'Ger_PZIV_Rig_Master'
[0189.62] Warning: GetSocketWorldLocationAndRotation : Could not find socket 'None' in 'Sov_T3476_Rig_Master'
[0189.62] Warning: GetSocketWorldLocationAndRotation : Could not find socket 'None' in 'Sov_T34_76_Destroyed_Master'
[0189.62] Warning: GetSocketWorldLocationAndRotation : Could not find socket 'None' in 'Sov_T3476_Rig_Master'
[0189.62] Warning: GetSocketWorldLocationAndRotation : Could not find socket 'None' in 'Sov_T3476_Rig_Master'
[0189.62] Warning: GetSocketWorldLocationAndRotation : Could not find socket 'None' in 'Sov_T3476_Rig_Master'
[0189.62] Warning: GetSocketWorldLocationAndRotation : Could not find socket 'None' in 'Sov_T3476_Rig_Master'
[0189.62] Warning: GetSocketWorldLocationAndRotation : Could not find socket 'None' in 'Sov_T3476_Rig_Master'
[0189.62] Warning: GetSocketWorldLocationAndRotation : Could not find socket 'None' in 'Sov_T3476_Rig_Master'
[0189.62] Warning: GetSocketWorldLocationAndRotation : Could not find socket 'None' in 'Sov_T3476_Rig_Master'
[0189.62] Warning: GetSocketWorldLocationAndRotation : Could not find socket 'None' in 'Sov_T3476_Rig_Master'
[0189.62] Warning: GetSocketWorldLocationAndRotation : Could not find socket 'None' in 'Sov_T3476_Rig_Master'
[0192.36] Warning: Failed to find notify LoaderRHGun1 on VehicleCrewProxy_78
[0198.39] Warning: Failed to find notify LoaderRHGun1 on VehicleCrewProxy_78
[0204.44] Warning: Failed to find notify LoaderRHGun1 on VehicleCrewProxy_78
[0210.51] Warning: Failed to find notify LoaderRHGun1 on VehicleCrewProxy_78
[0216.67] Warning: Failed to find notify LoaderRHGun1 on VehicleCrewProxy_78
[0217.05] Warning: GetSocketWorldLocationAndRotation : Could not find socket 'None' in 'Sov_T3476_Rig_Master'
[0217.05] Warning: GetSocketWorldLocationAndRotation : Could not find socket 'None' in 'Ger_PZIV_Rig_Master'
[0217.05] Warning: GetSocketWorldLocationAndRotation : Could not find socket 'None' in 'Ger_PZIV_Rig_Master'
[0217.05] Warning: GetSocketWorldLocationAndRotation : Could not find socket 'None' in 'Ger_PZIV_Rig_Master'
[0217.05] Warning: GetSocketWorldLocationAndRotation : Could not find socket 'None' in 'Ger_PZIV_Rig_Master'
[0217.05] Warning: GetSocketWorldLocationAndRotation : Could not find socket 'None' in 'Ger_PZIV_Rig_Master'
[0217.05] Warning: GetSocketWorldLocationAndRotation : Could not find socket 'None' in 'Ger_PZIV_Rig_Master'
[0217.05] Warning: GetSocketWorldLocationAndRotation : Could not find socket 'None' in 'Ger_PZIV_Rig_Master'
[0217.05] Warning: GetSocketWorldLocationAndRotation : Could not find socket 'None' in 'Ger_PZIV_Rig_Master'
[0217.05] Warning: GetSocketWorldLocationAndRotation : Could not find socket 'None' in 'Ger_PZIV_Rig_Master'
[0217.05] Warning: GetSocketWorldLocationAndRotation : Could not find socket 'None' in 'Ger_PZIV_Rig_Master'
[0217.05] Warning: GetSocketWorldLocationAndRotation : Could not find socket 'None' in 'Sov_T3476_Rig_Master'
[0217.05] Warning: GetSocketWorldLocationAndRotation : Could not find socket 'None' in 'Sov_T3476_Rig_Master'
[0217.05] Warning: GetSocketWorldLocationAndRotation : Could not find socket 'None' in 'Sov_T3476_Rig_Master'
[0217.05] Warning: GetSocketWorldLocationAndRotation : Could not find socket 'None' in 'Sov_T3476_Rig_Master'
[0217.05] Warning: GetSocketWorldLocationAndRotation : Could not find socket 'None' in 'Sov_T3476_Rig_Master'
[0217.05] Warning: GetSocketWorldLocationAndRotation : Could not find socket 'None' in 'Sov_T3476_Rig_Master'
[0220.83] Warning: GetSocketWorldLocationAndRotation : Could not find socket 'None' in 'Ger_PZIV_Rig_Master'
[0220.83] Warning: GetSocketWorldLocationAndRotation : Could not find socket 'None' in 'Sov_T3476_Rig_Master'
[0220.83] Warning: GetSocketWorldLocationAndRotation : Could not find socket 'None' in 'Ger_PZIV_Rig_Master'
[0220.83] Warning: GetSocketWorldLocationAndRotation : Could not find socket 'None' in 'Ger_PZIV_Rig_Master'
[0220.83] Warning: GetSocketWorldLocationAndRotation : Could not find socket 'None' in 'Ger_PZIV_Rig_Master'
[0220.83] Warning: GetSocketWorldLocationAndRotation : Could not find socket 'None' in 'Ger_PZIV_Rig_Master'
[0220.83] Warning: GetSocketWorldLocationAndRotation : Could not find socket 'None' in 'Ger_PZIV_Rig_Master'
[0220.83] Warning: GetSocketWorldLocationAndRotation : Could not find socket 'None' in 'Ger_PZIV_Rig_Master'
[0220.83] Warning: GetSocketWorldLocationAndRotation : Could not find socket 'None' in 'Ger_PZIV_Rig_Master'
[0220.83] Warning: GetSocketWorldLocationAndRotation : Could not find socket 'None' in 'Ger_PZIV_Rig_Master'
[0220.83] Warning: GetSocketWorldLocationAndRotation : Could not find socket 'None' in 'Ger_PZIV_Rig_Master'
[0220.83] Warning: GetSocketWorldLocationAndRotation : Could not find socket 'None' in 'Ger_PZIV_Rig_Master'
[0220.83] Warning: GetSocketWorldLocationAndRotation : Could not find socket 'Camera_PeriscopeGunner' in 'Sov_T34_76_Destroyed_Master'
[0220.83] Warning: GetSocketWorldLocationAndRotation : Could not find socket 'None' in 'Sov_T3476_Rig_Master'
[0220.83] Warning: GetSocketWorldLocationAndRotation : Could not find socket 'None' in 'Sov_T3476_Rig_Master'
[0220.83] Warning: GetSocketWorldLocationAndRotation : Could not find socket 'None' in 'Sov_T3476_Rig_Master'
[0220.83] Warning: GetSocketWorldLocationAndRotation : Could not find socket 'None' in 'Sov_T3476_Rig_Master'
[0220.83] Warning: GetSocketWorldLocationAndRotation : Could not find socket 'None' in 'Sov_T3476_Rig_Master'
[0220.83] Warning: GetSocketWorldLocationAndRotation : Could not find socket 'None' in 'Sov_T3476_Rig_Master'
[0220.93] Warning: GetSocketWorldLocationAndRotation : Could not find socket 'Exhaust' in 'Ger_PZIV_Destroyed_Master'
[0222.81] Warning: Failed to find notify LoaderRHGun1 on VehicleCrewProxy_78
[0229.72] Warning: Failed to find notify LoaderRHGun1 on VehicleCrewProxy_78
[0237.16] Warning: Failed to find notify LoaderRHGun1 on VehicleCrewProxy_78
[0241.05] Warning: GetSocketWorldLocationAndRotation : Could not find socket 'None' in 'Ger_PZIV_Rig_Master'
[0241.05] Warning: GetSocketWorldLocationAndRotation : Could not find socket 'None' in 'Sov_T3476_Rig_Master'
[0241.05] Warning: GetSocketWorldLocationAndRotation : Could not find socket 'None' in 'Ger_PZIV_Rig_Master'
[0241.05] Warning: GetSocketWorldLocationAndRotation : Could not find socket 'None' in 'Ger_PZIV_Rig_Master'
[0241.05] Warning: GetSocketWorldLocationAndRotation : Could not find socket 'None' in 'Ger_PZIV_Rig_Master'
[0241.05] Warning: GetSocketWorldLocationAndRotation : Could not find socket 'None' in 'Ger_PZIV_Rig_Master'
[0241.05] Warning: GetSocketWorldLocationAndRotation : Could not find socket 'None' in 'Ger_PZIV_Rig_Master'
[0241.05] Warning: GetSocketWorldLocationAndRotation : Could not find socket 'None' in 'Ger_PZIV_Rig_Master'
[0241.05] Warning: GetSocketWorldLocationAndRotation : Could not find socket 'None' in 'Ger_PZIV_Rig_Master'
[0241.05] Warning: GetSocketWorldLocationAndRotation : Could not find socket 'None' in 'Ger_PZIV_Rig_Master'
[0241.05] Warning: GetSocketWorldLocationAndRotation : Could not find socket 'None' in 'Ger_PZIV_Rig_Master'
[0241.05] Warning: GetSocketWorldLocationAndRotation : Could not find socket 'None' in 'Sov_T3476_Rig_Master'
[0241.05] Warning: GetSocketWorldLocationAndRotation : Could not find socket 'None' in 'Sov_T3476_Rig_Master'
[0241.05] Warning: GetSocketWorldLocationAndRotation : Could not find socket 'None' in 'Sov_T3476_Rig_Master'
[0241.05] Warning: GetSocketWorldLocationAndRotation : Could not find socket 'None' in 'Sov_T3476_Rig_Master'
[0241.05] Warning: GetSocketWorldLocationAndRotation : Could not find socket 'None' in 'Sov_T3476_Rig_Master'
[0241.05] Warning: GetSocketWorldLocationAndRotation : Could not find socket 'None' in 'Sov_T3476_Rig_Master'
[0243.32] Warning: Failed to find notify LoaderRHGun1 on VehicleCrewProxy_78
[0257.46] Warning: GetSocketWorldLocationAndRotation : Could not find socket 'None' in 'Sov_T3476_Rig_Master'
[0257.46] Warning: GetSocketWorldLocationAndRotation : Could not find socket 'None' in 'Ger_PZIV_Rig_Master'
[0257.46] Warning: GetSocketWorldLocationAndRotation : Could not find socket 'None' in 'Ger_PZIV_Rig_Master'
[0257.46] Warning: GetSocketWorldLocationAndRotation : Could not find socket 'None' in 'Ger_PZIV_Rig_Master'
[0257.46] Warning: GetSocketWorldLocationAndRotation : Could not find socket 'None' in 'Ger_PZIV_Rig_Master'
[0257.46] Warning: GetSocketWorldLocationAndRotation : Could not find socket 'None' in 'Ger_PZIV_Rig_Master'
[0257.46] Warning: GetSocketWorldLocationAndRotation : Could not find socket 'None' in 'Ger_PZIV_Rig_Master'
[0257.46] Warning: GetSocketWorldLocationAndRotation : Could not find socket 'None' in 'Ger_PZIV_Rig_Master'
[0257.46] Warning: GetSocketWorldLocationAndRotation : Could not find socket 'None' in 'Ger_PZIV_Rig_Master'
[0257.46] Warning: GetSocketWorldLocationAndRotation : Could not find socket 'None' in 'Sov_T3476_Rig_Master'
[0257.46] Warning: GetSocketWorldLocationAndRotation : Could not find socket 'None' in 'Sov_T3476_Rig_Master'
[0257.46] Warning: GetSocketWorldLocationAndRotation : Could not find socket 'None' in 'Sov_T3476_Rig_Master'
[0257.46] Warning: GetSocketWorldLocationAndRotation : Could not find socket 'None' in 'Sov_T3476_Rig_Master'
[0257.46] Warning: GetSocketWorldLocationAndRotation : Could not find socket 'None' in 'Sov_T3476_Rig_Master'
[0270.51] Warning: GetSocketWorldLocationAndRotation : Could not find socket 'None' in 'Sov_T3476_Rig_Master'
[0270.51] Warning: GetSocketWorldLocationAndRotation : Could not find socket 'None' in 'Ger_PZIV_Rig_Master'
[0270.51] Warning: GetSocketWorldLocationAndRotation : Could not find socket 'None' in 'Ger_PZIV_Rig_Master'
[0270.51] Warning: GetSocketWorldLocationAndRotation : Could not find socket 'None' in 'Ger_PZIV_Rig_Master'
[0270.51] Warning: GetSocketWorldLocationAndRotation : Could not find socket 'None' in 'Ger_PZIV_Rig_Master'
[0270.51] Warning: GetSocketWorldLocationAndRotation : Could not find socket 'None' in 'Ger_PZIV_Rig_Master'
[0270.51] Warning: GetSocketWorldLocationAndRotation : Could not find socket 'None' in 'Ger_PZIV_Rig_Master'
[0270.51] Warning: GetSocketWorldLocationAndRotation : Could not find socket 'None' in 'Ger_PZIV_Rig_Master'
[0270.51] Warning: GetSocketWorldLocationAndRotation : Could not find socket 'None' in 'Ger_PZIV_Rig_Master'
[0270.51] Warning: GetSocketWorldLocationAndRotation : Could not find socket 'None' in 'Sov_T3476_Rig_Master'
[0270.51] Warning: GetSocketWorldLocationAndRotation : Could not find socket 'None' in 'Sov_T3476_Rig_Master'
[0270.51] Warning: GetSocketWorldLocationAndRotation : Could not find socket 'None' in 'Sov_T3476_Rig_Master'
[0270.51] Warning: GetSocketWorldLocationAndRotation : Could not find socket 'None' in 'Sov_T3476_Rig_Master'
[0270.51] Warning: GetSocketWorldLocationAndRotation : Could not find socket 'None' in 'Sov_T3476_Rig_Master'
[0279.04] Warning: Failed to find notify LoaderRHGun1 on VehicleCrewProxy_78
[0295.51] Warning: Failed to find notify LoaderRHGun1 on VehicleCrewProxy_78
[0295.69] Warning: GetSocketWorldLocationAndRotation : Could not find socket 'None' in 'Sov_T3476_Rig_Master'
[0295.69] Warning: GetSocketWorldLocationAndRotation : Could not find socket 'None' in 'Sov_T3476_Rig_Master'
[0295.69] Warning: GetSocketWorldLocationAndRotation : Could not find socket 'None' in 'Sov_T3476_Rig_Master'
[0295.69] Warning: GetSocketWorldLocationAndRotation : Could not find socket 'None' in 'Sov_T3476_Rig_Master'
[0295.69] Warning: GetSocketWorldLocationAndRotation : Could not find socket 'None' in 'Ger_PZIV_Rig_Master'
[0295.69] Warning: GetSocketWorldLocationAndRotation : Could not find socket 'None' in 'Ger_PZIV_Rig_Master'
[0295.69] Warning: GetSocketWorldLocationAndRotation : Could not find socket 'None' in 'Ger_PZIV_Rig_Master'
[0295.69] Warning: GetSocketWorldLocationAndRotation : Could not find socket 'None' in 'Ger_PZIV_Rig_Master'
[0295.69] Warning: GetSocketWorldLocationAndRotation : Could not find socket 'None' in 'Ger_PZIV_Rig_Master'
[0295.69] Warning: GetSocketWorldLocationAndRotation : Could not find socket 'None' in 'Ger_PZIV_Rig_Master'
[0295.69] Warning: GetSocketWorldLocationAndRotation : Could not find socket 'None' in 'Ger_PZIV_Rig_Master'
[0295.69] Warning: GetSocketWorldLocationAndRotation : Could not find socket 'None' in 'Ger_PZIV_Rig_Master'
[0295.69] Warning: GetSocketWorldLocationAndRotation : Could not find socket 'None' in 'Sov_T3476_Rig_Master'
[0295.69] Warning: GetSocketWorldLocationAndRotation : Could not find socket 'None' in 'Sov_T3476_Rig_Master'
[0298.91] Warning: GetSocketWorldLocationAndRotation : Could not find socket 'None' in 'Ger_PZIV_Rig_Master'
[0298.91] Warning: GetSocketWorldLocationAndRotation : Could not find socket 'None' in 'Sov_T3476_Rig_Master'
[0298.91] Warning: GetSocketWorldLocationAndRotation : Could not find socket 'None' in 'Sov_T3476_Rig_Master'
[0298.91] Warning: GetSocketWorldLocationAndRotation : Could not find socket 'None' in 'Sov_T3476_Rig_Master'
[0298.91] Warning: GetSocketWorldLocationAndRotation : Could not find socket 'None' in 'Sov_T3476_Rig_Master'
[0298.91] Warning: GetSocketWorldLocationAndRotation : Could not find socket 'None' in 'Ger_PZIV_Rig_Master'
[0298.91] Warning: GetSocketWorldLocationAndRotation : Could not find socket 'None' in 'Ger_PZIV_Rig_Master'
[0298.91] Warning: GetSocketWorldLocationAndRotation : Could not find socket 'None' in 'Ger_PZIV_Rig_Master'
[0298.91] Warning: GetSocketWorldLocationAndRotation : Could not find socket 'None' in 'Ger_PZIV_Rig_Master'
[0298.91] Warning: GetSocketWorldLocationAndRotation : Could not find socket 'None' in 'Ger_PZIV_Rig_Master'
[0298.91] Warning: GetSocketWorldLocationAndRotation : Could not find socket 'None' in 'Ger_PZIV_Rig_Master'
[0298.91] Warning: GetSocketWorldLocationAndRotation : Could not find socket 'None' in 'Ger_PZIV_Rig_Master'
[0298.91] Warning: GetSocketWorldLocationAndRotation : Could not find socket 'None' in 'Ger_PZIV_Rig_Master'
[0298.91] Warning: GetSocketWorldLocationAndRotation : Could not find socket 'None' in 'Sov_T3476_Rig_Master'
[0298.91] Warning: GetSocketWorldLocationAndRotation : Could not find socket 'None' in 'Sov_T3476_Rig_Master'
[0298.91] Warning: GetSocketWorldLocationAndRotation : Could not find socket 'Camera_Periscope' in 'Sov_T34_76_Destroyed_Master'
[0301.54] Warning: Failed to find notify LoaderRHGun1 on VehicleCrewProxy_78
[0305.47] Warning: GetSocketWorldLocationAndRotation : Could not find socket 'None' in 'Sov_T3476_Rig_Master'
[0305.47] Warning: GetSocketWorldLocationAndRotation : Could not find socket 'None' in 'Sov_T3476_Rig_Master'
[0305.47] Warning: GetSocketWorldLocationAndRotation : Could not find socket 'None' in 'Sov_T3476_Rig_Master'
[0305.47] Warning: GetSocketWorldLocationAndRotation : Could not find socket 'None' in 'Sov_T3476_Rig_Master'
[0305.47] Warning: GetSocketWorldLocationAndRotation : Could not find socket 'None' in 'Ger_PZIV_Rig_Master'
[0305.47] Warning: GetSocketWorldLocationAndRotation : Could not find socket 'None' in 'Ger_PZIV_Rig_Master'
[0305.47] Warning: GetSocketWorldLocationAndRotation : Could not find socket 'None' in 'Ger_PZIV_Destroyed_Master'
[0305.47] Warning: GetSocketWorldLocationAndRotation : Could not find socket 'None' in 'Ger_PZIV_Rig_Master'
[0305.47] Warning: GetSocketWorldLocationAndRotation : Could not find socket 'None' in 'Ger_PZIV_Rig_Master'
[0305.47] Warning: GetSocketWorldLocationAndRotation : Could not find socket 'None' in 'Ger_PZIV_Rig_Master'
[0305.47] Warning: GetSocketWorldLocationAndRotation : Could not find socket 'None' in 'Ger_PZIV_Rig_Master'
[0305.47] Warning: GetSocketWorldLocationAndRotation : Could not find socket 'None' in 'Ger_PZIV_Rig_Master'
[0305.47] Warning: GetSocketWorldLocationAndRotation : Could not find socket 'None' in 'Sov_T3476_Rig_Master'
[0305.47] Warning: GetSocketWorldLocationAndRotation : Could not find socket 'Camera_Periscope' in 'Sov_T34_76_Destroyed_Master'
[0326.90] Warning: GetSocketWorldLocationAndRotation : Could not find socket 'None' in 'Sov_T3476_Rig_Master'
[0326.90] Warning: GetSocketWorldLocationAndRotation : Could not find socket 'None' in 'Sov_T3476_Rig_Master'
[0326.90] Warning: GetSocketWorldLocationAndRotation : Could not find socket 'None' in 'Sov_T3476_Rig_Master'
[0326.90] Warning: GetSocketWorldLocationAndRotation : Could not find socket 'None' in 'Ger_PZIV_Rig_Master'
[0326.90] Warning: GetSocketWorldLocationAndRotation : Could not find socket 'None' in 'Ger_PZIV_Rig_Master'
[0326.90] Warning: GetSocketWorldLocationAndRotation : Could not find socket 'None' in 'Ger_PZIV_Rig_Master'
[0326.90] Warning: GetSocketWorldLocationAndRotation : Could not find socket 'None' in 'Ger_PZIV_Rig_Master'
[0326.90] Warning: GetSocketWorldLocationAndRotation : Could not find socket 'None' in 'Ger_PZIV_Rig_Master'
[0326.90] Warning: GetSocketWorldLocationAndRotation : Could not find socket 'None' in 'Ger_PZIV_Rig_Master'
[0326.90] Warning: GetSocketWorldLocationAndRotation : Could not find socket 'None' in 'Ger_PZIV_Rig_Master'
[0326.90] Warning: GetSocketWorldLocationAndRotation : Could not find socket 'None' in 'Sov_T3476_Rig_Master'
[0342.47] Warning: Failed to find notify LoaderRHGun1 on VehicleCrewProxy_78
[0348.78] Warning: Failed to find notify LoaderRHGun1 on VehicleCrewProxy_78
[0354.79] Warning: Failed to find notify LoaderRHGun1 on VehicleCrewProxy_78
[0360.81] Warning: Failed to find notify LoaderRHGun1 on VehicleCrewProxy_78
[0366.98] Warning: Failed to find notify LoaderRHGun1 on VehicleCrewProxy_78
[0373.02] Warning: Failed to find notify LoaderRHGun1 on VehicleCrewProxy_78
[0375.31] Warning: GetSocketWorldLocationAndRotation : Could not find socket 'None' in 'Ger_PZIV_Rig_Master'
[0375.31] Warning: GetSocketWorldLocationAndRotation : Could not find socket 'None' in 'Ger_PZIV_Rig_Master'
[0375.31] Warning: GetSocketWorldLocationAndRotation : Could not find socket 'None' in 'Ger_PZIV_Rig_Master'
[0375.31] Warning: GetSocketWorldLocationAndRotation : Could not find socket 'None' in 'Ger_PZIV_Rig_Master'
[0375.31] Warning: GetSocketWorldLocationAndRotation : Could not find socket 'None' in 'Ger_PZIV_Rig_Master'
[0375.31] Warning: GetSocketWorldLocationAndRotation : Could not find socket 'None' in 'Ger_PZIV_Rig_Master'
[0375.31] Warning: GetSocketWorldLocationAndRotation : Could not find socket 'None' in 'Ger_PZIV_Rig_Master'
[0375.31] Warning: GetSocketWorldLocationAndRotation : Could not find socket 'None' in 'Ger_PZIV_Rig_Master'
[0375.31] Warning: GetSocketWorldLocationAndRotation : Could not find socket 'None' in 'Sov_T3476_Rig_Master'
[0375.31] Warning: GetSocketWorldLocationAndRotation : Could not find socket 'None' in 'Sov_T3476_Rig_Master'
[0375.31] Warning: GetSocketWorldLocationAndRotation : Could not find socket 'None' in 'Sov_T3476_Rig_Master'
[0375.31] Warning: GetSocketWorldLocationAndRotation : Could not find socket 'None' in 'Sov_T3476_Rig_Master'
[0375.31] Warning: GetSocketWorldLocationAndRotation : Could not find socket 'None' in 'Sov_T3476_Rig_Master'
[0375.31] Warning: GetSocketWorldLocationAndRotation : Could not find socket 'None' in 'Sov_T3476_Rig_Master'
[0375.31] Warning: GetSocketWorldLocationAndRotation : Could not find socket 'None' in 'Ger_PZIV_Rig_Master'
[0375.31] Warning: GetSocketWorldLocationAndRotation : Could not find socket 'None' in 'Ger_PZIV_Rig_Master'
[0375.31] Warning: GetSocketWorldLocationAndRotation : Could not find socket 'None' in 'Ger_PZIV_Rig_Master'
[0375.31] Warning: GetSocketWorldLocationAndRotation : Could not find socket 'None' in 'Ger_PZIV_Rig_Master'
[0375.31] Warning: GetSocketWorldLocationAndRotation : Could not find socket 'None' in 'Ger_PZIV_Rig_Master'
[0375.31] Warning: GetSocketWorldLocationAndRotation : Could not find socket 'None' in 'Ger_PZIV_Rig_Master'
[0375.31] Warning: GetSocketWorldLocationAndRotation : Could not find socket 'None' in 'Ger_PZIV_Rig_Master'
[0375.31] Warning: GetSocketWorldLocationAndRotation : Could not find socket 'None' in 'Sov_T3476_Rig_Master'
[0382.36] Warning: Failed to find function TurnOffOverheadMapUpdates for timer in actor ROPlayerController_1
[0424.43] Warning: Failed to find notify LoaderRHGun1 on VehicleCrewProxy_199
[0430.59] Warning: Failed to find notify LoaderRHGun1 on VehicleCrewProxy_199
[0442.86] Warning: Failed to find notify LoaderRHGun1 on VehicleCrewProxy_199
[0450.25] Warning: Failed to find notify LoaderRHGun1 on VehicleCrewProxy_199
[0456.96] Warning: Failed to find notify LoaderRHGun1 on VehicleCrewProxy_199
[0464.23] Warning: Failed to find notify LoaderRHGun1 on VehicleCrewProxy_199
[0471.57] Warning: Failed to find notify LoaderRHGun1 on VehicleCrewProxy_199
[0478.74] Warning: Failed to find notify LoaderRHGun1 on VehicleCrewProxy_199
[0482.52] Warning: GetSocketWorldLocationAndRotation : Could not find socket 'None' in 'Ger_PZIV_Rig_Master'
[0482.52] Warning: GetSocketWorldLocationAndRotation : Could not find socket 'None' in 'Ger_PZIV_Rig_Master'
[0482.52] Warning: GetSocketWorldLocationAndRotation : Could not find socket 'None' in 'Ger_PZIV_Rig_Master'
[0482.52] Warning: GetSocketWorldLocationAndRotation : Could not find socket 'None' in 'Ger_PZIV_Rig_Master'
[0482.52] Warning: GetSocketWorldLocationAndRotation : Could not find socket 'None' in 'Ger_PZIV_Rig_Master'
[0482.52] Warning: GetSocketWorldLocationAndRotation : Could not find socket 'None' in 'Ger_PZIV_Rig_Master'
[0482.52] Warning: GetSocketWorldLocationAndRotation : Could not find socket 'None' in 'Ger_PZIV_Rig_Master'
[0482.52] Warning: GetSocketWorldLocationAndRotation : Could not find socket 'None' in 'Ger_PZIV_Rig_Master'
[0482.52] Warning: GetSocketWorldLocationAndRotation : Could not find socket 'None' in 'Ger_PZIV_Rig_Master'
[0482.52] Warning: GetSocketWorldLocationAndRotation : Could not find socket 'None' in 'Ger_PZIV_Rig_Master'
[0482.52] Warning: GetSocketWorldLocationAndRotation : Could not find socket 'None' in 'Ger_PZIV_Rig_Master'
[0482.52] Warning: GetSocketWorldLocationAndRotation : Could not find socket 'None' in 'Ger_PZIV_Rig_Master'
[0482.52] Warning: GetSocketWorldLocationAndRotation : Could not find socket 'None' in 'Ger_PZIV_Rig_Master'
[0482.52] Warning: GetSocketWorldLocationAndRotation : Could not find socket 'None' in 'Ger_PZIV_Rig_Master'
[0482.52] Warning: GetSocketWorldLocationAndRotation : Could not find socket 'None' in 'Ger_PZIV_Rig_Master'
[0482.52] Warning: GetSocketWorldLocationAndRotation : Could not find socket 'None' in 'Sov_T3476_Rig_Master'
[0482.52] Warning: GetSocketWorldLocationAndRotation : Could not find socket 'None' in 'Sov_T3476_Rig_Master'
[0482.52] Warning: GetSocketWorldLocationAndRotation : Could not find socket 'None' in 'Sov_T3476_Rig_Master'
[0482.52] Warning: GetSocketWorldLocationAndRotation : Could not find socket 'None' in 'Sov_T3476_Rig_Master'
[0482.52] Warning: GetSocketWorldLocationAndRotation : Could not find socket 'None' in 'Sov_T3476_Rig_Master'
[0482.52] Warning: GetSocketWorldLocationAndRotation : Could not find socket 'None' in 'Sov_T3476_Rig_Master'
[0482.52] Warning: GetSocketWorldLocationAndRotation : Could not find socket 'None' in 'Sov_T3476_Rig_Master'
[0482.52] Warning: GetSocketWorldLocationAndRotation : Could not find socket 'None' in 'Sov_T3476_Rig_Master'
[0482.52] Warning: GetSocketWorldLocationAndRotation : Could not find socket 'None' in 'Sov_T3476_Rig_Master'
[0482.99] Warning: GetSocketWorldLocationAndRotation : Could not find socket 'Exhaust' in 'Ger_PZIV_Body_Destroyed_Master'
[0484.85] Warning: Failed to find notify LoaderRHGun1 on VehicleCrewProxy_199
[0487.80] Warning: GetSocketWorldLocationAndRotation : Could not find socket 'None' in 'Sov_T3476_Rig_Master'
[0487.80] Warning: GetSocketWorldLocationAndRotation : Could not find socket 'None' in 'Ger_PZIV_Rig_Master'
[0487.80] Warning: GetSocketWorldLocationAndRotation : Could not find socket 'None' in 'Ger_PZIV_Rig_Master'
[0487.80] Warning: GetSocketWorldLocationAndRotation : Could not find socket 'None' in 'Ger_PZIV_Rig_Master'
[0487.80] Warning: GetSocketWorldLocationAndRotation : Could not find socket 'None' in 'Ger_PZIV_Rig_Master'
[0487.80] Warning: GetSocketWorldLocationAndRotation : Could not find socket 'None' in 'Ger_PZIV_Rig_Master'
[0487.80] Warning: GetSocketWorldLocationAndRotation : Could not find socket 'None' in 'Ger_PZIV_Rig_Master'
[0487.80] Warning: GetSocketWorldLocationAndRotation : Could not find socket 'None' in 'Ger_PZIV_Rig_Master'
[0487.80] Warning: GetSocketWorldLocationAndRotation : Could not find socket 'None' in 'Ger_PZIV_Rig_Master'
[0487.80] Warning: GetSocketWorldLocationAndRotation : Could not find socket 'None' in 'Ger_PZIV_Rig_Master'
[0487.80] Warning: GetSocketWorldLocationAndRotation : Could not find socket 'None' in 'Ger_PZIV_Rig_Master'
[0487.80] Warning: GetSocketWorldLocationAndRotation : Could not find socket 'None' in 'Ger_PZIV_Rig_Master'
[0487.80] Warning: GetSocketWorldLocationAndRotation : Could not find socket 'None' in 'Ger_PZIV_Rig_Master'
[0487.80] Warning: GetSocketWorldLocationAndRotation : Could not find socket 'None' in 'Ger_PZIV_Body_Destroyed_Master'
[0487.80] Warning: GetSocketWorldLocationAndRotation : Could not find socket 'None' in 'Ger_PZIV_Rig_Master'
[0487.80] Warning: GetSocketWorldLocationAndRotation : Could not find socket 'None' in 'Sov_T3476_Rig_Master'
[0487.80] Warning: GetSocketWorldLocationAndRotation : Could not find socket 'None' in 'Sov_T3476_Rig_Master'
[0487.80] Warning: GetSocketWorldLocationAndRotation : Could not find socket 'None' in 'Sov_T3476_Rig_Master'
[0487.80] Warning: GetSocketWorldLocationAndRotation : Could not find socket 'None' in 'Sov_T3476_Rig_Master'
[0487.80] Warning: GetSocketWorldLocationAndRotation : Could not find socket 'None' in 'Sov_T3476_Rig_Master'
[0487.80] Warning: GetSocketWorldLocationAndRotation : Could not find socket 'None' in 'Sov_T3476_Rig_Master'
[0487.80] Warning: GetSocketWorldLocationAndRotation : Could not find socket 'None' in 'Sov_T3476_Rig_Master'
[0487.80] Warning: GetSocketWorldLocationAndRotation : Could not find socket 'None' in 'Sov_T3476_Rig_Master'
[0487.80] Warning: GetSocketWorldLocationAndRotation : Could not find socket 'None' in 'Sov_T3476_Rig_Master'
[0490.86] Warning: Failed to find notify LoaderRHGun1 on VehicleCrewProxy_199
[0497.78] Warning: Failed to find notify LoaderRHGun1 on VehicleCrewProxy_199
[0501.59] Warning: GetSocketWorldLocationAndRotation : Could not find socket 'None' in 'Ger_PZIV_Rig_Master'
[0501.59] Warning: GetSocketWorldLocationAndRotation : Could not find socket 'None' in 'Ger_PZIV_Rig_Master'
[0501.59] Warning: GetSocketWorldLocationAndRotation : Could not find socket 'None' in 'Ger_PZIV_Rig_Master'
[0501.59] Warning: GetSocketWorldLocationAndRotation : Could not find socket 'None' in 'Ger_PZIV_Rig_Master'
[0501.59] Warning: GetSocketWorldLocationAndRotation : Could not find socket 'None' in 'Ger_PZIV_Rig_Master'
[0501.59] Warning: GetSocketWorldLocationAndRotation : Could not find socket 'None' in 'Ger_PZIV_Rig_Master'
[0501.59] Warning: GetSocketWorldLocationAndRotation : Could not find socket 'None' in 'Ger_PZIV_Rig_Master'
[0501.59] Warning: GetSocketWorldLocationAndRotation : Could not find socket 'None' in 'Ger_PZIV_Rig_Master'
[0501.59] Warning: GetSocketWorldLocationAndRotation : Could not find socket 'None' in 'Ger_PZIV_Rig_Master'
[0501.59] Warning: GetSocketWorldLocationAndRotation : Could not find socket 'None' in 'Ger_PZIV_Rig_Master'
[0501.59] Warning: GetSocketWorldLocationAndRotation : Could not find socket 'None' in 'Ger_PZIV_Rig_Master'
[0501.59] Warning: GetSocketWorldLocationAndRotation : Could not find socket 'None' in 'Ger_PZIV_Rig_Master'
[0501.59] Warning: GetSocketWorldLocationAndRotation : Could not find socket 'None' in 'Ger_PZIV_Rig_Master'
[0501.59] Warning: GetSocketWorldLocationAndRotation : Could not find socket 'None' in 'Ger_PZIV_Body_Destroyed_Master'
[0501.59] Warning: GetSocketWorldLocationAndRotation : Could not find socket 'None' in 'Ger_PZIV_Rig_Master'
[0501.59] Warning: GetSocketWorldLocationAndRotation : Could not find socket 'None' in 'Sov_T3476_Rig_Master'
[0501.59] Warning: GetSocketWorldLocationAndRotation : Could not find socket 'None' in 'Sov_T3476_Rig_Master'
[0501.59] Warning: GetSocketWorldLocationAndRotation : Could not find socket 'None' in 'Sov_T3476_Rig_Master'
[0501.59] Warning: GetSocketWorldLocationAndRotation : Could not find socket 'None' in 'Sov_T3476_Rig_Master'
[0501.59] Warning: GetSocketWorldLocationAndRotation : Could not find socket 'None' in 'Sov_T3476_Rig_Master'
[0501.59] Warning: GetSocketWorldLocationAndRotation : Could not find socket 'None' in 'Sov_T3476_Rig_Master'
[0501.59] Warning: GetSocketWorldLocationAndRotation : Could not find socket 'None' in 'Sov_T3476_Rig_Master'
[0503.54] Warning: GetSocketWorldLocationAndRotation : Could not find socket 'None' in 'Ger_PZIV_Rig_Master'
[0503.54] Warning: GetSocketWorldLocationAndRotation : Could not find socket 'None' in 'Ger_PZIV_Rig_Master'
[0503.54] Warning: GetSocketWorldLocationAndRotation : Could not find socket 'None' in 'Ger_PZIV_Destroyed_Master'
[0503.54] Warning: GetSocketWorldLocationAndRotation : Could not find socket 'None' in 'Ger_PZIV_Rig_Master'
[0503.54] Warning: GetSocketWorldLocationAndRotation : Could not find socket 'None' in 'Ger_PZIV_Rig_Master'
[0503.54] Warning: GetSocketWorldLocationAndRotation : Could not find socket 'None' in 'Ger_PZIV_Rig_Master'
[0503.54] Warning: GetSocketWorldLocationAndRotation : Could not find socket 'None' in 'Ger_PZIV_Rig_Master'
[0503.54] Warning: GetSocketWorldLocationAndRotation : Could not find socket 'None' in 'Ger_PZIV_Rig_Master'
[0503.54] Warning: GetSocketWorldLocationAndRotation : Could not find socket 'None' in 'Ger_PZIV_Rig_Master'
[0503.54] Warning: GetSocketWorldLocationAndRotation : Could not find socket 'None' in 'Ger_PZIV_Rig_Master'
[0503.54] Warning: GetSocketWorldLocationAndRotation : Could not find socket 'None' in 'Ger_PZIV_Rig_Master'
[0503.54] Warning: GetSocketWorldLocationAndRotation : Could not find socket 'None' in 'Ger_PZIV_Rig_Master'
[0503.54] Warning: GetSocketWorldLocationAndRotation : Could not find socket 'None' in 'Ger_PZIV_Body_Destroyed_Master'
[0503.54] Warning: GetSocketWorldLocationAndRotation : Could not find socket 'None' in 'Ger_PZIV_Rig_Master'
[0503.54] Warning: GetSocketWorldLocationAndRotation : Could not find socket 'None' in 'Sov_T3476_Rig_Master'
[0503.54] Warning: GetSocketWorldLocationAndRotation : Could not find socket 'None' in 'Sov_T3476_Rig_Master'
[0503.54] Warning: GetSocketWorldLocationAndRotation : Could not find socket 'None' in 'Sov_T3476_Rig_Master'
[0503.54] Warning: GetSocketWorldLocationAndRotation : Could not find socket 'None' in 'Sov_T3476_Rig_Master'
[0503.54] Warning: GetSocketWorldLocationAndRotation : Could not find socket 'None' in 'Sov_T3476_Rig_Master'
[0503.54] Warning: GetSocketWorldLocationAndRotation : Could not find socket 'None' in 'Sov_T3476_Rig_Master'
[0503.54] Warning: GetSocketWorldLocationAndRotation : Could not find socket 'None' in 'Sov_T3476_Rig_Master'
[0503.89] Warning: Failed to find notify LoaderRHGun1 on VehicleCrewProxy_199
[0513.00] Warning: Failed to find notify LoaderRHGun1 on VehicleCrewProxy_199
[0519.32] Warning: Failed to find notify LoaderRHGun1 on VehicleCrewProxy_199
[0523.50] Warning: GetSocketWorldLocationAndRotation : Could not find socket 'None' in 'Ger_PZIV_Rig_Master'
[0523.50] Warning: GetSocketWorldLocationAndRotation : Could not find socket 'None' in 'Ger_PZIV_Rig_Master'
[0523.50] Warning: GetSocketWorldLocationAndRotation : Could not find socket 'None' in 'Ger_PZIV_Destroyed_Master'
[0523.50] Warning: GetSocketWorldLocationAndRotation : Could not find socket 'None' in 'Ger_PZIV_Rig_Master'
[0523.50] Warning: GetSocketWorldLocationAndRotation : Could not find socket 'None' in 'Ger_PZIV_Rig_Master'
[0523.50] Warning: GetSocketWorldLocationAndRotation : Could not find socket 'None' in 'Ger_PZIV_Rig_Master'
[0523.50] Warning: GetSocketWorldLocationAndRotation : Could not find socket 'None' in 'Ger_PZIV_Rig_Master'
[0523.50] Warning: GetSocketWorldLocationAndRotation : Could not find socket 'None' in 'Ger_PZIV_Rig_Master'
[0523.50] Warning: GetSocketWorldLocationAndRotation : Could not find socket 'None' in 'Ger_PZIV_Rig_Master'
[0523.50] Warning: GetSocketWorldLocationAndRotation : Could not find socket 'None' in 'Ger_PZIV_Rig_Master'
[0523.50] Warning: GetSocketWorldLocationAndRotation : Could not find socket 'None' in 'Ger_PZIV_Rig_Master'
[0523.50] Warning: GetSocketWorldLocationAndRotation : Could not find socket 'None' in 'Ger_PZIV_Rig_Master'
[0523.50] Warning: GetSocketWorldLocationAndRotation : Could not find socket 'None' in 'Ger_PZIV_Body_Destroyed_Master'
[0523.50] Warning: GetSocketWorldLocationAndRotation : Could not find socket 'None' in 'Ger_PZIV_Rig_Master'
[0523.50] Warning: GetSocketWorldLocationAndRotation : Could not find socket 'None' in 'Sov_T3476_Rig_Master'
[0523.50] Warning: GetSocketWorldLocationAndRotation : Could not find socket 'None' in 'Sov_T3476_Rig_Master'
[0523.50] Warning: GetSocketWorldLocationAndRotation : Could not find socket 'None' in 'Sov_T3476_Rig_Master'
[0523.50] Warning: GetSocketWorldLocationAndRotation : Could not find socket 'Camera_Periscope' in 'Sov_T34_76_Destroyed_Master'
[0525.37] Warning: Failed to find notify LoaderRHGun1 on VehicleCrewProxy_199
[0527.40] Warning: GetSocketWorldLocationAndRotation : Could not find socket 'None' in 'Ger_PZIV_Rig_Master'
[0527.40] Warning: GetSocketWorldLocationAndRotation : Could not find socket 'None' in 'Ger_PZIV_Rig_Master'
[0527.40] Warning: GetSocketWorldLocationAndRotation : Could not find socket 'None' in 'Ger_PZIV_Destroyed_Master'
[0527.40] Warning: GetSocketWorldLocationAndRotation : Could not find socket 'None' in 'Ger_PZIV_Rig_Master'
[0527.40] Warning: GetSocketWorldLocationAndRotation : Could not find socket 'None' in 'Ger_PZIV_Rig_Master'
[0527.40] Warning: GetSocketWorldLocationAndRotation : Could not find socket 'None' in 'Ger_PZIV_Rig_Master'
[0527.40] Warning: GetSocketWorldLocationAndRotation : Could not find socket 'None' in 'Ger_PZIV_Rig_Master'
[0527.40] Warning: GetSocketWorldLocationAndRotation : Could not find socket 'None' in 'Ger_PZIV_Rig_Master'
[0527.40] Warning: GetSocketWorldLocationAndRotation : Could not find socket 'None' in 'Ger_PZIV_Rig_Master'
[0527.40] Warning: GetSocketWorldLocationAndRotation : Could not find socket 'None' in 'Ger_PZIV_Rig_Master'
[0527.40] Warning: GetSocketWorldLocationAndRotation : Could not find socket 'None' in 'Ger_PZIV_Rig_Master'
[0527.40] Warning: GetSocketWorldLocationAndRotation : Could not find socket 'None' in 'Ger_PZIV_Rig_Master'
[0527.40] Warning: GetSocketWorldLocationAndRotation : Could not find socket 'None' in 'Ger_PZIV_Body_Destroyed_Master'
[0527.40] Warning: GetSocketWorldLocationAndRotation : Could not find socket 'None' in 'Ger_PZIV_Rig_Master'
[0527.40] Warning: GetSocketWorldLocationAndRotation : Could not find socket 'None' in 'Sov_T3476_Rig_Master'
[0527.40] Warning: GetSocketWorldLocationAndRotation : Could not find socket 'None' in 'Sov_T3476_Rig_Master'
[0527.40] Warning: GetSocketWorldLocationAndRotation : Could not find socket 'Camera_PeriscopeGunner' in 'Sov_T34_76_Destroyed_Master'
[0527.40] Warning: GetSocketWorldLocationAndRotation : Could not find socket 'None' in 'Sov_T3476_Rig_Master'
[0527.40] Warning: GetSocketWorldLocationAndRotation : Could not find socket 'Camera_Periscope' in 'Sov_T34_76_Destroyed_Master'
[0538.22] Warning: Failed to find notify LoaderRHGun1 on VehicleCrewProxy_199
[0541.06] Warning: GetSocketWorldLocationAndRotation : Could not find socket 'None' in 'Sov_T3476_Rig_Master'
[0541.06] Warning: GetSocketWorldLocationAndRotation : Could not find socket 'None' in 'Ger_PZIV_Rig_Master'
[0541.06] Warning: GetSocketWorldLocationAndRotation : Could not find socket 'None' in 'Ger_PZIV_Rig_Master'
[0541.06] Warning: GetSocketWorldLocationAndRotation : Could not find socket 'None' in 'Ger_PZIV_Rig_Master'
[0541.06] Warning: GetSocketWorldLocationAndRotation : Could not find socket 'None' in 'Ger_PZIV_Rig_Master'
[0541.06] Warning: GetSocketWorldLocationAndRotation : Could not find socket 'None' in 'Ger_PZIV_Rig_Master'
[0541.06] Warning: GetSocketWorldLocationAndRotation : Could not find socket 'None' in 'Ger_PZIV_Rig_Master'
[0541.06] Warning: GetSocketWorldLocationAndRotation : Could not find socket 'None' in 'Ger_PZIV_Rig_Master'
[0541.06] Warning: GetSocketWorldLocationAndRotation : Could not find socket 'None' in 'Ger_PZIV_Rig_Master'
[0541.06] Warning: GetSocketWorldLocationAndRotation : Could not find socket 'None' in 'Ger_PZIV_Rig_Master'
[0541.06] Warning: GetSocketWorldLocationAndRotation : Could not find socket 'None' in 'Ger_PZIV_Rig_Master'
[0541.06] Warning: GetSocketWorldLocationAndRotation : Could not find socket 'None' in 'Ger_PZIV_Rig_Master'
[0541.06] Warning: GetSocketWorldLocationAndRotation : Could not find socket 'None' in 'Ger_PZIV_Rig_Master'
[0541.06] Warning: GetSocketWorldLocationAndRotation : Could not find socket 'None' in 'Sov_T3476_Rig_Master'
[0541.06] Warning: GetSocketWorldLocationAndRotation : Could not find socket 'None' in 'Sov_T3476_Rig_Master'
[0541.06] Warning: GetSocketWorldLocationAndRotation : Could not find socket 'None' in 'Sov_T3476_Rig_Master'
[0541.52] Warning: GetSocketWorldLocationAndRotation : Could not find socket 'Exhaust' in 'Sov_T34_76_Destroyed_Master'
[0544.31] Warning: Failed to find notify LoaderRHGun1 on VehicleCrewProxy_199
[0550.43] Warning: Failed to find notify LoaderRHGun1 on VehicleCrewProxy_199
[0553.65] Warning: GetSocketWorldLocationAndRotation : Could not find socket 'None' in 'Ger_PZIV_Rig_Master'
[0553.65] Warning: GetSocketWorldLocationAndRotation : Could not find socket 'None' in 'Ger_PZIV_Rig_Master'
[0553.65] Warning: GetSocketWorldLocationAndRotation : Could not find socket 'None' in 'Ger_PZIV_Rig_Master'
[0553.65] Warning: GetSocketWorldLocationAndRotation : Could not find socket 'None' in 'Ger_PZIV_Rig_Master'
[0553.65] Warning: GetSocketWorldLocationAndRotation : Could not find socket 'None' in 'Ger_PZIV_Rig_Master'
[0553.65] Warning: GetSocketWorldLocationAndRotation : Could not find socket 'None' in 'Ger_PZIV_Rig_Master'
[0553.65] Warning: GetSocketWorldLocationAndRotation : Could not find socket 'None' in 'Ger_PZIV_Rig_Master'
[0553.65] Warning: GetSocketWorldLocationAndRotation : Could not find socket 'None' in 'Ger_PZIV_Rig_Master'
[0553.65] Warning: GetSocketWorldLocationAndRotation : Could not find socket 'None' in 'Ger_PZIV_Rig_Master'
[0553.65] Warning: GetSocketWorldLocationAndRotation : Could not find socket 'None' in 'Ger_PZIV_Rig_Master'
[0553.65] Warning: GetSocketWorldLocationAndRotation : Could not find socket 'None' in 'Ger_PZIV_Rig_Master'
[0553.65] Warning: GetSocketWorldLocationAndRotation : Could not find socket 'None' in 'Ger_PZIV_Rig_Master'
[0553.65] Warning: GetSocketWorldLocationAndRotation : Could not find socket 'None' in 'Sov_T34_76_Destroyed_Master'
[0553.65] Warning: GetSocketWorldLocationAndRotation : Could not find socket 'None' in 'Sov_T3476_Rig_Master'
[0553.65] Warning: GetSocketWorldLocationAndRotation : Could not find socket 'None' in 'Sov_T3476_Rig_Master'
[0556.60] Warning: Failed to find notify LoaderRHGun1 on VehicleCrewProxy_199
[0558.65] Warning: GetSocketWorldLocationAndRotation : Could not find socket 'None' in 'Ger_PZIV_Rig_Master'
[0558.65] Warning: GetSocketWorldLocationAndRotation : Could not find socket 'None' in 'Ger_PZIV_Rig_Master'
[0558.65] Warning: GetSocketWorldLocationAndRotation : Could not find socket 'None' in 'Ger_PZIV_Rig_Master'
[0558.65] Warning: GetSocketWorldLocationAndRotation : Could not find socket 'None' in 'Ger_PZIV_Rig_Master'
[0558.65] Warning: GetSocketWorldLocationAndRotation : Could not find socket 'None' in 'Ger_PZIV_Rig_Master'
[0558.65] Warning: GetSocketWorldLocationAndRotation : Could not find socket 'None' in 'Ger_PZIV_Rig_Master'
[0558.65] Warning: GetSocketWorldLocationAndRotation : Could not find socket 'None' in 'Ger_PZIV_Rig_Master'
[0558.65] Warning: GetSocketWorldLocationAndRotation : Could not find socket 'None' in 'Ger_PZIV_Rig_Master'
[0558.65] Warning: GetSocketWorldLocationAndRotation : Could not find socket 'None' in 'Ger_PZIV_Rig_Master'
[0558.65] Warning: GetSocketWorldLocationAndRotation : Could not find socket 'None' in 'Ger_PZIV_Rig_Master'
[0558.65] Warning: GetSocketWorldLocationAndRotation : Could not find socket 'None' in 'Ger_PZIV_Rig_Master'
[0558.65] Warning: GetSocketWorldLocationAndRotation : Could not find socket 'None' in 'Ger_PZIV_Rig_Master'
[0558.65] Warning: GetSocketWorldLocationAndRotation : Could not find socket 'None' in 'Sov_T3476_Rig_Master'
[0558.65] Warning: GetSocketWorldLocationAndRotation : Could not find socket 'Camera_PeriscopeGunner' in 'Sov_T34_76_Body_Destroyed_Master'
[0558.65] Warning: GetSocketWorldLocationAndRotation : Could not find socket 'None' in 'Sov_T3476_Rig_Master'
[0560.21] Warning: GetSocketWorldLocationAndRotation : Could not find socket 'None' in 'Ger_PZIV_Rig_Master'
[0560.21] Warning: GetSocketWorldLocationAndRotation : Could not find socket 'None' in 'Ger_PZIV_Rig_Master'
[0560.21] Warning: GetSocketWorldLocationAndRotation : Could not find socket 'None' in 'Ger_PZIV_Rig_Master'
[0560.21] Warning: GetSocketWorldLocationAndRotation : Could not find socket 'None' in 'Ger_PZIV_Rig_Master'
[0560.21] Warning: GetSocketWorldLocationAndRotation : Could not find socket 'None' in 'Ger_PZIV_Rig_Master'
[0560.21] Warning: GetSocketWorldLocationAndRotation : Could not find socket 'None' in 'Ger_PZIV_Rig_Master'
[0560.21] Warning: GetSocketWorldLocationAndRotation : Could not find socket 'None' in 'Ger_PZIV_Rig_Master'
[0560.21] Warning: GetSocketWorldLocationAndRotation : Could not find socket 'None' in 'Ger_PZIV_Rig_Master'
[0560.21] Warning: GetSocketWorldLocationAndRotation : Could not find socket 'None' in 'Ger_PZIV_Rig_Master'
[0560.21] Warning: GetSocketWorldLocationAndRotation : Could not find socket 'None' in 'Ger_PZIV_Rig_Master'
[0560.21] Warning: GetSocketWorldLocationAndRotation : Could not find socket 'None' in 'Ger_PZIV_Rig_Master'
[0560.21] Warning: GetSocketWorldLocationAndRotation : Could not find socket 'None' in 'Ger_PZIV_Rig_Master'
[0560.21] Warning: GetSocketWorldLocationAndRotation : Could not find socket 'None' in 'Ger_PZIV_Rig_Master'
[0560.21] Warning: GetSocketWorldLocationAndRotation : Could not find socket 'Camera_PeriscopeGunner' in 'Sov_T34_76_Body_Destroyed_Master'
[0560.21] Warning: GetSocketWorldLocationAndRotation : Could not find socket 'None' in 'Sov_T3476_Rig_Master'
[0560.21] Warning: GetSocketWorldLocationAndRotation : Could not find socket 'Camera_PeriscopeGunner' in 'Sov_T34_76_Body_Destroyed_Master'
[0560.21] Warning: GetSocketWorldLocationAndRotation : Could not find socket 'None' in 'Sov_T3476_Rig_Master'
[0562.61] Warning: Failed to find notify LoaderRHGun1 on VehicleCrewProxy_199
[0568.80] Warning: Failed to find notify LoaderRHGun1 on VehicleCrewProxy_199
[0574.97] Warning: Failed to find notify LoaderRHGun1 on VehicleCrewProxy_199
[0575.19] Warning: GetSocketWorldLocationAndRotation : Could not find socket 'None' in 'Sov_T3476_Rig_Master'
[0575.19] Warning: GetSocketWorldLocationAndRotation : Could not find socket 'None' in 'Ger_PZIV_Rig_Master'
[0575.19] Warning: GetSocketWorldLocationAndRotation : Could not find socket 'None' in 'Ger_PZIV_Rig_Master'
[0575.19] Warning: GetSocketWorldLocationAndRotation : Could not find socket 'None' in 'Ger_PZIV_Rig_Master'
[0575.19] Warning: GetSocketWorldLocationAndRotation : Could not find socket 'None' in 'Ger_PZIV_Rig_Master'
[0575.19] Warning: GetSocketWorldLocationAndRotation : Could not find socket 'None' in 'Ger_PZIV_Rig_Master'
[0575.19] Warning: GetSocketWorldLocationAndRotation : Could not find socket 'None' in 'Ger_PZIV_Destroyed_Master'
[0575.19] Warning: GetSocketWorldLocationAndRotation : Could not find socket 'None' in 'Ger_PZIV_Rig_Master'
[0575.19] Warning: GetSocketWorldLocationAndRotation : Could not find socket 'None' in 'Ger_PZIV_Rig_Master'
[0575.19] Warning: GetSocketWorldLocationAndRotation : Could not find socket 'None' in 'Ger_PZIV_Rig_Master'
[0575.19] Warning: GetSocketWorldLocationAndRotation : Could not find socket 'None' in 'Ger_PZIV_Rig_Master'
[0575.19] Warning: GetSocketWorldLocationAndRotation : Could not find socket 'None' in 'Ger_PZIV_Rig_Master'
[0575.19] Warning: GetSocketWorldLocationAndRotation : Could not find socket 'None' in 'Ger_PZIV_Rig_Master'
[0575.19] Warning: GetSocketWorldLocationAndRotation : Could not find socket 'None' in 'Sov_T3476_Rig_Master'
[0575.19] Warning: GetSocketWorldLocationAndRotation : Could not find socket 'None' in 'Sov_T3476_Rig_Master'
[0575.20] Warning: GetSocketWorldLocationAndRotation : Could not find socket 'Exhaust' in 'Sov_T34_76_Destroyed_Master'
[0581.07] Warning: Failed to find notify LoaderRHGun1 on VehicleCrewProxy_199
[0584.97] Warning: GetSocketWorldLocationAndRotation : Could not find socket 'None' in 'Ger_PZIV_Rig_Master'
[0584.97] Warning: GetSocketWorldLocationAndRotation : Could not find socket 'None' in 'Ger_PZIV_Rig_Master'
[0584.97] Warning: GetSocketWorldLocationAndRotation : Could not find socket 'None' in 'Ger_PZIV_Rig_Master'
[0584.97] Warning: GetSocketWorldLocationAndRotation : Could not find socket 'None' in 'Ger_PZIV_Rig_Master'
[0584.97] Warning: GetSocketWorldLocationAndRotation : Could not find socket 'None' in 'Ger_PZIV_Rig_Master'
[0584.97] Warning: GetSocketWorldLocationAndRotation : Could not find socket 'None' in 'Ger_PZIV_Rig_Master'
[0584.97] Warning: GetSocketWorldLocationAndRotation : Could not find socket 'None' in 'Ger_PZIV_Destroyed_Master'
[0584.97] Warning: GetSocketWorldLocationAndRotation : Could not find socket 'None' in 'Ger_PZIV_Rig_Master'
[0584.97] Warning: GetSocketWorldLocationAndRotation : Could not find socket 'None' in 'Ger_PZIV_Rig_Master'
[0584.97] Warning: GetSocketWorldLocationAndRotation : Could not find socket 'None' in 'Ger_PZIV_Rig_Master'
[0584.97] Warning: GetSocketWorldLocationAndRotation : Could not find socket 'None' in 'Ger_PZIV_Rig_Master'
[0584.97] Warning: GetSocketWorldLocationAndRotation : Could not find socket 'None' in 'Ger_PZIV_Rig_Master'
[0584.97] Warning: GetSocketWorldLocationAndRotation : Could not find socket 'None' in 'Ger_PZIV_Rig_Master'
[0584.97] Warning: GetSocketWorldLocationAndRotation : Could not find socket 'None' in 'Sov_T34_76_Destroyed_Master'
[0584.97] Warning: GetSocketWorldLocationAndRotation : Could not find socket 'None' in 'Sov_T3476_Rig_Master'
[0587.40] Warning: Failed to find notify LoaderRHGun1 on VehicleCrewProxy_199
[0593.39] Warning: Failed to find notify LoaderRHGun1 on VehicleCrewProxy_199
[0599.52] Warning: Failed to find notify LoaderRHGun1 on VehicleCrewProxy_199
[0605.64] Warning: Failed to find notify LoaderRHGun1 on VehicleCrewProxy_199
[0611.77] Warning: Failed to find notify LoaderRHGun1 on VehicleCrewProxy_199
[0617.93] Warning: Failed to find notify LoaderRHGun1 on VehicleCrewProxy_199
[0624.08] Warning: Failed to find notify LoaderRHGun1 on VehicleCrewProxy_199
[0628.14] Warning: GetSocketWorldLocationAndRotation : Could not find socket 'None' in 'Ger_PZIV_Rig_Master'
[0628.14] Warning: GetSocketWorldLocationAndRotation : Could not find socket 'None' in 'Ger_PZIV_Rig_Master'
[0628.14] Warning: GetSocketWorldLocationAndRotation : Could not find socket 'None' in 'Ger_PZIV_Rig_Master'
[0628.14] Warning: GetSocketWorldLocationAndRotation : Could not find socket 'None' in 'Ger_PZIV_Rig_Master'
[0628.14] Warning: GetSocketWorldLocationAndRotation : Could not find socket 'None' in 'Ger_PZIV_Rig_Master'
[0628.14] Warning: GetSocketWorldLocationAndRotation : Could not find socket 'None' in 'Ger_PZIV_Destroyed_Master'
[0628.14] Warning: GetSocketWorldLocationAndRotation : Could not find socket 'None' in 'Ger_PZIV_Destroyed_Master'
[0628.14] Warning: GetSocketWorldLocationAndRotation : Could not find socket 'None' in 'Ger_PZIV_Rig_Master'
[0628.14] Warning: GetSocketWorldLocationAndRotation : Could not find socket 'None' in 'Ger_PZIV_Rig_Master'
[0628.14] Warning: GetSocketWorldLocationAndRotation : Could not find socket 'None' in 'Ger_PZIV_Rig_Master'
[0628.14] Warning: GetSocketWorldLocationAndRotation : Could not find socket 'None' in 'Ger_PZIV_Rig_Master'
[0628.14] Warning: GetSocketWorldLocationAndRotation : Could not find socket 'None' in 'Ger_PZIV_Rig_Master'
[0628.14] Warning: GetSocketWorldLocationAndRotation : Could not find socket 'None' in 'Ger_PZIV_Rig_Master'
[0628.14] Warning: GetSocketWorldLocationAndRotation : Could not find socket 'None' in 'Sov_T3476_Rig_Master'
[0630.25] Warning: Failed to find notify LoaderRHGun1 on VehicleCrewProxy_199
[0657.05] Warning: Failed to find notify LoaderRHGun1 on VehicleCrewProxy_199
[0663.18] Warning: Failed to find notify LoaderRHGun1 on VehicleCrewProxy_199
[0669.35] Warning: Failed to find notify LoaderRHGun1 on VehicleCrewProxy_199
[0672.84] Warning: GetSocketWorldLocationAndRotation : Could not find socket 'None' in 'Ger_PZIV_Rig_Master'
[0672.84] Warning: GetSocketWorldLocationAndRotation : Could not find socket 'None' in 'Sov_T3476_Rig_Master'
[0672.84] Warning: GetSocketWorldLocationAndRotation : Could not find socket 'None' in 'Sov_T3476_Rig_Master'
[0672.84] Warning: GetSocketWorldLocationAndRotation : Could not find socket 'None' in 'Sov_T3476_Rig_Master'
[0672.84] Warning: GetSocketWorldLocationAndRotation : Could not find socket 'None' in 'Sov_T3476_Rig_Master'
[0672.84] Warning: GetSocketWorldLocationAndRotation : Could not find socket 'None' in 'Sov_T3476_Rig_Master'
[0672.84] Warning: GetSocketWorldLocationAndRotation : Could not find socket 'None' in 'Sov_T3476_Rig_Master'
[0672.84] Warning: GetSocketWorldLocationAndRotation : Could not find socket 'None' in 'Sov_T3476_Rig_Master'
[0672.84] Warning: GetSocketWorldLocationAndRotation : Could not find socket 'None' in 'Sov_T3476_Rig_Master'
[0672.84] Warning: GetSocketWorldLocationAndRotation : Could not find socket 'None' in 'Ger_PZIV_Rig_Master'
[0672.84] Warning: GetSocketWorldLocationAndRotation : Could not find socket 'None' in 'Ger_PZIV_Rig_Master'
[0672.84] Warning: GetSocketWorldLocationAndRotation : Could not find socket 'None' in 'Ger_PZIV_Rig_Master'
[0672.84] Warning: GetSocketWorldLocationAndRotation : Could not find socket 'None' in 'Ger_PZIV_Rig_Master'
[0672.84] Warning: GetSocketWorldLocationAndRotation : Could not find socket 'None' in 'Ger_PZIV_Rig_Master'
[0672.84] Warning: GetSocketWorldLocationAndRotation : Could not find socket 'None' in 'Ger_PZIV_Rig_Master'
[0672.84] Warning: GetSocketWorldLocationAndRotation : Could not find socket 'None' in 'Ger_PZIV_Rig_Master'
[0672.84] Warning: GetSocketWorldLocationAndRotation : Could not find socket 'None' in 'Ger_PZIV_Rig_Master'
[0672.85] Warning: GetSocketWorldLocationAndRotation : Could not find socket 'None' in 'Ger_PZIV_Rig_Master'
[0672.85] Warning: GetSocketWorldLocationAndRotation : Could not find socket 'None' in 'Sov_T3476_Rig_Master'
[0675.39] Warning: Failed to find notify LoaderRHGun1 on VehicleCrewProxy_199
[0682.81] Warning: GetSocketWorldLocationAndRotation : Could not find socket 'None' in 'Sov_T3476_Rig_Master'
[0682.81] Warning: GetSocketWorldLocationAndRotation : Could not find socket 'None' in 'Sov_T3476_Rig_Master'
[0682.81] Warning: GetSocketWorldLocationAndRotation : Could not find socket 'None' in 'Sov_T3476_Rig_Master'
[0682.81] Warning: GetSocketWorldLocationAndRotation : Could not find socket 'None' in 'Sov_T3476_Rig_Master'
[0682.81] Warning: GetSocketWorldLocationAndRotation : Could not find socket 'None' in 'Sov_T3476_Rig_Master'
[0682.81] Warning: GetSocketWorldLocationAndRotation : Could not find socket 'None' in 'Sov_T3476_Rig_Master'
[0682.81] Warning: GetSocketWorldLocationAndRotation : Could not find socket 'None' in 'Sov_T3476_Rig_Master'
[0682.81] Warning: GetSocketWorldLocationAndRotation : Could not find socket 'None' in 'Sov_T3476_Rig_Master'
[0682.81] Warning: GetSocketWorldLocationAndRotation : Could not find socket 'None' in 'Ger_PZIV_Rig_Master'
[0682.81] Warning: GetSocketWorldLocationAndRotation : Could not find socket 'None' in 'Ger_PZIV_Rig_Master'
[0682.81] Warning: GetSocketWorldLocationAndRotation : Could not find socket 'None' in 'Ger_PZIV_Rig_Master'
[0682.81] Warning: GetSocketWorldLocationAndRotation : Could not find socket 'None' in 'Ger_PZIV_Rig_Master'
[0682.81] Warning: GetSocketWorldLocationAndRotation : Could not find socket 'None' in 'Ger_PZIV_Rig_Master'
[0682.81] Warning: GetSocketWorldLocationAndRotation : Could not find socket 'None' in 'Ger_PZIV_Rig_Master'
[0682.81] Warning: GetSocketWorldLocationAndRotation : Could not find socket 'None' in 'Ger_PZIV_Rig_Master'
[0682.81] Warning: GetSocketWorldLocationAndRotation : Could not find socket 'None' in 'Ger_PZIV_Destroyed_Master'
[0682.81] Warning: GetSocketWorldLocationAndRotation : Could not find socket 'None' in 'Ger_PZIV_Rig_Master'
[0682.81] Warning: GetSocketWorldLocationAndRotation : Could not find socket 'None' in 'Sov_T3476_Rig_Master'
[0689.82] Warning: SpawnActor failed because class ROWeap_MN9130_Rifle is abstract
[0689.82] Warning: SpawnActor failed because class ROWeap_F1_Grenade is abstract
[0689.82] Warning: SpawnActor failed because class ROWeap_M1895_Revolver is abstract
[0717.17] Warning: Failed to find notify LoaderRHGun1 on VehicleCrewProxy_224
[0723.27] Warning: Failed to find notify LoaderRHGun1 on VehicleCrewProxy_224
[0729.43] Warning: Failed to find notify LoaderRHGun1 on VehicleCrewProxy_224
[0735.61] Warning: Failed to find notify LoaderRHGun1 on VehicleCrewProxy_224
[0741.82] Warning: Failed to find notify LoaderRHGun1 on VehicleCrewProxy_224
[0742.38] Warning: GetSocketWorldLocationAndRotation : Could not find socket 'None' in 'Sov_T3476_Rig_Master'
[0742.38] Warning: GetSocketWorldLocationAndRotation : Could not find socket 'None' in 'Sov_T3476_Rig_Master'
[0742.38] Warning: GetSocketWorldLocationAndRotation : Could not find socket 'None' in 'Sov_T3476_Rig_Master'
[0742.38] Warning: GetSocketWorldLocationAndRotation : Could not find socket 'None' in 'Sov_T3476_Rig_Master'
[0742.38] Warning: GetSocketWorldLocationAndRotation : Could not find socket 'None' in 'Sov_T3476_Rig_Master'
[0742.38] Warning: GetSocketWorldLocationAndRotation : Could not find socket 'None' in 'Sov_T3476_Rig_Master'
[0742.38] Warning: GetSocketWorldLocationAndRotation : Could not find socket 'None' in 'Sov_T3476_Rig_Master'
[0742.38] Warning: GetSocketWorldLocationAndRotation : Could not find socket 'None' in 'Sov_T3476_Rig_Master'
[0742.38] Warning: GetSocketWorldLocationAndRotation : Could not find socket 'None' in 'Ger_PZIV_Rig_Master'
[0742.38] Warning: GetSocketWorldLocationAndRotation : Could not find socket 'None' in 'Ger_PZIV_Rig_Master'
[0742.38] Warning: GetSocketWorldLocationAndRotation : Could not find socket 'None' in 'Ger_PZIV_Rig_Master'
[0742.38] Warning: GetSocketWorldLocationAndRotation : Could not find socket 'None' in 'Ger_PZIV_Rig_Master'
[0742.38] Warning: GetSocketWorldLocationAndRotation : Could not find socket 'None' in 'Ger_PZIV_Rig_Master'
[0742.38] Warning: GetSocketWorldLocationAndRotation : Could not find socket 'None' in 'Ger_PZIV_Rig_Master'
[0742.38] Warning: GetSocketWorldLocationAndRotation : Could not find socket 'None' in 'Ger_PZIV_Rig_Master'
[0742.38] Warning: GetSocketWorldLocationAndRotation : Could not find socket 'None' in 'Ger_PZIV_Rig_Master'
[0742.38] Warning: GetSocketWorldLocationAndRotation : Could not find socket 'None' in 'Sov_T3476_Rig_Master'
[0748.00] Warning: Failed to find notify LoaderRHGun1 on VehicleCrewProxy_224
[0752.10] Warning: GetSocketWorldLocationAndRotation : Could not find socket 'None' in 'Ger_PZIV_Rig_Master'
[0752.10] Warning: GetSocketWorldLocationAndRotation : Could not find socket 'None' in 'Sov_T3476_Rig_Master'
[0752.10] Warning: GetSocketWorldLocationAndRotation : Could not find socket 'None' in 'Sov_T3476_Rig_Master'
[0752.10] Warning: GetSocketWorldLocationAndRotation : Could not find socket 'None' in 'Sov_T3476_Rig_Master'
[0752.10] Warning: GetSocketWorldLocationAndRotation : Could not find socket 'None' in 'Sov_T3476_Rig_Master'
[0752.10] Warning: GetSocketWorldLocationAndRotation : Could not find socket 'None' in 'Sov_T34_76_Destroyed_Master'
[0752.10] Warning: GetSocketWorldLocationAndRotation : Could not find socket 'None' in 'Sov_T3476_Rig_Master'
[0752.10] Warning: GetSocketWorldLocationAndRotation : Could not find socket 'None' in 'Sov_T3476_Rig_Master'
[0752.10] Warning: GetSocketWorldLocationAndRotation : Could not find socket 'None' in 'Sov_T3476_Rig_Master'
[0752.10] Warning: GetSocketWorldLocationAndRotation : Could not find socket 'None' in 'Ger_PZIV_Rig_Master'
[0752.10] Warning: GetSocketWorldLocationAndRotation : Could not find socket 'None' in 'Ger_PZIV_Rig_Master'
[0752.10] Warning: GetSocketWorldLocationAndRotation : Could not find socket 'None' in 'Ger_PZIV_Rig_Master'
[0752.10] Warning: GetSocketWorldLocationAndRotation : Could not find socket 'None' in 'Ger_PZIV_Rig_Master'
[0752.10] Warning: GetSocketWorldLocationAndRotation : Could not find socket 'None' in 'Ger_PZIV_Rig_Master'
[0752.10] Warning: GetSocketWorldLocationAndRotation : Could not find socket 'None' in 'Ger_PZIV_Rig_Master'
[0752.10] Warning: GetSocketWorldLocationAndRotation : Could not find socket 'None' in 'Ger_PZIV_Rig_Master'
[0752.10] Warning: GetSocketWorldLocationAndRotation : Could not find socket 'None' in 'Ger_PZIV_Rig_Master'
[0752.10] Warning: GetSocketWorldLocationAndRotation : Could not find socket 'None' in 'Sov_T3476_Rig_Master'
[0754.05] Warning: Failed to find notify LoaderRHGun1 on VehicleCrewProxy_224
[0754.32] Warning: GetSocketWorldLocationAndRotation : Could not find socket 'None' in 'Sov_T3476_Rig_Master'
[0754.32] Warning: GetSocketWorldLocationAndRotation : Could not find socket 'None' in 'Sov_T3476_Rig_Master'
[0754.32] Warning: GetSocketWorldLocationAndRotation : Could not find socket 'None' in 'Sov_T3476_Rig_Master'
[0754.32] Warning: GetSocketWorldLocationAndRotation : Could not find socket 'None' in 'Sov_T3476_Rig_Master'
[0754.32] Warning: GetSocketWorldLocationAndRotation : Could not find socket 'None' in 'Sov_T3476_Rig_Master'
[0754.32] Warning: GetSocketWorldLocationAndRotation : Could not find socket 'None' in 'Sov_T34_76_Destroyed_Master'
[0754.32] Warning: GetSocketWorldLocationAndRotation : Could not find socket 'None' in 'Sov_T3476_Rig_Master'
[0754.32] Warning: GetSocketWorldLocationAndRotation : Could not find socket 'None' in 'Sov_T3476_Rig_Master'
[0754.32] Warning: GetSocketWorldLocationAndRotation : Could not find socket 'None' in 'Sov_T3476_Rig_Master'
[0754.32] Warning: GetSocketWorldLocationAndRotation : Could not find socket 'None' in 'Ger_PZIV_Rig_Master'
[0754.32] Warning: GetSocketWorldLocationAndRotation : Could not find socket 'None' in 'Ger_PZIV_Rig_Master'
[0754.32] Warning: GetSocketWorldLocationAndRotation : Could not find socket 'None' in 'Ger_PZIV_Rig_Master'
[0754.32] Warning: GetSocketWorldLocationAndRotation : Could not find socket 'None' in 'Ger_PZIV_Rig_Master'
[0754.32] Warning: GetSocketWorldLocationAndRotation : Could not find socket 'None' in 'Ger_PZIV_Rig_Master'
[0754.32] Warning: GetSocketWorldLocationAndRotation : Could not find socket 'None' in 'Ger_PZIV_Rig_Master'
[0754.32] Warning: GetSocketWorldLocationAndRotation : Could not find socket 'None' in 'Ger_PZIV_Rig_Master'
[0754.32] Warning: GetSocketWorldLocationAndRotation : Could not find socket 'None' in 'Ger_PZIV_Destroyed_Master'
[0754.32] Warning: GetSocketWorldLocationAndRotation : Could not find socket 'None' in 'Sov_T3476_Rig_Master'
[0754.72] Warning: GetSocketWorldLocationAndRotation : Could not find socket 'Exhaust' in 'Sov_T34_76_Destroyed_Master'
[0760.20] Warning: Failed to find notify LoaderRHGun1 on VehicleCrewProxy_224
[0764.24] Warning: GetSocketWorldLocationAndRotation : Could not find socket 'None' in 'Ger_PZIV_Rig_Master'
[0764.24] Warning: GetSocketWorldLocationAndRotation : Could not find socket 'None' in 'Sov_T3476_Rig_Master'
[0764.24] Warning: GetSocketWorldLocationAndRotation : Could not find socket 'None' in 'Sov_T3476_Rig_Master'
[0764.24] Warning: GetSocketWorldLocationAndRotation : Could not find socket 'None' in 'Sov_T34_76_Destroyed_Master'
[0764.24] Warning: GetSocketWorldLocationAndRotation : Could not find socket 'None' in 'Sov_T3476_Rig_Master'
[0764.24] Warning: GetSocketWorldLocationAndRotation : Could not find socket 'None' in 'Sov_T3476_Rig_Master'
[0764.24] Warning: GetSocketWorldLocationAndRotation : Could not find socket 'None' in 'Sov_T3476_Rig_Master'
[0764.24] Warning: GetSocketWorldLocationAndRotation : Could not find socket 'None' in 'Ger_PZIV_Rig_Master'
[0764.24] Warning: GetSocketWorldLocationAndRotation : Could not find socket 'None' in 'Ger_PZIV_Rig_Master'
[0764.24] Warning: GetSocketWorldLocationAndRotation : Could not find socket 'None' in 'Ger_PZIV_Rig_Master'
[0764.24] Warning: GetSocketWorldLocationAndRotation : Could not find socket 'None' in 'Ger_PZIV_Rig_Master'
[0764.24] Warning: GetSocketWorldLocationAndRotation : Could not find socket 'None' in 'Ger_PZIV_Rig_Master'
[0764.24] Warning: GetSocketWorldLocationAndRotation : Could not find socket 'None' in 'Ger_PZIV_Rig_Master'
[0764.24] Warning: GetSocketWorldLocationAndRotation : Could not find socket 'None' in 'Ger_PZIV_Rig_Master'
[0764.24] Warning: GetSocketWorldLocationAndRotation : Could not find socket 'None' in 'Ger_PZIV_Destroyed_Master'
[0764.24] Warning: GetSocketWorldLocationAndRotation : Could not find socket 'None' in 'Sov_T3476_Rig_Master'
[0766.21] Warning: Failed to find notify LoaderRHGun1 on VehicleCrewProxy_224
[0767.45] Warning: GetSocketWorldLocationAndRotation : Could not find socket 'None' in 'Sov_T3476_Rig_Master'
[0767.45] Warning: GetSocketWorldLocationAndRotation : Could not find socket 'None' in 'Sov_T3476_Rig_Master'
[0767.45] Warning: GetSocketWorldLocationAndRotation : Could not find socket 'None' in 'Sov_T3476_Rig_Master'
[0767.45] Warning: GetSocketWorldLocationAndRotation : Could not find socket 'None' in 'Sov_T3476_Rig_Master'
[0767.45] Warning: GetSocketWorldLocationAndRotation : Could not find socket 'None' in 'Sov_T3476_Rig_Master'
[0767.45] Warning: GetSocketWorldLocationAndRotation : Could not find socket 'None' in 'Ger_PZIV_Rig_Master'
[0767.45] Warning: GetSocketWorldLocationAndRotation : Could not find socket 'None' in 'Ger_PZIV_Rig_Master'
[0767.45] Warning: GetSocketWorldLocationAndRotation : Could not find socket 'None' in 'Ger_PZIV_Destroyed_Master'
[0767.45] Warning: GetSocketWorldLocationAndRotation : Could not find socket 'None' in 'Ger_PZIV_Rig_Master'
[0767.45] Warning: GetSocketWorldLocationAndRotation : Could not find socket 'None' in 'Ger_PZIV_Rig_Master'
[0767.45] Warning: GetSocketWorldLocationAndRotation : Could not find socket 'None' in 'Ger_PZIV_Rig_Master'
[0767.45] Warning: GetSocketWorldLocationAndRotation : Could not find socket 'None' in 'Ger_PZIV_Rig_Master'
[0767.45] Warning: GetSocketWorldLocationAndRotation : Could not find socket 'None' in 'Ger_PZIV_Destroyed_Master'
[0767.45] Warning: GetSocketWorldLocationAndRotation : Could not find socket 'None' in 'Sov_T3476_Rig_Master'
[0774.64] Warning: GetSocketWorldLocationAndRotation : Could not find socket 'None' in 'Sov_T3476_Rig_Master'
[0774.64] Warning: GetSocketWorldLocationAndRotation : Could not find socket 'None' in 'Sov_T3476_Rig_Master'
[0774.64] Warning: GetSocketWorldLocationAndRotation : Could not find socket 'Camera_Periscope' in 'Sov_T34_76_Body_Destroyed_Master'
[0774.64] Warning: GetSocketWorldLocationAndRotation : Could not find socket 'None' in 'Sov_T3476_Rig_Master'
[0774.64] Warning: GetSocketWorldLocationAndRotation : Could not find socket 'None' in 'Sov_T3476_Rig_Master'
[0774.64] Warning: GetSocketWorldLocationAndRotation : Could not find socket 'None' in 'Sov_T3476_Rig_Master'
[0774.64] Warning: GetSocketWorldLocationAndRotation : Could not find socket 'None' in 'Sov_T3476_Rig_Master'
[0774.64] Warning: GetSocketWorldLocationAndRotation : Could not find socket 'None' in 'Ger_PZIV_Rig_Master'
[0774.64] Warning: GetSocketWorldLocationAndRotation : Could not find socket 'None' in 'Ger_PZIV_Rig_Master'
[0774.64] Warning: GetSocketWorldLocationAndRotation : Could not find socket 'None' in 'Ger_PZIV_Destroyed_Master'
[0774.64] Warning: GetSocketWorldLocationAndRotation : Could not find socket 'None' in 'Ger_PZIV_Rig_Master'
[0774.64] Warning: GetSocketWorldLocationAndRotation : Could not find socket 'None' in 'Ger_PZIV_Rig_Master'
[0774.64] Warning: GetSocketWorldLocationAndRotation : Could not find socket 'None' in 'Ger_PZIV_Rig_Master'
[0774.64] Warning: GetSocketWorldLocationAndRotation : Could not find socket 'None' in 'Ger_PZIV_Rig_Master'
[0774.64] Warning: GetSocketWorldLocationAndRotation : Could not find socket 'None' in 'Ger_PZIV_Destroyed_Master'
[0774.64] Warning: GetSocketWorldLocationAndRotation : Could not find socket 'None' in 'Sov_T3476_Rig_Master'
[0775.01] Warning: GetSocketWorldLocationAndRotation : Could not find socket 'Exhaust' in 'Sov_T34_76_Destroyed_Master'
[0797.84] Warning: Failed to find notify LoaderRHGun1 on VehicleCrewProxy_224
[0803.86] Warning: Failed to find notify LoaderRHGun1 on VehicleCrewProxy_224
[0809.96] Warning: Failed to find notify LoaderRHGun1 on VehicleCrewProxy_224
[0816.02] Warning: Failed to find notify LoaderRHGun1 on VehicleCrewProxy_224
[0819.38] Warning: GetSocketWorldLocationAndRotation : Could not find socket 'None' in 'Sov_T3476_Rig_Master'
[0819.38] Warning: GetSocketWorldLocationAndRotation : Could not find socket 'None' in 'Sov_T3476_Rig_Master'
[0819.38] Warning: GetSocketWorldLocationAndRotation : Could not find socket 'None' in 'Sov_T3476_Rig_Master'
[0819.38] Warning: GetSocketWorldLocationAndRotation : Could not find socket 'None' in 'Ger_PZIV_Rig_Master'
[0819.38] Warning: GetSocketWorldLocationAndRotation : Could not find socket 'None' in 'Ger_PZIV_Rig_Master'
[0819.38] Warning: GetSocketWorldLocationAndRotation : Could not find socket 'None' in 'Ger_PZIV_Destroyed_Master'
[0819.38] Warning: GetSocketWorldLocationAndRotation : Could not find socket 'None' in 'Ger_PZIV_Rig_Master'
[0819.38] Warning: GetSocketWorldLocationAndRotation : Could not find socket 'None' in 'Ger_PZIV_Rig_Master'
[0819.38] Warning: GetSocketWorldLocationAndRotation : Could not find socket 'None' in 'Ger_PZIV_Rig_Master'
[0819.38] Warning: GetSocketWorldLocationAndRotation : Could not find socket 'None' in 'Ger_PZIV_Rig_Master'
[0819.38] Warning: GetSocketWorldLocationAndRotation : Could not find socket 'None' in 'Ger_PZIV_Destroyed_Master'
[0819.38] Warning: GetSocketWorldLocationAndRotation : Could not find socket 'None' in 'Sov_T3476_Rig_Master'
[0822.16] Warning: Failed to find notify LoaderRHGun1 on VehicleCrewProxy_224
[0828.23] Warning: Failed to find notify LoaderRHGun1 on VehicleCrewProxy_224
[0834.35] Warning: Failed to find notify LoaderRHGun1 on VehicleCrewProxy_224
[0840.51] Warning: Failed to find notify LoaderRHGun1 on VehicleCrewProxy_224
[0855.86] Warning: Failed to find notify LoaderRHGun1 on VehicleCrewProxy_224
[0856.97] Warning: GetSocketWorldLocationAndRotation : Could not find socket 'None' in 'Sov_T3476_Rig_Master'
[0856.97] Warning: GetSocketWorldLocationAndRotation : Could not find socket 'None' in 'Sov_T3476_Rig_Master'
[0856.97] Warning: GetSocketWorldLocationAndRotation : Could not find socket 'None' in 'Sov_T3476_Rig_Master'
[0856.97] Warning: GetSocketWorldLocationAndRotation : Could not find socket 'None' in 'Sov_T3476_Rig_Master'
[0856.97] Warning: GetSocketWorldLocationAndRotation : Could not find socket 'None' in 'Sov_T3476_Rig_Master'
[0856.97] Warning: GetSocketWorldLocationAndRotation : Could not find socket 'None' in 'Sov_T3476_Rig_Master'
[0856.97] Warning: GetSocketWorldLocationAndRotation : Could not find socket 'None' in 'Ger_PZIV_Rig_Master'
[0856.97] Warning: GetSocketWorldLocationAndRotation : Could not find socket 'None' in 'Ger_PZIV_Rig_Master'
[0856.97] Warning: GetSocketWorldLocationAndRotation : Could not find socket 'None' in 'Ger_PZIV_Destroyed_Master'
[0856.97] Warning: GetSocketWorldLocationAndRotation : Could not find socket 'None' in 'Ger_PZIV_Rig_Master'
[0856.97] Warning: GetSocketWorldLocationAndRotation : Could not find socket 'None' in 'Ger_PZIV_Rig_Master'
[0856.97] Warning: GetSocketWorldLocationAndRotation : Could not find socket 'None' in 'Ger_PZIV_Rig_Master'
[0856.97] Warning: GetSocketWorldLocationAndRotation : Could not find socket 'None' in 'Ger_PZIV_Rig_Master'
[0856.97] Warning: GetSocketWorldLocationAndRotation : Could not find socket 'None' in 'Ger_PZIV_Destroyed_Master'
[0856.97] Warning: GetSocketWorldLocationAndRotation : Could not find socket 'None' in 'Sov_T3476_Rig_Master'
[0860.05] Warning: GetSocketWorldLocationAndRotation : Could not find socket 'None' in 'Ger_PZIV_Rig_Master'
[0860.05] Warning: GetSocketWorldLocationAndRotation : Could not find socket 'None' in 'Sov_T3476_Rig_Master'
[0860.05] Warning: GetSocketWorldLocationAndRotation : Could not find socket 'None' in 'Sov_T3476_Rig_Master'
[0860.05] Warning: GetSocketWorldLocationAndRotation : Could not find socket 'None' in 'Sov_T3476_Rig_Master'
[0860.05] Warning: GetSocketWorldLocationAndRotation : Could not find socket 'None' in 'Sov_T3476_Rig_Master'
[0860.05] Warning: GetSocketWorldLocationAndRotation : Could not find socket 'Camera_Periscope' in 'Sov_T34_76_Destroyed_Master'
[0860.05] Warning: GetSocketWorldLocationAndRotation : Could not find socket 'None' in 'Sov_T3476_Rig_Master'
[0860.05] Warning: GetSocketWorldLocationAndRotation : Could not find socket 'None' in 'Sov_T3476_Rig_Master'
[0860.05] Warning: GetSocketWorldLocationAndRotation : Could not find socket 'None' in 'Ger_PZIV_Rig_Master'
[0860.05] Warning: GetSocketWorldLocationAndRotation : Could not find socket 'None' in 'Ger_PZIV_Rig_Master'
[0860.05] Warning: GetSocketWorldLocationAndRotation : Could not find socket 'None' in 'Ger_PZIV_Destroyed_Master'
[0860.05] Warning: GetSocketWorldLocationAndRotation : Could not find socket 'None' in 'Ger_PZIV_Rig_Master'
[0860.05] Warning: GetSocketWorldLocationAndRotation : Could not find socket 'None' in 'Ger_PZIV_Rig_Master'
[0860.05] Warning: GetSocketWorldLocationAndRotation : Could not find socket 'None' in 'Ger_PZIV_Rig_Master'
[0860.05] Warning: GetSocketWorldLocationAndRotation : Could not find socket 'None' in 'Ger_PZIV_Rig_Master'
[0860.05] Warning: GetSocketWorldLocationAndRotation : Could not find socket 'None' in 'Ger_PZIV_Destroyed_Master'
[0860.05] Warning: GetSocketWorldLocationAndRotation : Could not find socket 'None' in 'Sov_T3476_Rig_Master'
[0862.39] Warning: Failed to find notify LoaderRHGun1 on VehicleCrewProxy_224
[0938.81] Warning: GetSocketWorldLocationAndRotation : Could not find socket 'None' in 'Ger_PZIV_Rig_Master'
[0938.81] Warning: GetSocketWorldLocationAndRotation : Could not find socket 'None' in 'Ger_PZIV_Rig_Master'
[0938.81] Warning: GetSocketWorldLocationAndRotation : Could not find socket 'None' in 'Ger_PZIV_Rig_Master'
[0938.81] Warning: GetSocketWorldLocationAndRotation : Could not find socket 'None' in 'Ger_PZIV_Rig_Master'
[0938.81] Warning: GetSocketWorldLocationAndRotation : Could not find socket 'None' in 'Ger_PZIV_Rig_Master'
[0938.81] Warning: GetSocketWorldLocationAndRotation : Could not find socket 'None' in 'Ger_PZIV_Rig_Master'
[0938.81] Warning: GetSocketWorldLocationAndRotation : Could not find socket 'None' in 'Ger_PZIV_Rig_Master'
[0938.81] Warning: GetSocketWorldLocationAndRotation : Could not find socket 'None' in 'Ger_PZIV_Rig_Master'
[0938.81] Warning: GetSocketWorldLocationAndRotation : Could not find socket 'None' in 'Ger_PZIV_Rig_Master'
[0938.81] Warning: GetSocketWorldLocationAndRotation : Could not find socket 'None' in 'Ger_PZIV_Rig_Master'
[0938.81] Warning: GetSocketWorldLocationAndRotation : Could not find socket 'None' in 'Sov_T3476_Rig_Master'
[0938.81] Warning: GetSocketWorldLocationAndRotation : Could not find socket 'None' in 'Sov_T3476_Rig_Master'
[0938.81] Warning: GetSocketWorldLocationAndRotation : Could not find socket 'None' in 'Sov_T3476_Rig_Master'
[0938.81] Warning: GetSocketWorldLocationAndRotation : Could not find socket 'None' in 'Ger_PZIV_Rig_Master'
[0938.81] Warning: GetSocketWorldLocationAndRotation : Could not find socket 'None' in 'Ger_PZIV_Rig_Master'
[0938.81] Warning: GetSocketWorldLocationAndRotation : Could not find socket 'None' in 'Ger_PZIV_Destroyed_Master'
[0938.81] Warning: GetSocketWorldLocationAndRotation : Could not find socket 'None' in 'Ger_PZIV_Rig_Master'
[0938.81] Warning: GetSocketWorldLocationAndRotation : Could not find socket 'None' in 'Ger_PZIV_Destroyed_Master'
[0938.81] Warning: GetSocketWorldLocationAndRotation : Could not find socket 'None' in 'Ger_PZIV_Rig_Master'
[0938.81] Warning: GetSocketWorldLocationAndRotation : Could not find socket 'None' in 'Ger_PZIV_Rig_Master'
[0938.81] Warning: GetSocketWorldLocationAndRotation : Could not find socket 'None' in 'Ger_PZIV_Destroyed_Master'
[0938.81] Warning: GetSocketWorldLocationAndRotation : Could not find socket 'None' in 'Sov_T3476_Rig_Master'
[0946.14] Warning: GetSocketWorldLocationAndRotation : Could not find socket 'None' in 'Ger_PZIV_Rig_Master'
[0946.14] Warning: GetSocketWorldLocationAndRotation : Could not find socket 'None' in 'Ger_PZIV_Rig_Master'
[0946.14] Warning: GetSocketWorldLocationAndRotation : Could not find socket 'None' in 'Ger_PZIV_Rig_Master'
[0946.14] Warning: GetSocketWorldLocationAndRotation : Could not find socket 'None' in 'Ger_PZIV_Rig_Master'
[0946.14] Warning: GetSocketWorldLocationAndRotation : Could not find socket 'None' in 'Ger_PZIV_Rig_Master'
[0946.14] Warning: GetSocketWorldLocationAndRotation : Could not find socket 'None' in 'Ger_PZIV_Rig_Master'
[0946.14] Warning: GetSocketWorldLocationAndRotation : Could not find socket 'None' in 'Ger_PZIV_Rig_Master'
[0946.14] Warning: GetSocketWorldLocationAndRotation : Could not find socket 'None' in 'Ger_PZIV_Rig_Master'
[0946.14] Warning: GetSocketWorldLocationAndRotation : Could not find socket 'None' in 'Ger_PZIV_Rig_Master'
[0946.14] Warning: GetSocketWorldLocationAndRotation : Could not find socket 'None' in 'Sov_T3476_Rig_Master'
[0946.14] Warning: GetSocketWorldLocationAndRotation : Could not find socket 'None' in 'Sov_T3476_Rig_Master'
[0946.14] Warning: GetSocketWorldLocationAndRotation : Could not find socket 'None' in 'Sov_T3476_Rig_Master'
[0946.14] Warning: GetSocketWorldLocationAndRotation : Could not find socket 'None' in 'Ger_PZIV_Destroyed_Master'
[0946.14] Warning: GetSocketWorldLocationAndRotation : Could not find socket 'None' in 'Ger_PZIV_Rig_Master'
[0946.14] Warning: GetSocketWorldLocationAndRotation : Could not find socket 'None' in 'Ger_PZIV_Destroyed_Master'
[0946.14] Warning: GetSocketWorldLocationAndRotation : Could not find socket 'None' in 'Ger_PZIV_Rig_Master'
[0946.14] Warning: GetSocketWorldLocationAndRotation : Could not find socket 'None' in 'Ger_PZIV_Destroyed_Master'
[0946.14] Warning: GetSocketWorldLocationAndRotation : Could not find socket 'None' in 'Ger_PZIV_Rig_Master'
[0946.14] Warning: GetSocketWorldLocationAndRotation : Could not find socket 'None' in 'Ger_PZIV_Rig_Master'
[0946.14] Warning: GetSocketWorldLocationAndRotation : Could not find socket 'None' in 'Ger_PZIV_Destroyed_Master'
[0960.91] Warning: GetSocketWorldLocationAndRotation : Could not find socket 'None' in 'Ger_PZIV_Rig_Master'
[0960.91] Warning: GetSocketWorldLocationAndRotation : Could not find socket 'None' in 'Ger_PZIV_Rig_Master'
[0960.91] Warning: GetSocketWorldLocationAndRotation : Could not find socket 'None' in 'Ger_PZIV_Rig_Master'
[0960.91] Warning: GetSocketWorldLocationAndRotation : Could not find socket 'None' in 'Ger_PZIV_Rig_Master'
[0960.91] Warning: GetSocketWorldLocationAndRotation : Could not find socket 'None' in 'Ger_PZIV_Rig_Master'
[0960.91] Warning: GetSocketWorldLocationAndRotation : Could not find socket 'None' in 'Ger_PZIV_Rig_Master'
[0960.91] Warning: GetSocketWorldLocationAndRotation : Could not find socket 'None' in 'Ger_PZIV_Rig_Master'
[0960.91] Warning: GetSocketWorldLocationAndRotation : Could not find socket 'None' in 'Ger_PZIV_Rig_Master'
[0960.91] Warning: GetSocketWorldLocationAndRotation : Could not find socket 'None' in 'Ger_PZIV_Rig_Master'
[0960.91] Warning: GetSocketWorldLocationAndRotation : Could not find socket 'None' in 'Sov_T3476_Rig_Master'
[0960.91] Warning: GetSocketWorldLocationAndRotation : Could not find socket 'None' in 'Sov_T3476_Rig_Master'
[0960.91] Warning: GetSocketWorldLocationAndRotation : Could not find socket 'None' in 'Ger_PZIV_Destroyed_Master'
[0960.91] Warning: GetSocketWorldLocationAndRotation : Could not find socket 'None' in 'Ger_PZIV_Rig_Master'
[0960.91] Warning: GetSocketWorldLocationAndRotation : Could not find socket 'None' in 'Ger_PZIV_Destroyed_Master'
[0960.91] Warning: GetSocketWorldLocationAndRotation : Could not find socket 'None' in 'Ger_PZIV_Rig_Master'
[0960.91] Warning: GetSocketWorldLocationAndRotation : Could not find socket 'None' in 'Ger_PZIV_Destroyed_Master'
[0960.91] Warning: GetSocketWorldLocationAndRotation : Could not find socket 'None' in 'Ger_PZIV_Rig_Master'
[0960.91] Warning: GetSocketWorldLocationAndRotation : Could not find socket 'None' in 'Ger_PZIV_Rig_Master'
[0960.91] Warning: GetSocketWorldLocationAndRotation : Could not find socket 'None' in 'Ger_PZIV_Destroyed_Master'
[0969.00] Warning: GetSocketWorldLocationAndRotation : Could not find socket 'None' in 'Ger_PZIV_Rig_Master'
[0969.00] Warning: GetSocketWorldLocationAndRotation : Could not find socket 'None' in 'Ger_PZIV_Rig_Master'
[0969.00] Warning: GetSocketWorldLocationAndRotation : Could not find socket 'None' in 'Ger_PZIV_Rig_Master'
[0969.00] Warning: GetSocketWorldLocationAndRotation : Could not find socket 'None' in 'Ger_PZIV_Rig_Master'
[0969.00] Warning: GetSocketWorldLocationAndRotation : Could not find socket 'None' in 'Ger_PZIV_Rig_Master'
[0969.00] Warning: GetSocketWorldLocationAndRotation : Could not find socket 'None' in 'Ger_PZIV_Rig_Master'
[0969.00] Warning: GetSocketWorldLocationAndRotation : Could not find socket 'None' in 'Ger_PZIV_Rig_Master'
[0969.00] Warning: GetSocketWorldLocationAndRotation : Could not find socket 'None' in 'Ger_PZIV_Rig_Master'
[0969.00] Warning: GetSocketWorldLocationAndRotation : Could not find socket 'None' in 'Ger_PZIV_Rig_Master'
[0969.00] Warning: GetSocketWorldLocationAndRotation : Could not find socket 'Camera_PeriscopeGunner' in 'Sov_T34_76_Destroyed_Master'
[0969.00] Warning: GetSocketWorldLocationAndRotation : Could not find socket 'None' in 'Sov_T3476_Rig_Master'
[0969.00] Warning: GetSocketWorldLocationAndRotation : Could not find socket 'None' in 'Sov_T3476_Rig_Master'
[0969.00] Warning: GetSocketWorldLocationAndRotation : Could not find socket 'None' in 'Ger_PZIV_Destroyed_Master'
[0969.00] Warning: GetSocketWorldLocationAndRotation : Could not find socket 'None' in 'Ger_PZIV_Rig_Master'
[0969.00] Warning: GetSocketWorldLocationAndRotation : Could not find socket 'None' in 'Ger_PZIV_Destroyed_Master'
[0969.00] Warning: GetSocketWorldLocationAndRotation : Could not find socket 'None' in 'Ger_PZIV_Rig_Master'
[0969.00] Warning: GetSocketWorldLocationAndRotation : Could not find socket 'None' in 'Ger_PZIV_Destroyed_Master'
[0969.00] Warning: GetSocketWorldLocationAndRotation : Could not find socket 'None' in 'Ger_PZIV_Rig_Master'
[0969.00] Warning: GetSocketWorldLocationAndRotation : Could not find socket 'None' in 'Ger_PZIV_Rig_Master'
[0969.00] Warning: GetSocketWorldLocationAndRotation : Could not find socket 'None' in 'Ger_PZIV_Destroyed_Master'
[0975.41] Warning: GetSocketWorldLocationAndRotation : Could not find socket 'None' in 'Ger_PZIV_Rig_Master'
[0975.41] Warning: GetSocketWorldLocationAndRotation : Could not find socket 'None' in 'Ger_PZIV_Rig_Master'
[0975.41] Warning: GetSocketWorldLocationAndRotation : Could not find socket 'None' in 'Ger_PZIV_Rig_Master'
[0975.41] Warning: GetSocketWorldLocationAndRotation : Could not find socket 'None' in 'Ger_PZIV_Rig_Master'
[0975.41] Warning: GetSocketWorldLocationAndRotation : Could not find socket 'None' in 'Ger_PZIV_Rig_Master'
[0975.41] Warning: GetSocketWorldLocationAndRotation : Could not find socket 'None' in 'Ger_PZIV_Rig_Master'
[0975.41] Warning: GetSocketWorldLocationAndRotation : Could not find socket 'None' in 'Ger_PZIV_Rig_Master'
[0975.41] Warning: GetSocketWorldLocationAndRotation : Could not find socket 'None' in 'Ger_PZIV_Rig_Master'
[0975.41] Warning: GetSocketWorldLocationAndRotation : Could not find socket 'None' in 'Ger_PZIV_Rig_Master'
[0975.41] Warning: GetSocketWorldLocationAndRotation : Could not find socket 'Camera_PeriscopeGunner' in 'Sov_T34_76_Destroyed_Master'
[0975.41] Warning: GetSocketWorldLocationAndRotation : Could not find socket 'None' in 'Sov_T3476_Rig_Master'
[0975.41] Warning: GetSocketWorldLocationAndRotation : Could not find socket 'None' in 'Sov_T3476_Rig_Master'
[0975.41] Warning: GetSocketWorldLocationAndRotation : Could not find socket 'None' in 'Ger_PZIV_Destroyed_Master'
[0975.41] Warning: GetSocketWorldLocationAndRotation : Could not find socket 'None' in 'Ger_PZIV_Rig_Master'
[0975.41] Warning: GetSocketWorldLocationAndRotation : Could not find socket 'None' in 'Ger_PZIV_Destroyed_Master'
[0975.41] Warning: GetSocketWorldLocationAndRotation : Could not find socket 'None' in 'Ger_PZIV_Rig_Master'
[0975.41] Warning: GetSocketWorldLocationAndRotation : Could not find socket 'None' in 'Ger_PZIV_Destroyed_Master'
[0975.41] Warning: GetSocketWorldLocationAndRotation : Could not find socket 'None' in 'Ger_PZIV_Rig_Master'
[0975.41] Warning: GetSocketWorldLocationAndRotation : Could not find socket 'None' in 'Ger_PZIV_Rig_Master'
[0975.41] Warning: GetSocketWorldLocationAndRotation : Could not find socket 'None' in 'Ger_PZIV_Destroyed_Master'
[0978.55] Warning: GetSocketWorldLocationAndRotation : Could not find socket 'None' in 'Ger_PZIV_Rig_Master'
[0978.55] Warning: GetSocketWorldLocationAndRotation : Could not find socket 'None' in 'Ger_PZIV_Rig_Master'
[0978.55] Warning: GetSocketWorldLocationAndRotation : Could not find socket 'None' in 'Ger_PZIV_Rig_Master'
[0978.55] Warning: GetSocketWorldLocationAndRotation : Could not find socket 'None' in 'Ger_PZIV_Rig_Master'
[0978.55] Warning: GetSocketWorldLocationAndRotation : Could not find socket 'None' in 'Ger_PZIV_Rig_Master'
[0978.55] Warning: GetSocketWorldLocationAndRotation : Could not find socket 'None' in 'Ger_PZIV_Rig_Master'
[0978.55] Warning: GetSocketWorldLocationAndRotation : Could not find socket 'None' in 'Ger_PZIV_Rig_Master'
[0978.55] Warning: GetSocketWorldLocationAndRotation : Could not find socket 'None' in 'Ger_PZIV_Rig_Master'
[0978.55] Warning: GetSocketWorldLocationAndRotation : Could not find socket 'None' in 'Ger_PZIV_Rig_Master'
[0978.55] Warning: GetSocketWorldLocationAndRotation : Could not find socket 'Camera_PeriscopeGunner' in 'Sov_T34_76_Destroyed_Master'
[0978.55] Warning: GetSocketWorldLocationAndRotation : Could not find socket 'None' in 'Sov_T3476_Rig_Master'
[0978.55] Warning: GetSocketWorldLocationAndRotation : Could not find socket 'Camera_PeriscopeGunner' in 'Sov_T34_76_Destroyed_Master'
[0978.55] Warning: GetSocketWorldLocationAndRotation : Could not find socket 'None' in 'Ger_PZIV_Destroyed_Master'
[0978.55] Warning: GetSocketWorldLocationAndRotation : Could not find socket 'None' in 'Ger_PZIV_Rig_Master'
[0978.55] Warning: GetSocketWorldLocationAndRotation : Could not find socket 'None' in 'Ger_PZIV_Destroyed_Master'
[0978.55] Warning: GetSocketWorldLocationAndRotation : Could not find socket 'None' in 'Ger_PZIV_Rig_Master'
[0978.55] Warning: GetSocketWorldLocationAndRotation : Could not find socket 'None' in 'Ger_PZIV_Destroyed_Master'
[0978.55] Warning: GetSocketWorldLocationAndRotation : Could not find socket 'None' in 'Ger_PZIV_Rig_Master'
[0978.55] Warning: GetSocketWorldLocationAndRotation : Could not find socket 'None' in 'Ger_PZIV_Rig_Master'
[0978.55] Warning: GetSocketWorldLocationAndRotation : Could not find socket 'None' in 'Ger_PZIV_Destroyed_Master'
[1000.74] Warning: GetSocketWorldLocationAndRotation : Could not find socket 'None' in 'Ger_PZIV_Rig_Master'
[1000.74] Warning: GetSocketWorldLocationAndRotation : Could not find socket 'None' in 'Ger_PZIV_Rig_Master'
[1000.74] Warning: GetSocketWorldLocationAndRotation : Could not find socket 'None' in 'Ger_PZIV_Rig_Master'
[1000.74] Warning: GetSocketWorldLocationAndRotation : Could not find socket 'None' in 'Ger_PZIV_Rig_Master'
[1000.74] Warning: GetSocketWorldLocationAndRotation : Could not find socket 'None' in 'Ger_PZIV_Rig_Master'
[1000.74] Warning: GetSocketWorldLocationAndRotation : Could not find socket 'None' in 'Ger_PZIV_Rig_Master'
[1000.74] Warning: GetSocketWorldLocationAndRotation : Could not find socket 'None' in 'Ger_PZIV_Rig_Master'
[1000.74] Warning: GetSocketWorldLocationAndRotation : Could not find socket 'None' in 'Ger_PZIV_Rig_Master'
[1000.74] Warning: GetSocketWorldLocationAndRotation : Could not find socket 'None' in 'Ger_PZIV_Rig_Master'
[1000.74] Warning: GetSocketWorldLocationAndRotation : Could not find socket 'None' in 'Ger_PZIV_Rig_Master'
[1000.74] Warning: GetSocketWorldLocationAndRotation : Could not find socket 'None' in 'Ger_PZIV_Destroyed_Master'
[1000.74] Warning: GetSocketWorldLocationAndRotation : Could not find socket 'None' in 'Ger_PZIV_Rig_Master'
[1000.74] Warning: GetSocketWorldLocationAndRotation : Could not find socket 'None' in 'Ger_PZIV_Destroyed_Master'
[1000.74] Warning: GetSocketWorldLocationAndRotation : Could not find socket 'None' in 'Ger_PZIV_Rig_Master'
[1000.74] Warning: GetSocketWorldLocationAndRotation : Could not find socket 'None' in 'Ger_PZIV_Destroyed_Master'
[1000.74] Warning: GetSocketWorldLocationAndRotation : Could not find socket 'None' in 'Ger_PZIV_Rig_Master'
[1000.74] Warning: GetSocketWorldLocationAndRotation : Could not find socket 'None' in 'Ger_PZIV_Rig_Master'
[1000.74] Warning: GetSocketWorldLocationAndRotation : Could not find socket 'None' in 'Ger_PZIV_Destroyed_Master'
[1009.24] Warning: GetSocketWorldLocationAndRotation : Could not find socket 'None' in 'Ger_PZIV_Rig_Master'
[1009.24] Warning: GetSocketWorldLocationAndRotation : Could not find socket 'None' in 'Ger_PZIV_Rig_Master'
[1009.24] Warning: GetSocketWorldLocationAndRotation : Could not find socket 'None' in 'Ger_PZIV_Rig_Master'
[1009.24] Warning: GetSocketWorldLocationAndRotation : Could not find socket 'None' in 'Ger_PZIV_Rig_Master'
[1009.24] Warning: GetSocketWorldLocationAndRotation : Could not find socket 'None' in 'Ger_PZIV_Rig_Master'
[1009.24] Warning: GetSocketWorldLocationAndRotation : Could not find socket 'None' in 'Ger_PZIV_Rig_Master'
[1009.24] Warning: GetSocketWorldLocationAndRotation : Could not find socket 'None' in 'Ger_PZIV_Rig_Master'
[1009.24] Warning: GetSocketWorldLocationAndRotation : Could not find socket 'None' in 'Ger_PZIV_Rig_Master'
[1009.24] Warning: GetSocketWorldLocationAndRotation : Could not find socket 'None' in 'Ger_PZIV_Rig_Master'
[1009.24] Warning: GetSocketWorldLocationAndRotation : Could not find socket 'None' in 'Ger_PZIV_Destroyed_Master'
[1009.24] Warning: GetSocketWorldLocationAndRotation : Could not find socket 'None' in 'Ger_PZIV_Rig_Master'
[1009.24] Warning: GetSocketWorldLocationAndRotation : Could not find socket 'None' in 'Ger_PZIV_Destroyed_Master'
[1009.24] Warning: GetSocketWorldLocationAndRotation : Could not find socket 'None' in 'Ger_PZIV_Rig_Master'
[1009.24] Warning: GetSocketWorldLocationAndRotation : Could not find socket 'None' in 'Ger_PZIV_Destroyed_Master'
[1009.24] Warning: GetSocketWorldLocationAndRotation : Could not find socket 'None' in 'Ger_PZIV_Destroyed_Master'
[1009.24] Warning: GetSocketWorldLocationAndRotation : Could not find socket 'None' in 'Ger_PZIV_Rig_Master'
[1009.24] Warning: GetSocketWorldLocationAndRotation : Could not find socket 'None' in 'Ger_PZIV_Destroyed_Master'
[1015.56] Warning: GetSocketWorldLocationAndRotation : Could not find socket 'None' in 'Ger_PZIV_Rig_Master'
[1015.56] Warning: GetSocketWorldLocationAndRotation : Could not find socket 'None' in 'Ger_PZIV_Rig_Master'
[1015.56] Warning: GetSocketWorldLocationAndRotation : Could not find socket 'None' in 'Ger_PZIV_Rig_Master'
[1015.56] Warning: GetSocketWorldLocationAndRotation : Could not find socket 'None' in 'Ger_PZIV_Rig_Master'
[1015.56] Warning: GetSocketWorldLocationAndRotation : Could not find socket 'None' in 'Ger_PZIV_Rig_Master'
[1015.56] Warning: GetSocketWorldLocationAndRotation : Could not find socket 'None' in 'Ger_PZIV_Rig_Master'
[1015.56] Warning: GetSocketWorldLocationAndRotation : Could not find socket 'None' in 'Ger_PZIV_Rig_Master'
[1015.56] Warning: GetSocketWorldLocationAndRotation : Could not find socket 'None' in 'Ger_PZIV_Rig_Master'
[1015.56] Warning: GetSocketWorldLocationAndRotation : Could not find socket 'None' in 'Ger_PZIV_Rig_Master'
[1015.56] Warning: GetSocketWorldLocationAndRotation : Could not find socket 'Camera_PeriscopeGunner' in 'Sov_T34_76_Body_Destroyed_Master'
[1015.56] Warning: GetSocketWorldLocationAndRotation : Could not find socket 'None' in 'Ger_PZIV_Destroyed_Master'
[1015.56] Warning: GetSocketWorldLocationAndRotation : Could not find socket 'None' in 'Ger_PZIV_Rig_Master'
[1015.56] Warning: GetSocketWorldLocationAndRotation : Could not find socket 'None' in 'Ger_PZIV_Destroyed_Master'
[1015.56] Warning: GetSocketWorldLocationAndRotation : Could not find socket 'None' in 'Ger_PZIV_Rig_Master'
[1015.56] Warning: GetSocketWorldLocationAndRotation : Could not find socket 'None' in 'Ger_PZIV_Destroyed_Master'
[1015.56] Warning: GetSocketWorldLocationAndRotation : Could not find socket 'None' in 'Ger_PZIV_Rig_Master'
[1015.56] Warning: GetSocketWorldLocationAndRotation : Could not find socket 'None' in 'Ger_PZIV_Destroyed_Master'
[1021.07] Warning: GetSocketWorldLocationAndRotation : Could not find socket 'None' in 'Sov_T3476_Rig_Master'
[1021.07] Warning: GetSocketWorldLocationAndRotation : Could not find socket 'None' in 'Sov_T3476_Rig_Master'
[1021.07] Warning: GetSocketWorldLocationAndRotation : Could not find socket 'None' in 'Sov_T3476_Rig_Master'
[1021.07] Warning: GetSocketWorldLocationAndRotation : Could not find socket 'None' in 'Sov_T3476_Rig_Master'
[1021.07] Warning: GetSocketWorldLocationAndRotation : Could not find socket 'None' in 'Sov_T3476_Rig_Master'
[1021.07] Warning: GetSocketWorldLocationAndRotation : Could not find socket 'None' in 'Sov_T3476_Rig_Master'
[1021.07] Warning: GetSocketWorldLocationAndRotation : Could not find socket 'None' in 'Sov_T3476_Rig_Master'
[1021.07] Warning: GetSocketWorldLocationAndRotation : Could not find socket 'None' in 'Ger_PZIV_Rig_Master'
[1021.07] Warning: GetSocketWorldLocationAndRotation : Could not find socket 'None' in 'Ger_PZIV_Rig_Master'
[1021.07] Warning: GetSocketWorldLocationAndRotation : Could not find socket 'None' in 'Ger_PZIV_Rig_Master'
[1021.07] Warning: GetSocketWorldLocationAndRotation : Could not find socket 'None' in 'Ger_PZIV_Rig_Master'
[1021.07] Warning: GetSocketWorldLocationAndRotation : Could not find socket 'None' in 'Ger_PZIV_Rig_Master'
[1021.07] Warning: GetSocketWorldLocationAndRotation : Could not find socket 'None' in 'Ger_PZIV_Rig_Master'
[1021.07] Warning: GetSocketWorldLocationAndRotation : Could not find socket 'None' in 'Ger_PZIV_Rig_Master'
[1021.07] Warning: GetSocketWorldLocationAndRotation : Could not find socket 'None' in 'Ger_PZIV_Rig_Master'
[1021.07] Warning: GetSocketWorldLocationAndRotation : Could not find socket 'None' in 'Ger_PZIV_Rig_Master'
[1021.07] Warning: GetSocketWorldLocationAndRotation : Could not find socket 'Camera_Periscope' in 'Sov_T34_76_Body_Destroyed_Master'
[1021.07] Warning: GetSocketWorldLocationAndRotation : Could not find socket 'Camera_PeriscopeGunner' in 'Sov_T34_76_Body_Destroyed_Master'
[1021.07] Warning: GetSocketWorldLocationAndRotation : Could not find socket 'None' in 'Ger_PZIV_Destroyed_Master'
[1021.07] Warning: GetSocketWorldLocationAndRotation : Could not find socket 'None' in 'Ger_PZIV_Rig_Master'
[1021.07] Warning: GetSocketWorldLocationAndRotation : Could not find socket 'None' in 'Ger_PZIV_Destroyed_Master'
[1021.07] Warning: GetSocketWorldLocationAndRotation : Could not find socket 'None' in 'Ger_PZIV_Rig_Master'
[1021.07] Warning: GetSocketWorldLocationAndRotation : Could not find socket 'None' in 'Ger_PZIV_Destroyed_Master'
[1021.07] Warning: GetSocketWorldLocationAndRotation : Could not find socket 'None' in 'Ger_PZIV_Rig_Master'
[1021.07] Warning: GetSocketWorldLocationAndRotation : Could not find socket 'None' in 'Ger_PZIV_Destroyed_Master'
[1034.19] Warning: GetSocketWorldLocationAndRotation : Could not find socket 'None' in 'Sov_T3476_Rig_Master'
[1034.19] Warning: GetSocketWorldLocationAndRotation : Could not find socket 'None' in 'Sov_T3476_Rig_Master'
[1034.19] Warning: GetSocketWorldLocationAndRotation : Could not find socket 'None' in 'Sov_T3476_Rig_Master'
[1034.19] Warning: GetSocketWorldLocationAndRotation : Could not find socket 'None' in 'Sov_T3476_Rig_Master'
[1034.19] Warning: GetSocketWorldLocationAndRotation : Could not find socket 'None' in 'Sov_T3476_Rig_Master'
[1034.19] Warning: GetSocketWorldLocationAndRotation : Could not find socket 'None' in 'Sov_T3476_Rig_Master'
[1034.19] Warning: GetSocketWorldLocationAndRotation : Could not find socket 'None' in 'Sov_T3476_Rig_Master'
[1034.19] Warning: GetSocketWorldLocationAndRotation : Could not find socket 'None' in 'Ger_PZIV_Rig_Master'
[1034.19] Warning: GetSocketWorldLocationAndRotation : Could not find socket 'None' in 'Ger_PZIV_Rig_Master'
[1034.19] Warning: GetSocketWorldLocationAndRotation : Could not find socket 'None' in 'Ger_PZIV_Rig_Master'
[1034.19] Warning: GetSocketWorldLocationAndRotation : Could not find socket 'None' in 'Ger_PZIV_Rig_Master'
[1034.19] Warning: GetSocketWorldLocationAndRotation : Could not find socket 'None' in 'Ger_PZIV_Rig_Master'
[1034.19] Warning: GetSocketWorldLocationAndRotation : Could not find socket 'None' in 'Ger_PZIV_Rig_Master'
[1034.19] Warning: GetSocketWorldLocationAndRotation : Could not find socket 'None' in 'Ger_PZIV_Rig_Master'
[1034.19] Warning: GetSocketWorldLocationAndRotation : Could not find socket 'None' in 'Ger_PZIV_Rig_Master'
[1034.19] Warning: GetSocketWorldLocationAndRotation : Could not find socket 'None' in 'Ger_PZIV_Rig_Master'
[1034.19] Warning: GetSocketWorldLocationAndRotation : Could not find socket 'None' in 'Ger_PZIV_Destroyed_Master'
[1034.19] Warning: GetSocketWorldLocationAndRotation : Could not find socket 'None' in 'Ger_PZIV_Rig_Master'
[1034.19] Warning: GetSocketWorldLocationAndRotation : Could not find socket 'None' in 'Ger_PZIV_Destroyed_Master'
[1034.19] Warning: GetSocketWorldLocationAndRotation : Could not find socket 'None' in 'Ger_PZIV_Rig_Master'
[1034.19] Warning: GetSocketWorldLocationAndRotation : Could not find socket 'None' in 'Ger_PZIV_Destroyed_Master'
[1034.19] Warning: GetSocketWorldLocationAndRotation : Could not find socket 'None' in 'Ger_PZIV_Rig_Master'
[1034.19] Warning: GetSocketWorldLocationAndRotation : Could not find socket 'None' in 'Ger_PZIV_Destroyed_Master'
[1102.92] Warning: GetSocketWorldLocationAndRotation : Could not find socket 'None' in 'Sov_T3476_Rig_Master'
[1102.92] Warning: GetSocketWorldLocationAndRotation : Could not find socket 'None' in 'Sov_T3476_Rig_Master'
[1102.92] Warning: GetSocketWorldLocationAndRotation : Could not find socket 'None' in 'Sov_T3476_Rig_Master'
[1102.92] Warning: GetSocketWorldLocationAndRotation : Could not find socket 'None' in 'Sov_T3476_Rig_Master'
[1102.92] Warning: GetSocketWorldLocationAndRotation : Could not find socket 'None' in 'Ger_PZIV_Rig_Master'
[1102.92] Warning: GetSocketWorldLocationAndRotation : Could not find socket 'None' in 'Ger_PZIV_Rig_Master'
[1102.92] Warning: GetSocketWorldLocationAndRotation : Could not find socket 'None' in 'Ger_PZIV_Rig_Master'
[1102.92] Warning: GetSocketWorldLocationAndRotation : Could not find socket 'None' in 'Ger_PZIV_Rig_Master'
[1102.92] Warning: GetSocketWorldLocationAndRotation : Could not find socket 'None' in 'Ger_PZIV_Rig_Master'
[1102.92] Warning: GetSocketWorldLocationAndRotation : Could not find socket 'None' in 'Ger_PZIV_Rig_Master'
[1102.92] Warning: GetSocketWorldLocationAndRotation : Could not find socket 'None' in 'Ger_PZIV_Rig_Master'
[1102.92] Warning: GetSocketWorldLocationAndRotation : Could not find socket 'None' in 'Ger_PZIV_Rig_Master'
[1102.92] Warning: GetSocketWorldLocationAndRotation : Could not find socket 'None' in 'Ger_PZIV_Rig_Master'
[1102.92] Warning: GetSocketWorldLocationAndRotation : Could not find socket 'None' in 'Ger_PZIV_Destroyed_Master'
[1102.92] Warning: GetSocketWorldLocationAndRotation : Could not find socket 'None' in 'Ger_PZIV_Rig_Master'
[1102.92] Warning: GetSocketWorldLocationAndRotation : Could not find socket 'None' in 'Ger_PZIV_Destroyed_Master'
[1102.92] Warning: GetSocketWorldLocationAndRotation : Could not find socket 'None' in 'Ger_PZIV_Rig_Master'
[1102.92] Warning: GetSocketWorldLocationAndRotation : Could not find socket 'None' in 'Ger_PZIV_Destroyed_Master'
[1102.92] Warning: GetSocketWorldLocationAndRotation : Could not find socket 'None' in 'Ger_PZIV_Rig_Master'
[1102.92] Warning: GetSocketWorldLocationAndRotation : Could not find socket 'None' in 'Ger_PZIV_Destroyed_Master'
[1105.87] Warning: GetSocketWorldLocationAndRotation : Could not find socket 'None' in 'Sov_T3476_Rig_Master'
[1105.87] Warning: GetSocketWorldLocationAndRotation : Could not find socket 'None' in 'Sov_T34_76_Destroyed_Master'
[1105.87] Warning: GetSocketWorldLocationAndRotation : Could not find socket 'None' in 'Sov_T3476_Rig_Master'
[1105.87] Warning: GetSocketWorldLocationAndRotation : Could not find socket 'None' in 'Ger_PZIV_Rig_Master'
[1105.87] Warning: GetSocketWorldLocationAndRotation : Could not find socket 'None' in 'Ger_PZIV_Rig_Master'
[1105.87] Warning: GetSocketWorldLocationAndRotation : Could not find socket 'None' in 'Ger_PZIV_Rig_Master'
[1105.87] Warning: GetSocketWorldLocationAndRotation : Could not find socket 'None' in 'Ger_PZIV_Rig_Master'
[1105.87] Warning: GetSocketWorldLocationAndRotation : Could not find socket 'None' in 'Ger_PZIV_Rig_Master'
[1105.87] Warning: GetSocketWorldLocationAndRotation : Could not find socket 'None' in 'Ger_PZIV_Rig_Master'
[1105.87] Warning: GetSocketWorldLocationAndRotation : Could not find socket 'None' in 'Ger_PZIV_Rig_Master'
[1105.87] Warning: GetSocketWorldLocationAndRotation : Could not find socket 'None' in 'Ger_PZIV_Rig_Master'
[1105.87] Warning: GetSocketWorldLocationAndRotation : Could not find socket 'None' in 'Ger_PZIV_Rig_Master'
[1105.87] Warning: GetSocketWorldLocationAndRotation : Could not find socket 'None' in 'Ger_PZIV_Destroyed_Master'
[1105.87] Warning: GetSocketWorldLocationAndRotation : Could not find socket 'None' in 'Ger_PZIV_Rig_Master'
[1105.87] Warning: GetSocketWorldLocationAndRotation : Could not find socket 'None' in 'Ger_PZIV_Destroyed_Master'
[1105.87] Warning: GetSocketWorldLocationAndRotation : Could not find socket 'None' in 'Ger_PZIV_Rig_Master'
[1105.87] Warning: GetSocketWorldLocationAndRotation : Could not find socket 'None' in 'Ger_PZIV_Destroyed_Master'
[1105.87] Warning: GetSocketWorldLocationAndRotation : Could not find socket 'None' in 'Ger_PZIV_Rig_Master'
[1105.87] Warning: GetSocketWorldLocationAndRotation : Could not find socket 'None' in 'Ger_PZIV_Destroyed_Master'
[1107.26] Warning: GetSocketWorldLocationAndRotation : Could not find socket 'Camera_Periscope' in 'Sov_T34_76_Destroyed_Master'
[1107.26] Warning: GetSocketWorldLocationAndRotation : Could not find socket 'None' in 'Sov_T3476_Rig_Master'
[1107.26] Warning: GetSocketWorldLocationAndRotation : Could not find socket 'None' in 'Sov_T34_76_Destroyed_Master'
[1107.26] Warning: GetSocketWorldLocationAndRotation : Could not find socket 'None' in 'Sov_T3476_Rig_Master'
[1107.26] Warning: GetSocketWorldLocationAndRotation : Could not find socket 'None' in 'Ger_PZIV_Rig_Master'
[1107.26] Warning: GetSocketWorldLocationAndRotation : Could not find socket 'None' in 'Ger_PZIV_Rig_Master'
[1107.26] Warning: GetSocketWorldLocationAndRotation : Could not find socket 'None' in 'Ger_PZIV_Rig_Master'
[1107.26] Warning: GetSocketWorldLocationAndRotation : Could not find socket 'None' in 'Ger_PZIV_Rig_Master'
[1107.26] Warning: GetSocketWorldLocationAndRotation : Could not find socket 'None' in 'Ger_PZIV_Rig_Master'
[1107.26] Warning: GetSocketWorldLocationAndRotation : Could not find socket 'None' in 'Ger_PZIV_Rig_Master'
[1107.26] Warning: GetSocketWorldLocationAndRotation : Could not find socket 'None' in 'Ger_PZIV_Rig_Master'
[1107.26] Warning: GetSocketWorldLocationAndRotation : Could not find socket 'None' in 'Ger_PZIV_Rig_Master'
[1107.26] Warning: GetSocketWorldLocationAndRotation : Could not find socket 'None' in 'Ger_PZIV_Rig_Master'
[1107.26] Warning: GetSocketWorldLocationAndRotation : Could not find socket 'None' in 'Ger_PZIV_Destroyed_Master'
[1107.26] Warning: GetSocketWorldLocationAndRotation : Could not find socket 'None' in 'Ger_PZIV_Rig_Master'
[1107.26] Warning: GetSocketWorldLocationAndRotation : Could not find socket 'None' in 'Ger_PZIV_Destroyed_Master'
[1107.26] Warning: GetSocketWorldLocationAndRotation : Could not find socket 'None' in 'Ger_PZIV_Rig_Master'
[1107.26] Warning: GetSocketWorldLocationAndRotation : Could not find socket 'None' in 'Ger_PZIV_Destroyed_Master'
[1107.26] Warning: GetSocketWorldLocationAndRotation : Could not find socket 'None' in 'Ger_PZIV_Rig_Master'
[1107.26] Warning: GetSocketWorldLocationAndRotation : Could not find socket 'None' in 'Ger_PZIV_Destroyed_Master'
[1120.33] Warning: GetSocketWorldLocationAndRotation : Could not find socket 'None' in 'Sov_T3476_Rig_Master'
[1120.33] Warning: GetSocketWorldLocationAndRotation : Could not find socket 'None' in 'Sov_T3476_Rig_Master'
[1120.33] Warning: GetSocketWorldLocationAndRotation : Could not find socket 'None' in 'Sov_T3476_Rig_Master'
[1120.33] Warning: GetSocketWorldLocationAndRotation : Could not find socket 'None' in 'Sov_T3476_Rig_Master'
[1120.33] Warning: GetSocketWorldLocationAndRotation : Could not find socket 'None' in 'Sov_T3476_Rig_Master'
[1120.33] Warning: GetSocketWorldLocationAndRotation : Could not find socket 'None' in 'Sov_T3476_Rig_Master'
[1120.33] Warning: GetSocketWorldLocationAndRotation : Could not find socket 'None' in 'Sov_T3476_Rig_Master'
[1120.33] Warning: GetSocketWorldLocationAndRotation : Could not find socket 'None' in 'Ger_PZIV_Rig_Master'
[1120.33] Warning: GetSocketWorldLocationAndRotation : Could not find socket 'None' in 'Ger_PZIV_Rig_Master'
[1120.33] Warning: GetSocketWorldLocationAndRotation : Could not find socket 'None' in 'Ger_PZIV_Rig_Master'
[1120.33] Warning: GetSocketWorldLocationAndRotation : Could not find socket 'None' in 'Ger_PZIV_Rig_Master'
[1120.33] Warning: GetSocketWorldLocationAndRotation : Could not find socket 'None' in 'Ger_PZIV_Rig_Master'
[1120.33] Warning: GetSocketWorldLocationAndRotation : Could not find socket 'None' in 'Ger_PZIV_Rig_Master'
[1120.33] Warning: GetSocketWorldLocationAndRotation : Could not find socket 'None' in 'Ger_PZIV_Rig_Master'
[1120.33] Warning: GetSocketWorldLocationAndRotation : Could not find socket 'None' in 'Ger_PZIV_Rig_Master'
[1120.33] Warning: GetSocketWorldLocationAndRotation : Could not find socket 'None' in 'Ger_PZIV_Rig_Master'
[1120.33] Warning: GetSocketWorldLocationAndRotation : Could not find socket 'None' in 'Ger_PZIV_Destroyed_Master'
[1120.33] Warning: GetSocketWorldLocationAndRotation : Could not find socket 'None' in 'Ger_PZIV_Rig_Master'
[1120.33] Warning: GetSocketWorldLocationAndRotation : Could not find socket 'None' in 'Ger_PZIV_Destroyed_Master'
[1120.33] Warning: GetSocketWorldLocationAndRotation : Could not find socket 'None' in 'Ger_PZIV_Rig_Master'
[1120.33] Warning: GetSocketWorldLocationAndRotation : Could not find socket 'None' in 'Ger_PZIV_Destroyed_Master'
[1120.33] Warning: GetSocketWorldLocationAndRotation : Could not find socket 'None' in 'Ger_PZIV_Rig_Master'
[1120.33] Warning: GetSocketWorldLocationAndRotation : Could not find socket 'None' in 'Ger_PZIV_Destroyed_Master'
[1131.21] Warning: GetSocketWorldLocationAndRotation : Could not find socket 'None' in 'Sov_T3476_Rig_Master'
[1131.21] Warning: GetSocketWorldLocationAndRotation : Could not find socket 'None' in 'Sov_T3476_Rig_Master'
[1131.21] Warning: GetSocketWorldLocationAndRotation : Could not find socket 'None' in 'Sov_T3476_Rig_Master'
[1131.21] Warning: GetSocketWorldLocationAndRotation : Could not find socket 'None' in 'Sov_T3476_Rig_Master'
[1131.21] Warning: GetSocketWorldLocationAndRotation : Could not find socket 'None' in 'Sov_T3476_Rig_Master'
[1131.21] Warning: GetSocketWorldLocationAndRotation : Could not find socket 'None' in 'Sov_T3476_Rig_Master'
[1131.21] Warning: GetSocketWorldLocationAndRotation : Could not find socket 'None' in 'Sov_T3476_Rig_Master'
[1131.21] Warning: GetSocketWorldLocationAndRotation : Could not find socket 'None' in 'Sov_T3476_Rig_Master'
[1131.21] Warning: GetSocketWorldLocationAndRotation : Could not find socket 'None' in 'Ger_PZIV_Rig_Master'
[1131.21] Warning: GetSocketWorldLocationAndRotation : Could not find socket 'None' in 'Ger_PZIV_Rig_Master'
[1131.21] Warning: GetSocketWorldLocationAndRotation : Could not find socket 'None' in 'Ger_PZIV_Rig_Master'
[1131.21] Warning: GetSocketWorldLocationAndRotation : Could not find socket 'None' in 'Ger_PZIV_Rig_Master'
[1131.21] Warning: GetSocketWorldLocationAndRotation : Could not find socket 'None' in 'Ger_PZIV_Rig_Master'
[1131.21] Warning: GetSocketWorldLocationAndRotation : Could not find socket 'None' in 'Ger_PZIV_Rig_Master'
[1131.21] Warning: GetSocketWorldLocationAndRotation : Could not find socket 'None' in 'Ger_PZIV_Rig_Master'
[1131.21] Warning: GetSocketWorldLocationAndRotation : Could not find socket 'None' in 'Ger_PZIV_Rig_Master'
[1131.21] Warning: GetSocketWorldLocationAndRotation : Could not find socket 'None' in 'Ger_PZIV_Rig_Master'
[1131.21] Warning: GetSocketWorldLocationAndRotation : Could not find socket 'None' in 'Ger_PZIV_Destroyed_Master'
[1131.21] Warning: GetSocketWorldLocationAndRotation : Could not find socket 'None' in 'Ger_PZIV_Rig_Master'
[1131.21] Warning: GetSocketWorldLocationAndRotation : Could not find socket 'None' in 'Ger_PZIV_Destroyed_Master'
[1131.21] Warning: GetSocketWorldLocationAndRotation : Could not find socket 'None' in 'Ger_PZIV_Rig_Master'
[1131.21] Warning: GetSocketWorldLocationAndRotation : Could not find socket 'None' in 'Ger_PZIV_Destroyed_Master'
[1131.21] Warning: GetSocketWorldLocationAndRotation : Could not find socket 'None' in 'Ger_PZIV_Rig_Master'
[1131.21] Warning: GetSocketWorldLocationAndRotation : Could not find socket 'None' in 'Ger_PZIV_Destroyed_Master'
[1131.21] Warning: GetSocketWorldLocationAndRotation : Could not find socket 'Camera_PeriscopeGunner' in 'Sov_T34_76_Destroyed_Master'
[1146.50] Warning: GetSocketWorldLocationAndRotation : Could not find socket 'None' in 'Sov_T3476_Rig_Master'
[1146.50] Warning: GetSocketWorldLocationAndRotation : Could not find socket 'None' in 'Sov_T3476_Rig_Master'
[1146.50] Warning: GetSocketWorldLocationAndRotation : Could not find socket 'None' in 'Sov_T3476_Rig_Master'
[1146.50] Warning: GetSocketWorldLocationAndRotation : Could not find socket 'None' in 'Sov_T3476_Rig_Master'
[1146.50] Warning: GetSocketWorldLocationAndRotation : Could not find socket 'None' in 'Sov_T3476_Rig_Master'
[1146.50] Warning: GetSocketWorldLocationAndRotation : Could not find socket 'None' in 'Sov_T3476_Rig_Master'
[1146.50] Warning: GetSocketWorldLocationAndRotation : Could not find socket 'None' in 'Sov_T34_76_Destroyed_Master'
[1146.50] Warning: GetSocketWorldLocationAndRotation : Could not find socket 'None' in 'Sov_T3476_Rig_Master'
[1146.50] Warning: GetSocketWorldLocationAndRotation : Could not find socket 'None' in 'Ger_PZIV_Rig_Master'
[1146.50] Warning: GetSocketWorldLocationAndRotation : Could not find socket 'None' in 'Ger_PZIV_Rig_Master'
[1146.50] Warning: GetSocketWorldLocationAndRotation : Could not find socket 'None' in 'Ger_PZIV_Rig_Master'
[1146.50] Warning: GetSocketWorldLocationAndRotation : Could not find socket 'None' in 'Ger_PZIV_Rig_Master'
[1146.50] Warning: GetSocketWorldLocationAndRotation : Could not find socket 'None' in 'Ger_PZIV_Rig_Master'
[1146.50] Warning: GetSocketWorldLocationAndRotation : Could not find socket 'None' in 'Ger_PZIV_Rig_Master'
[1146.50] Warning: GetSocketWorldLocationAndRotation : Could not find socket 'None' in 'Ger_PZIV_Rig_Master'
[1146.50] Warning: GetSocketWorldLocationAndRotation : Could not find socket 'None' in 'Ger_PZIV_Rig_Master'
[1146.50] Warning: GetSocketWorldLocationAndRotation : Could not find socket 'None' in 'Ger_PZIV_Rig_Master'
[1146.50] Warning: GetSocketWorldLocationAndRotation : Could not find socket 'None' in 'Ger_PZIV_Destroyed_Master'
[1146.50] Warning: GetSocketWorldLocationAndRotation : Could not find socket 'None' in 'Ger_PZIV_Rig_Master'
[1146.50] Warning: GetSocketWorldLocationAndRotation : Could not find socket 'None' in 'Ger_PZIV_Destroyed_Master'
[1146.50] Warning: GetSocketWorldLocationAndRotation : Could not find socket 'None' in 'Ger_PZIV_Rig_Master'
[1146.50] Warning: GetSocketWorldLocationAndRotation : Could not find socket 'None' in 'Ger_PZIV_Destroyed_Master'
[1146.50] Warning: GetSocketWorldLocationAndRotation : Could not find socket 'None' in 'Ger_PZIV_Rig_Master'
[1146.50] Warning: GetSocketWorldLocationAndRotation : Could not find socket 'None' in 'Ger_PZIV_Destroyed_Master'
[1147.01] Warning: GetSocketWorldLocationAndRotation : Could not find socket 'Exhaust' in 'Sov_T34_76_Body_Destroyed_Master'
[1148.84] Warning: GetSocketWorldLocationAndRotation : Could not find socket 'None' in 'Sov_T3476_Rig_Master'
[1148.84] Warning: GetSocketWorldLocationAndRotation : Could not find socket 'None' in 'Sov_T3476_Rig_Master'
[1148.84] Warning: GetSocketWorldLocationAndRotation : Could not find socket 'None' in 'Sov_T3476_Rig_Master'
[1148.84] Warning: GetSocketWorldLocationAndRotation : Could not find socket 'None' in 'Sov_T3476_Rig_Master'
[1148.84] Warning: GetSocketWorldLocationAndRotation : Could not find socket 'None' in 'Sov_T3476_Rig_Master'
[1148.84] Warning: GetSocketWorldLocationAndRotation : Could not find socket 'None' in 'Sov_T34_76_Destroyed_Master'
[1148.84] Warning: GetSocketWorldLocationAndRotation : Could not find socket 'None' in 'Sov_T34_76_Body_Destroyed_Master'
[1148.84] Warning: GetSocketWorldLocationAndRotation : Could not find socket 'None' in 'Ger_PZIV_Rig_Master'
[1148.84] Warning: GetSocketWorldLocationAndRotation : Could not find socket 'None' in 'Ger_PZIV_Rig_Master'
[1148.84] Warning: GetSocketWorldLocationAndRotation : Could not find socket 'None' in 'Ger_PZIV_Rig_Master'
[1148.84] Warning: GetSocketWorldLocationAndRotation : Could not find socket 'None' in 'Ger_PZIV_Rig_Master'
[1148.84] Warning: GetSocketWorldLocationAndRotation : Could not find socket 'None' in 'Ger_PZIV_Rig_Master'
[1148.84] Warning: GetSocketWorldLocationAndRotation : Could not find socket 'None' in 'Ger_PZIV_Rig_Master'
[1148.84] Warning: GetSocketWorldLocationAndRotation : Could not find socket 'None' in 'Ger_PZIV_Rig_Master'
[1148.84] Warning: GetSocketWorldLocationAndRotation : Could not find socket 'None' in 'Ger_PZIV_Rig_Master'
[1148.84] Warning: GetSocketWorldLocationAndRotation : Could not find socket 'None' in 'Ger_PZIV_Rig_Master'
[1148.84] Warning: GetSocketWorldLocationAndRotation : Could not find socket 'None' in 'Ger_PZIV_Destroyed_Master'
[1148.84] Warning: GetSocketWorldLocationAndRotation : Could not find socket 'None' in 'Ger_PZIV_Rig_Master'
[1148.84] Warning: GetSocketWorldLocationAndRotation : Could not find socket 'None' in 'Ger_PZIV_Destroyed_Master'
[1148.84] Warning: GetSocketWorldLocationAndRotation : Could not find socket 'None' in 'Ger_PZIV_Rig_Master'
[1148.84] Warning: GetSocketWorldLocationAndRotation : Could not find socket 'None' in 'Ger_PZIV_Destroyed_Master'
[1148.84] Warning: GetSocketWorldLocationAndRotation : Could not find socket 'None' in 'Ger_PZIV_Rig_Master'
[1148.84] Warning: GetSocketWorldLocationAndRotation : Could not find socket 'None' in 'Ger_PZIV_Destroyed_Master'
[1157.64] Warning: GetSocketWorldLocationAndRotation : Could not find socket 'None' in 'Sov_T3476_Rig_Master'
[1157.64] Warning: GetSocketWorldLocationAndRotation : Could not find socket 'None' in 'Sov_T3476_Rig_Master'
[1157.64] Warning: GetSocketWorldLocationAndRotation : Could not find socket 'None' in 'Sov_T3476_Rig_Master'
[1157.64] Warning: GetSocketWorldLocationAndRotation : Could not find socket 'None' in 'Sov_T34_76_Destroyed_Master'
[1157.64] Warning: GetSocketWorldLocationAndRotation : Could not find socket 'Camera_PeriscopeGunner' in 'Sov_T34_76_Destroyed_Master'
[1157.64] Warning: GetSocketWorldLocationAndRotation : Could not find socket 'None' in 'Sov_T34_76_Body_Destroyed_Master'
[1157.64] Warning: GetSocketWorldLocationAndRotation : Could not find socket 'None' in 'Ger_PZIV_Rig_Master'
[1157.64] Warning: GetSocketWorldLocationAndRotation : Could not find socket 'None' in 'Ger_PZIV_Rig_Master'
[1157.64] Warning: GetSocketWorldLocationAndRotation : Could not find socket 'None' in 'Ger_PZIV_Rig_Master'
[1157.64] Warning: GetSocketWorldLocationAndRotation : Could not find socket 'None' in 'Ger_PZIV_Rig_Master'
[1157.64] Warning: GetSocketWorldLocationAndRotation : Could not find socket 'None' in 'Ger_PZIV_Rig_Master'
[1157.64] Warning: GetSocketWorldLocationAndRotation : Could not find socket 'None' in 'Ger_PZIV_Rig_Master'
[1157.64] Warning: GetSocketWorldLocationAndRotation : Could not find socket 'None' in 'Ger_PZIV_Rig_Master'
[1157.64] Warning: GetSocketWorldLocationAndRotation : Could not find socket 'None' in 'Ger_PZIV_Rig_Master'
[1157.64] Warning: GetSocketWorldLocationAndRotation : Could not find socket 'None' in 'Ger_PZIV_Rig_Master'
[1157.64] Warning: GetSocketWorldLocationAndRotation : Could not find socket 'None' in 'Ger_PZIV_Destroyed_Master'
[1157.64] Warning: GetSocketWorldLocationAndRotation : Could not find socket 'None' in 'Ger_PZIV_Rig_Master'
[1157.64] Warning: GetSocketWorldLocationAndRotation : Could not find socket 'None' in 'Ger_PZIV_Destroyed_Master'
[1157.64] Warning: GetSocketWorldLocationAndRotation : Could not find socket 'None' in 'Ger_PZIV_Rig_Master'
[1157.64] Warning: GetSocketWorldLocationAndRotation : Could not find socket 'None' in 'Ger_PZIV_Destroyed_Master'
[1157.64] Warning: GetSocketWorldLocationAndRotation : Could not find socket 'None' in 'Ger_PZIV_Rig_Master'
[1157.64] Warning: GetSocketWorldLocationAndRotation : Could not find socket 'None' in 'Ger_PZIV_Destroyed_Master'
[1157.64] Warning: GetSocketWorldLocationAndRotation : Could not find socket 'Exhaust' in 'Sov_T34_76_Destroyed_Master'
[1174.04] Warning: GetSocketWorldLocationAndRotation : Could not find socket 'None' in 'Sov_T3476_Rig_Master'
[1174.04] Warning: GetSocketWorldLocationAndRotation : Could not find socket 'None' in 'Sov_T3476_Rig_Master'
[1174.04] Warning: GetSocketWorldLocationAndRotation : Could not find socket 'None' in 'Sov_T3476_Rig_Master'
[1174.04] Warning: GetSocketWorldLocationAndRotation : Could not find socket 'None' in 'Sov_T34_76_Destroyed_Master'
[1174.04] Warning: GetSocketWorldLocationAndRotation : Could not find socket 'Camera_PeriscopeGunner' in 'Sov_T34_76_Destroyed_Master'
[1174.04] Warning: GetSocketWorldLocationAndRotation : Could not find socket 'Camera_PeriscopeGunner' in 'Sov_T34_76_Destroyed_Master'
[1174.04] Warning: GetSocketWorldLocationAndRotation : Could not find socket 'None' in 'Sov_T34_76_Body_Destroyed_Master'
[1174.04] Warning: GetSocketWorldLocationAndRotation : Could not find socket 'None' in 'Ger_PZIV_Rig_Master'
[1174.04] Warning: GetSocketWorldLocationAndRotation : Could not find socket 'None' in 'Ger_PZIV_Rig_Master'
[1174.04] Warning: GetSocketWorldLocationAndRotation : Could not find socket 'None' in 'Ger_PZIV_Rig_Master'
[1174.04] Warning: GetSocketWorldLocationAndRotation : Could not find socket 'None' in 'Ger_PZIV_Rig_Master'
[1174.04] Warning: GetSocketWorldLocationAndRotation : Could not find socket 'None' in 'Ger_PZIV_Rig_Master'
[1174.04] Warning: GetSocketWorldLocationAndRotation : Could not find socket 'None' in 'Ger_PZIV_Rig_Master'
[1174.04] Warning: GetSocketWorldLocationAndRotation : Could not find socket 'None' in 'Ger_PZIV_Rig_Master'
[1174.04] Warning: GetSocketWorldLocationAndRotation : Could not find socket 'None' in 'Ger_PZIV_Rig_Master'
[1174.04] Warning: GetSocketWorldLocationAndRotation : Could not find socket 'None' in 'Ger_PZIV_Rig_Master'
[1174.04] Warning: GetSocketWorldLocationAndRotation : Could not find socket 'None' in 'Ger_PZIV_Destroyed_Master'
[1174.04] Warning: GetSocketWorldLocationAndRotation : Could not find socket 'None' in 'Ger_PZIV_Rig_Master'
[1174.04] Warning: GetSocketWorldLocationAndRotation : Could not find socket 'None' in 'Ger_PZIV_Destroyed_Master'
[1174.04] Warning: GetSocketWorldLocationAndRotation : Could not find socket 'None' in 'Ger_PZIV_Rig_Master'
[1174.04] Warning: GetSocketWorldLocationAndRotation : Could not find socket 'None' in 'Ger_PZIV_Destroyed_Master'
[1174.04] Warning: GetSocketWorldLocationAndRotation : Could not find socket 'None' in 'Ger_PZIV_Rig_Master'
[1174.04] Warning: GetSocketWorldLocationAndRotation : Could not find socket 'None' in 'Ger_PZIV_Destroyed_Master'
[1174.52] Warning: GetSocketWorldLocationAndRotation : Could not find socket 'Exhaust' in 'Sov_T34_76_Destroyed_Master'
[1191.43] Warning: GetSocketWorldLocationAndRotation : Could not find socket 'None' in 'Sov_T34_76_Destroyed_Master'
[1191.43] Warning: GetSocketWorldLocationAndRotation : Could not find socket 'Camera_PeriscopeGunner' in 'Sov_T34_76_Destroyed_Master'
[1191.43] Warning: GetSocketWorldLocationAndRotation : Could not find socket 'Camera_PeriscopeGunner' in 'Sov_T34_76_Destroyed_Master'
[1191.43] Warning: GetSocketWorldLocationAndRotation : Could not find socket 'None' in 'Sov_T34_76_Body_Destroyed_Master'
[1191.43] Warning: GetSocketWorldLocationAndRotation : Could not find socket 'None' in 'Ger_PZIV_Rig_Master'
[1191.43] Warning: GetSocketWorldLocationAndRotation : Could not find socket 'None' in 'Ger_PZIV_Rig_Master'
[1191.43] Warning: GetSocketWorldLocationAndRotation : Could not find socket 'None' in 'Ger_PZIV_Rig_Master'
[1191.43] Warning: GetSocketWorldLocationAndRotation : Could not find socket 'None' in 'Ger_PZIV_Rig_Master'
[1191.43] Warning: GetSocketWorldLocationAndRotation : Could not find socket 'None' in 'Ger_PZIV_Rig_Master'
[1191.43] Warning: GetSocketWorldLocationAndRotation : Could not find socket 'None' in 'Ger_PZIV_Rig_Master'
[1191.43] Warning: GetSocketWorldLocationAndRotation : Could not find socket 'None' in 'Ger_PZIV_Rig_Master'
[1191.43] Warning: GetSocketWorldLocationAndRotation : Could not find socket 'None' in 'Ger_PZIV_Rig_Master'
[1191.43] Warning: GetSocketWorldLocationAndRotation : Could not find socket 'None' in 'Ger_PZIV_Rig_Master'
[1191.43] Warning: GetSocketWorldLocationAndRotation : Could not find socket 'None' in 'Ger_PZIV_Destroyed_Master'
[1191.43] Warning: GetSocketWorldLocationAndRotation : Could not find socket 'None' in 'Ger_PZIV_Rig_Master'
[1191.43] Warning: GetSocketWorldLocationAndRotation : Could not find socket 'None' in 'Ger_PZIV_Destroyed_Master'
[1191.43] Warning: GetSocketWorldLocationAndRotation : Could not find socket 'None' in 'Ger_PZIV_Rig_Master'
[1191.43] Warning: GetSocketWorldLocationAndRotation : Could not find socket 'None' in 'Ger_PZIV_Destroyed_Master'
[1191.43] Warning: GetSocketWorldLocationAndRotation : Could not find socket 'None' in 'Ger_PZIV_Rig_Master'
[1191.43] Warning: GetSocketWorldLocationAndRotation : Could not find socket 'None' in 'Ger_PZIV_Destroyed_Master'
[1239.72] Warning: GetSocketWorldLocationAndRotation : Could not find socket 'None' in 'Sov_T3476_Rig_Master'
[1239.72] Warning: GetSocketWorldLocationAndRotation : Could not find socket 'None' in 'Sov_T3476_Rig_Master'
[1239.72] Warning: GetSocketWorldLocationAndRotation : Could not find socket 'None' in 'Sov_T3476_Rig_Master'
[1239.72] Warning: GetSocketWorldLocationAndRotation : Could not find socket 'None' in 'Sov_T3476_Rig_Master'
[1239.72] Warning: GetSocketWorldLocationAndRotation : Could not find socket 'None' in 'Sov_T3476_Rig_Master'
[1239.72] Warning: GetSocketWorldLocationAndRotation : Could not find socket 'None' in 'Sov_T3476_Rig_Master'
[1239.72] Warning: GetSocketWorldLocationAndRotation : Could not find socket 'None' in 'Sov_T34_76_Destroyed_Master'
[1239.72] Warning: GetSocketWorldLocationAndRotation : Could not find socket 'Camera_PeriscopeGunner' in 'Sov_T34_76_Destroyed_Master'
[1239.72] Warning: GetSocketWorldLocationAndRotation : Could not find socket 'Camera_PeriscopeGunner' in 'Sov_T34_76_Destroyed_Master'
[1239.72] Warning: GetSocketWorldLocationAndRotation : Could not find socket 'None' in 'Sov_T34_76_Body_Destroyed_Master'
[1239.72] Warning: GetSocketWorldLocationAndRotation : Could not find socket 'None' in 'Ger_PZIV_Rig_Master'
[1239.72] Warning: GetSocketWorldLocationAndRotation : Could not find socket 'None' in 'Ger_PZIV_Rig_Master'
[1239.72] Warning: GetSocketWorldLocationAndRotation : Could not find socket 'None' in 'Ger_PZIV_Rig_Master'
[1239.72] Warning: GetSocketWorldLocationAndRotation : Could not find socket 'None' in 'Ger_PZIV_Rig_Master'
[1239.72] Warning: GetSocketWorldLocationAndRotation : Could not find socket 'None' in 'Ger_PZIV_Rig_Master'
[1239.72] Warning: GetSocketWorldLocationAndRotation : Could not find socket 'None' in 'Ger_PZIV_Rig_Master'
[1239.72] Warning: GetSocketWorldLocationAndRotation : Could not find socket 'None' in 'Ger_PZIV_Rig_Master'
[1239.72] Warning: GetSocketWorldLocationAndRotation : Could not find socket 'None' in 'Ger_PZIV_Rig_Master'
[1239.72] Warning: GetSocketWorldLocationAndRotation : Could not find socket 'None' in 'Ger_PZIV_Rig_Master'
[1239.72] Warning: GetSocketWorldLocationAndRotation : Could not find socket 'None' in 'Ger_PZIV_Destroyed_Master'
[1239.72] Warning: GetSocketWorldLocationAndRotation : Could not find socket 'None' in 'Ger_PZIV_Rig_Master'
[1239.72] Warning: GetSocketWorldLocationAndRotation : Could not find socket 'None' in 'Ger_PZIV_Destroyed_Master'
[1239.72] Warning: GetSocketWorldLocationAndRotation : Could not find socket 'None' in 'Ger_PZIV_Rig_Master'
[1239.72] Warning: GetSocketWorldLocationAndRotation : Could not find socket 'None' in 'Ger_PZIV_Destroyed_Master'
[1239.72] Warning: GetSocketWorldLocationAndRotation : Could not find socket 'None' in 'Ger_PZIV_Rig_Master'
[1239.72] Warning: GetSocketWorldLocationAndRotation : Could not find socket 'None' in 'Ger_PZIV_Destroyed_Master'
[1344.17] Warning: GetSocketWorldLocationAndRotation : Could not find socket 'None' in 'Ger_PZIV_Rig_Master'
[1344.17] Warning: GetSocketWorldLocationAndRotation : Could not find socket 'None' in 'Sov_T3476_Rig_Master'
[1344.17] Warning: GetSocketWorldLocationAndRotation : Could not find socket 'None' in 'Sov_T3476_Rig_Master'
[1344.17] Warning: GetSocketWorldLocationAndRotation : Could not find socket 'None' in 'Ger_PZIV_Rig_Master'
[1344.17] Warning: GetSocketWorldLocationAndRotation : Could not find socket 'None' in 'Ger_PZIV_Rig_Master'
[1344.17] Warning: GetSocketWorldLocationAndRotation : Could not find socket 'None' in 'Ger_PZIV_Rig_Master'
[1344.17] Warning: GetSocketWorldLocationAndRotation : Could not find socket 'None' in 'Ger_PZIV_Rig_Master'
[1344.17] Warning: GetSocketWorldLocationAndRotation : Could not find socket 'None' in 'Ger_PZIV_Rig_Master'
[1344.17] Warning: GetSocketWorldLocationAndRotation : Could not find socket 'None' in 'Ger_PZIV_Rig_Master'
[1344.17] Warning: GetSocketWorldLocationAndRotation : Could not find socket 'None' in 'Ger_PZIV_Rig_Master'
[1344.17] Warning: GetSocketWorldLocationAndRotation : Could not find socket 'None' in 'Ger_PZIV_Rig_Master'
[1344.17] Warning: GetSocketWorldLocationAndRotation : Could not find socket 'None' in 'Ger_PZIV_Rig_Master'
[1344.17] Warning: GetSocketWorldLocationAndRotation : Could not find socket 'None' in 'Ger_PZIV_Rig_Master'
[1344.17] Warning: GetSocketWorldLocationAndRotation : Could not find socket 'None' in 'Ger_PZIV_Rig_Master'
[1344.17] Warning: GetSocketWorldLocationAndRotation : Could not find socket 'None' in 'Ger_PZIV_Rig_Master'
[1350.18] Warning: GetSocketWorldLocationAndRotation : Could not find socket 'None' in 'Sov_T3476_Rig_Master'
[1350.18] Warning: GetSocketWorldLocationAndRotation : Could not find socket 'None' in 'Sov_T3476_Rig_Master'
[1350.18] Warning: GetSocketWorldLocationAndRotation : Could not find socket 'None' in 'Ger_PZIV_Rig_Master'
[1350.18] Warning: GetSocketWorldLocationAndRotation : Could not find socket 'None' in 'Ger_PZIV_Rig_Master'
[1350.18] Warning: GetSocketWorldLocationAndRotation : Could not find socket 'None' in 'Ger_PZIV_Rig_Master'
[1350.18] Warning: GetSocketWorldLocationAndRotation : Could not find socket 'None' in 'Ger_PZIV_Rig_Master'
[1350.18] Warning: GetSocketWorldLocationAndRotation : Could not find socket 'None' in 'Ger_PZIV_Rig_Master'
[1350.18] Warning: GetSocketWorldLocationAndRotation : Could not find socket 'None' in 'Ger_PZIV_Rig_Master'
[1350.18] Warning: GetSocketWorldLocationAndRotation : Could not find socket 'None' in 'Ger_PZIV_Rig_Master'
[1350.18] Warning: GetSocketWorldLocationAndRotation : Could not find socket 'None' in 'Ger_PZIV_Destroyed_Master'
[1350.18] Warning: GetSocketWorldLocationAndRotation : Could not find socket 'None' in 'Ger_PZIV_Rig_Master'
[1350.18] Warning: GetSocketWorldLocationAndRotation : Could not find socket 'None' in 'Ger_PZIV_Rig_Master'
[1350.18] Warning: GetSocketWorldLocationAndRotation : Could not find socket 'None' in 'Ger_PZIV_Rig_Master'
[1350.18] Warning: GetSocketWorldLocationAndRotation : Could not find socket 'None' in 'Ger_PZIV_Rig_Master'
[1350.54] Warning: GetSocketWorldLocationAndRotation : Could not find socket 'Exhaust' in 'Sov_T34_76_Destroyed_Master'
[1356.15] Warning: GetSocketWorldLocationAndRotation : Could not find socket 'None' in 'Ger_PZIV_Rig_Master'
[1356.15] Warning: GetSocketWorldLocationAndRotation : Could not find socket 'None' in 'Sov_T3476_Rig_Master'
[1356.15] Warning: GetSocketWorldLocationAndRotation : Could not find socket 'Camera_PeriscopeGunner' in 'Sov_T34_76_Destroyed_Master'
[1356.15] Warning: GetSocketWorldLocationAndRotation : Could not find socket 'None' in 'Ger_PZIV_Rig_Master'
[1356.15] Warning: GetSocketWorldLocationAndRotation : Could not find socket 'None' in 'Ger_PZIV_Rig_Master'
[1356.15] Warning: GetSocketWorldLocationAndRotation : Could not find socket 'None' in 'Ger_PZIV_Rig_Master'
[1356.15] Warning: GetSocketWorldLocationAndRotation : Could not find socket 'None' in 'Ger_PZIV_Rig_Master'
[1356.15] Warning: GetSocketWorldLocationAndRotation : Could not find socket 'None' in 'Ger_PZIV_Rig_Master'
[1356.15] Warning: GetSocketWorldLocationAndRotation : Could not find socket 'None' in 'Ger_PZIV_Rig_Master'
[1356.15] Warning: GetSocketWorldLocationAndRotation : Could not find socket 'None' in 'Ger_PZIV_Rig_Master'
[1356.15] Warning: GetSocketWorldLocationAndRotation : Could not find socket 'None' in 'Ger_PZIV_Destroyed_Master'
[1356.15] Warning: GetSocketWorldLocationAndRotation : Could not find socket 'None' in 'Ger_PZIV_Rig_Master'
[1356.15] Warning: GetSocketWorldLocationAndRotation : Could not find socket 'None' in 'Ger_PZIV_Rig_Master'
[1356.15] Warning: GetSocketWorldLocationAndRotation : Could not find socket 'None' in 'Ger_PZIV_Rig_Master'
[1356.15] Warning: GetSocketWorldLocationAndRotation : Could not find socket 'None' in 'Ger_PZIV_Rig_Master'
[1369.69] Warning: GetSocketWorldLocationAndRotation : Could not find socket 'None' in 'Sov_T3476_Rig_Master'
[1369.69] Warning: GetSocketWorldLocationAndRotation : Could not find socket 'None' in 'Ger_PZIV_Rig_Master'
[1369.69] Warning: GetSocketWorldLocationAndRotation : Could not find socket 'None' in 'Ger_PZIV_Rig_Master'
[1369.69] Warning: GetSocketWorldLocationAndRotation : Could not find socket 'None' in 'Ger_PZIV_Rig_Master'
[1369.69] Warning: GetSocketWorldLocationAndRotation : Could not find socket 'None' in 'Ger_PZIV_Rig_Master'
[1369.69] Warning: GetSocketWorldLocationAndRotation : Could not find socket 'None' in 'Ger_PZIV_Rig_Master'
[1369.69] Warning: GetSocketWorldLocationAndRotation : Could not find socket 'None' in 'Ger_PZIV_Rig_Master'
[1369.69] Warning: GetSocketWorldLocationAndRotation : Could not find socket 'None' in 'Ger_PZIV_Rig_Master'
[1369.69] Warning: GetSocketWorldLocationAndRotation : Could not find socket 'None' in 'Ger_PZIV_Rig_Master'
[1369.69] Warning: GetSocketWorldLocationAndRotation : Could not find socket 'None' in 'Ger_PZIV_Rig_Master'
[1369.69] Warning: GetSocketWorldLocationAndRotation : Could not find socket 'None' in 'Ger_PZIV_Rig_Master'
[1370.10] Warning: GetSocketWorldLocationAndRotation : Could not find socket 'Exhaust' in 'Sov_T34_76_Destroyed_Master'
[1379.41] Warning: GetSocketWorldLocationAndRotation : Could not find socket 'None' in 'Sov_T3476_Rig_Master'
[1379.41] Warning: GetSocketWorldLocationAndRotation : Could not find socket 'Camera_PeriscopeGunner' in 'Sov_T34_76_Destroyed_Master'
[1379.41] Warning: GetSocketWorldLocationAndRotation : Could not find socket 'None' in 'Ger_PZIV_Rig_Master'
[1379.41] Warning: GetSocketWorldLocationAndRotation : Could not find socket 'None' in 'Ger_PZIV_Rig_Master'
[1379.41] Warning: GetSocketWorldLocationAndRotation : Could not find socket 'None' in 'Ger_PZIV_Rig_Master'
[1379.41] Warning: GetSocketWorldLocationAndRotation : Could not find socket 'None' in 'Ger_PZIV_Rig_Master'
[1379.41] Warning: GetSocketWorldLocationAndRotation : Could not find socket 'None' in 'Ger_PZIV_Rig_Master'
[1379.41] Warning: GetSocketWorldLocationAndRotation : Could not find socket 'None' in 'Ger_PZIV_Rig_Master'
[1379.41] Warning: GetSocketWorldLocationAndRotation : Could not find socket 'None' in 'Ger_PZIV_Rig_Master'
[1379.41] Warning: GetSocketWorldLocationAndRotation : Could not find socket 'None' in 'Ger_PZIV_Rig_Master'
[1379.41] Warning: GetSocketWorldLocationAndRotation : Could not find socket 'None' in 'Ger_PZIV_Rig_Master'
[1379.41] Warning: GetSocketWorldLocationAndRotation : Could not find socket 'None' in 'Ger_PZIV_Rig_Master'
[1379.42] Warning: GetSocketWorldLocationAndRotation : Could not find socket 'Exhaust' in 'Sov_T34_76_Destroyed_Master'
[1382.82] Warning: Failed to find notify LoaderRHGun1 on VehicleCrewProxy_224
[1384.86] Warning: GetSocketWorldLocationAndRotation : Could not find socket 'None' in 'Sov_T3476_Rig_Master'
[1384.86] Warning: GetSocketWorldLocationAndRotation : Could not find socket 'None' in 'Sov_T3476_Rig_Master'
[1384.86] Warning: GetSocketWorldLocationAndRotation : Could not find socket 'None' in 'Sov_T3476_Rig_Master'
[1384.86] Warning: GetSocketWorldLocationAndRotation : Could not find socket 'None' in 'Sov_T3476_Rig_Master'
[1384.86] Warning: GetSocketWorldLocationAndRotation : Could not find socket 'Camera_PeriscopeGunner' in 'Sov_T34_76_Destroyed_Master'
[1384.86] Warning: GetSocketWorldLocationAndRotation : Could not find socket 'None' in 'Ger_PZIV_Rig_Master'
[1384.86] Warning: GetSocketWorldLocationAndRotation : Could not find socket 'None' in 'Ger_PZIV_Rig_Master'
[1384.86] Warning: GetSocketWorldLocationAndRotation : Could not find socket 'None' in 'Ger_PZIV_Rig_Master'
[1384.86] Warning: GetSocketWorldLocationAndRotation : Could not find socket 'None' in 'Ger_PZIV_Rig_Master'
[1384.86] Warning: GetSocketWorldLocationAndRotation : Could not find socket 'None' in 'Ger_PZIV_Rig_Master'
[1384.86] Warning: GetSocketWorldLocationAndRotation : Could not find socket 'None' in 'Ger_PZIV_Rig_Master'
[1384.86] Warning: GetSocketWorldLocationAndRotation : Could not find socket 'None' in 'Ger_PZIV_Rig_Master'
[1384.86] Warning: GetSocketWorldLocationAndRotation : Could not find socket 'None' in 'Ger_PZIV_Rig_Master'
[1384.86] Warning: GetSocketWorldLocationAndRotation : Could not find socket 'None' in 'Ger_PZIV_Rig_Master'
[1384.86] Warning: GetSocketWorldLocationAndRotation : Could not find socket 'None' in 'Ger_PZIV_Rig_Master'
[1388.86] Warning: Failed to find notify LoaderRHGun1 on VehicleCrewProxy_224
[1390.20] Warning: GetSocketWorldLocationAndRotation : Could not find socket 'None' in 'Ger_PZIV_Rig_Master'
[1390.20] Warning: GetSocketWorldLocationAndRotation : Could not find socket 'None' in 'Sov_T3476_Rig_Master'
[1390.20] Warning: GetSocketWorldLocationAndRotation : Could not find socket 'None' in 'Sov_T3476_Rig_Master'
[1390.20] Warning: GetSocketWorldLocationAndRotation : Could not find socket 'None' in 'Sov_T3476_Rig_Master'
[1390.20] Warning: GetSocketWorldLocationAndRotation : Could not find socket 'None' in 'Sov_T3476_Rig_Master'
[1390.20] Warning: GetSocketWorldLocationAndRotation : Could not find socket 'Camera_PeriscopeGunner' in 'Sov_T34_76_Destroyed_Master'
[1390.20] Warning: GetSocketWorldLocationAndRotation : Could not find socket 'Camera_PeriscopeGunner' in 'Sov_T34_76_Destroyed_Master'
[1390.20] Warning: GetSocketWorldLocationAndRotation : Could not find socket 'None' in 'Ger_PZIV_Rig_Master'
[1390.20] Warning: GetSocketWorldLocationAndRotation : Could not find socket 'None' in 'Ger_PZIV_Rig_Master'
[1390.20] Warning: GetSocketWorldLocationAndRotation : Could not find socket 'None' in 'Ger_PZIV_Rig_Master'
[1390.20] Warning: GetSocketWorldLocationAndRotation : Could not find socket 'None' in 'Ger_PZIV_Rig_Master'
[1390.20] Warning: GetSocketWorldLocationAndRotation : Could not find socket 'None' in 'Ger_PZIV_Rig_Master'
[1390.20] Warning: GetSocketWorldLocationAndRotation : Could not find socket 'None' in 'Ger_PZIV_Rig_Master'
[1390.20] Warning: GetSocketWorldLocationAndRotation : Could not find socket 'None' in 'Ger_PZIV_Rig_Master'
[1390.20] Warning: GetSocketWorldLocationAndRotation : Could not find socket 'None' in 'Ger_PZIV_Rig_Master'
[1390.20] Warning: GetSocketWorldLocationAndRotation : Could not find socket 'None' in 'Ger_PZIV_Rig_Master'
[1390.20] Warning: GetSocketWorldLocationAndRotation : Could not find socket 'None' in 'Ger_PZIV_Rig_Master'
[1394.98] Warning: Failed to find notify LoaderRHGun1 on VehicleCrewProxy_224
[1399.54] Warning: GetSocketWorldLocationAndRotation : Could not find socket 'None' in 'Sov_T3476_Rig_Master'
[1399.54] Warning: GetSocketWorldLocationAndRotation : Could not find socket 'None' in 'Sov_T3476_Rig_Master'
[1399.54] Warning: GetSocketWorldLocationAndRotation : Could not find socket 'None' in 'Sov_T3476_Rig_Master'
[1399.54] Warning: GetSocketWorldLocationAndRotation : Could not find socket 'None' in 'Ger_PZIV_Rig_Master'
[1399.54] Warning: GetSocketWorldLocationAndRotation : Could not find socket 'None' in 'Ger_PZIV_Rig_Master'
[1399.54] Warning: GetSocketWorldLocationAndRotation : Could not find socket 'None' in 'Ger_PZIV_Rig_Master'
[1399.54] Warning: GetSocketWorldLocationAndRotation : Could not find socket 'None' in 'Ger_PZIV_Rig_Master'
[1399.54] Warning: GetSocketWorldLocationAndRotation : Could not find socket 'None' in 'Ger_PZIV_Rig_Master'
[1399.54] Warning: GetSocketWorldLocationAndRotation : Could not find socket 'None' in 'Ger_PZIV_Rig_Master'
[1399.54] Warning: GetSocketWorldLocationAndRotation : Could not find socket 'None' in 'Ger_PZIV_Destroyed_Master'
[1399.54] Warning: GetSocketWorldLocationAndRotation : Could not find socket 'None' in 'Ger_PZIV_Rig_Master'
[1399.54] Warning: GetSocketWorldLocationAndRotation : Could not find socket 'None' in 'Ger_PZIV_Rig_Master'
[1399.54] Warning: GetSocketWorldLocationAndRotation : Could not find socket 'None' in 'Ger_PZIV_Rig_Master'
[1401.06] Warning: Failed to find notify LoaderRHGun1 on VehicleCrewProxy_224
[1402.81] Warning: GetSocketWorldLocationAndRotation : Could not find socket 'None' in 'Ger_PZIV_Rig_Master'
[1402.81] Warning: GetSocketWorldLocationAndRotation : Could not find socket 'None' in 'Sov_T3476_Rig_Master'
[1402.81] Warning: GetSocketWorldLocationAndRotation : Could not find socket 'None' in 'Sov_T3476_Rig_Master'
[1402.81] Warning: GetSocketWorldLocationAndRotation : Could not find socket 'None' in 'Sov_T3476_Rig_Master'
[1402.81] Warning: GetSocketWorldLocationAndRotation : Could not find socket 'Camera_Periscope' in 'Sov_T34_76_Destroyed_Master'
[1402.81] Warning: GetSocketWorldLocationAndRotation : Could not find socket 'None' in 'Ger_PZIV_Rig_Master'
[1402.81] Warning: GetSocketWorldLocationAndRotation : Could not find socket 'None' in 'Ger_PZIV_Rig_Master'
[1402.81] Warning: GetSocketWorldLocationAndRotation : Could not find socket 'None' in 'Ger_PZIV_Rig_Master'
[1402.81] Warning: GetSocketWorldLocationAndRotation : Could not find socket 'None' in 'Ger_PZIV_Rig_Master'
[1402.81] Warning: GetSocketWorldLocationAndRotation : Could not find socket 'None' in 'Ger_PZIV_Rig_Master'
[1402.81] Warning: GetSocketWorldLocationAndRotation : Could not find socket 'None' in 'Ger_PZIV_Rig_Master'
[1402.81] Warning: GetSocketWorldLocationAndRotation : Could not find socket 'None' in 'Ger_PZIV_Destroyed_Master'
[1402.81] Warning: GetSocketWorldLocationAndRotation : Could not find socket 'None' in 'Ger_PZIV_Rig_Master'
[1402.81] Warning: GetSocketWorldLocationAndRotation : Could not find socket 'None' in 'Ger_PZIV_Rig_Master'
[1402.81] Warning: GetSocketWorldLocationAndRotation : Could not find socket 'None' in 'Ger_PZIV_Rig_Master'
[1407.22] Warning: Failed to find notify LoaderRHGun1 on VehicleCrewProxy_224
[1419.72] Warning: GetSocketWorldLocationAndRotation : Could not find socket 'None' in 'Sov_T3476_Rig_Master'
[1419.72] Warning: GetSocketWorldLocationAndRotation : Could not find socket 'None' in 'Sov_T3476_Rig_Master'
[1419.72] Warning: GetSocketWorldLocationAndRotation : Could not find socket 'None' in 'Sov_T3476_Rig_Master'
[1419.72] Warning: GetSocketWorldLocationAndRotation : Could not find socket 'None' in 'Ger_PZIV_Rig_Master'
[1419.72] Warning: GetSocketWorldLocationAndRotation : Could not find socket 'None' in 'Ger_PZIV_Rig_Master'
[1419.72] Warning: GetSocketWorldLocationAndRotation : Could not find socket 'None' in 'Ger_PZIV_Rig_Master'
[1419.72] Warning: GetSocketWorldLocationAndRotation : Could not find socket 'None' in 'Ger_PZIV_Rig_Master'
[1419.72] Warning: GetSocketWorldLocationAndRotation : Could not find socket 'None' in 'Ger_PZIV_Rig_Master'
[1419.72] Warning: GetSocketWorldLocationAndRotation : Could not find socket 'None' in 'Ger_PZIV_Destroyed_Master'
[1419.72] Warning: GetSocketWorldLocationAndRotation : Could not find socket 'None' in 'Ger_PZIV_Destroyed_Master'
[1419.72] Warning: GetSocketWorldLocationAndRotation : Could not find socket 'None' in 'Ger_PZIV_Rig_Master'
[1419.72] Warning: GetSocketWorldLocationAndRotation : Could not find socket 'None' in 'Ger_PZIV_Rig_Master'
[1419.72] Warning: GetSocketWorldLocationAndRotation : Could not find socket 'None' in 'Ger_PZIV_Rig_Master'
[1425.96] Warning: Failed to find notify LoaderRHGun1 on VehicleCrewProxy_224
[1432.04] Warning: Failed to find notify LoaderRHGun1 on VehicleCrewProxy_224
[1438.21] Warning: Failed to find notify LoaderRHGun1 on VehicleCrewProxy_224
[1438.69] Warning: GetSocketWorldLocationAndRotation : Could not find socket 'None' in 'Sov_T3476_Rig_Master'
[1438.69] Warning: GetSocketWorldLocationAndRotation : Could not find socket 'None' in 'Sov_T3476_Rig_Master'
[1438.69] Warning: GetSocketWorldLocationAndRotation : Could not find socket 'None' in 'Sov_T3476_Rig_Master'
[1438.69] Warning: GetSocketWorldLocationAndRotation : Could not find socket 'None' in 'Ger_PZIV_Rig_Master'
[1438.69] Warning: GetSocketWorldLocationAndRotation : Could not find socket 'None' in 'Ger_PZIV_Rig_Master'
[1438.69] Warning: GetSocketWorldLocationAndRotation : Could not find socket 'None' in 'Ger_PZIV_Rig_Master'
[1438.69] Warning: GetSocketWorldLocationAndRotation : Could not find socket 'None' in 'Ger_PZIV_Rig_Master'
[1438.69] Warning: GetSocketWorldLocationAndRotation : Could not find socket 'None' in 'Ger_PZIV_Rig_Master'
[1438.69] Warning: GetSocketWorldLocationAndRotation : Could not find socket 'None' in 'Ger_PZIV_Destroyed_Master'
[1438.69] Warning: GetSocketWorldLocationAndRotation : Could not find socket 'None' in 'Ger_PZIV_Destroyed_Master'
[1438.69] Warning: GetSocketWorldLocationAndRotation : Could not find socket 'None' in 'Ger_PZIV_Rig_Master'
[1438.69] Warning: GetSocketWorldLocationAndRotation : Could not find socket 'None' in 'Ger_PZIV_Rig_Master'
[1438.69] Warning: GetSocketWorldLocationAndRotation : Could not find socket 'None' in 'Ger_PZIV_Rig_Master'
[1439.68] Warning: GetSocketWorldLocationAndRotation : Could not find socket 'None' in 'Ger_PZIV_Rig_Master'
[1439.68] Warning: GetSocketWorldLocationAndRotation : Could not find socket 'None' in 'Sov_T3476_Rig_Master'
[1439.68] Warning: GetSocketWorldLocationAndRotation : Could not find socket 'None' in 'Sov_T3476_Rig_Master'
[1439.68] Warning: GetSocketWorldLocationAndRotation : Could not find socket 'None' in 'Sov_T3476_Rig_Master'
[1439.68] Warning: GetSocketWorldLocationAndRotation : Could not find socket 'None' in 'Ger_PZIV_Rig_Master'
[1439.68] Warning: GetSocketWorldLocationAndRotation : Could not find socket 'None' in 'Ger_PZIV_Rig_Master'
[1439.68] Warning: GetSocketWorldLocationAndRotation : Could not find socket 'None' in 'Ger_PZIV_Rig_Master'
[1439.68] Warning: GetSocketWorldLocationAndRotation : Could not find socket 'None' in 'Ger_PZIV_Rig_Master'
[1439.68] Warning: GetSocketWorldLocationAndRotation : Could not find socket 'None' in 'Ger_PZIV_Rig_Master'
[1439.68] Warning: GetSocketWorldLocationAndRotation : Could not find socket 'None' in 'Ger_PZIV_Destroyed_Master'
[1439.68] Warning: GetSocketWorldLocationAndRotation : Could not find socket 'None' in 'Ger_PZIV_Destroyed_Master'
[1439.68] Warning: GetSocketWorldLocationAndRotation : Could not find socket 'Camera_Gunner' in 'Sov_T34_76_Destroyed_Master'
[1439.68] Warning: GetSocketWorldLocationAndRotation : Could not find socket 'None' in 'Ger_PZIV_Rig_Master'
[1439.68] Warning: GetSocketWorldLocationAndRotation : Could not find socket 'None' in 'Ger_PZIV_Rig_Master'
[1439.68] Warning: GetSocketWorldLocationAndRotation : Could not find socket 'None' in 'Ger_PZIV_Rig_Master'
[1443.21] Warning: SpawnActor failed because class ROWeap_MN9130_Rifle is abstract
[1443.21] Warning: SpawnActor failed because class ROWeap_F1_Grenade is abstract
[1443.21] Warning: SpawnActor failed because class ROWeap_M1895_Revolver is abstract
[1460.32] Warning: GetSocketWorldLocationAndRotation : Could not find socket 'None' in 'Sov_T3476_Rig_Master'
[1460.32] Warning: GetSocketWorldLocationAndRotation : Could not find socket 'None' in 'Sov_T3476_Rig_Master'
[1460.32] Warning: GetSocketWorldLocationAndRotation : Could not find socket 'None' in 'Sov_T3476_Rig_Master'
[1460.32] Warning: GetSocketWorldLocationAndRotation : Could not find socket 'None' in 'Ger_PZIV_Rig_Master'
[1460.32] Warning: GetSocketWorldLocationAndRotation : Could not find socket 'None' in 'Ger_PZIV_Rig_Master'
[1460.32] Warning: GetSocketWorldLocationAndRotation : Could not find socket 'None' in 'Ger_PZIV_Rig_Master'
[1460.32] Warning: GetSocketWorldLocationAndRotation : Could not find socket 'None' in 'Ger_PZIV_Rig_Master'
[1460.32] Warning: GetSocketWorldLocationAndRotation : Could not find socket 'None' in 'Ger_PZIV_Destroyed_Master'
[1460.32] Warning: GetSocketWorldLocationAndRotation : Could not find socket 'None' in 'Ger_PZIV_Rig_Master'
[1460.32] Warning: GetSocketWorldLocationAndRotation : Could not find socket 'None' in 'Ger_PZIV_Rig_Master'
[1460.32] Warning: GetSocketWorldLocationAndRotation : Could not find socket 'None' in 'Ger_PZIV_Rig_Master'
[1465.08] Warning: GetSocketWorldLocationAndRotation : Could not find socket 'None' in 'Sov_T3476_Rig_Master'
[1465.08] Warning: GetSocketWorldLocationAndRotation : Could not find socket 'None' in 'Sov_T3476_Rig_Master'
[1465.08] Warning: GetSocketWorldLocationAndRotation : Could not find socket 'None' in 'Sov_T3476_Rig_Master'
[1465.08] Warning: GetSocketWorldLocationAndRotation : Could not find socket 'Camera_PeriscopeGunner' in 'Sov_T34_76_Body_Destroyed_Master'
[1465.08] Warning: GetSocketWorldLocationAndRotation : Could not find socket 'None' in 'Ger_PZIV_Rig_Master'
[1465.08] Warning: GetSocketWorldLocationAndRotation : Could not find socket 'None' in 'Ger_PZIV_Rig_Master'
[1465.08] Warning: GetSocketWorldLocationAndRotation : Could not find socket 'None' in 'Ger_PZIV_Rig_Master'
[1465.08] Warning: GetSocketWorldLocationAndRotation : Could not find socket 'None' in 'Ger_PZIV_Rig_Master'
[1465.08] Warning: GetSocketWorldLocationAndRotation : Could not find socket 'None' in 'Ger_PZIV_Destroyed_Master'
[1465.08] Warning: GetSocketWorldLocationAndRotation : Could not find socket 'None' in 'Ger_PZIV_Rig_Master'
[1465.08] Warning: GetSocketWorldLocationAndRotation : Could not find socket 'None' in 'Ger_PZIV_Rig_Master'
[1465.08] Warning: GetSocketWorldLocationAndRotation : Could not find socket 'None' in 'Ger_PZIV_Rig_Master'
[1494.49] Warning: GetSocketWorldLocationAndRotation : Could not find socket 'None' in 'Sov_T3476_Rig_Master'
[1494.49] Warning: GetSocketWorldLocationAndRotation : Could not find socket 'None' in 'Sov_T3476_Rig_Master'
[1494.49] Warning: GetSocketWorldLocationAndRotation : Could not find socket 'None' in 'Sov_T3476_Rig_Master'
[1494.49] Warning: GetSocketWorldLocationAndRotation : Could not find socket 'None' in 'Sov_T3476_Rig_Master'
[1494.49] Warning: GetSocketWorldLocationAndRotation : Could not find socket 'None' in 'Sov_T3476_Rig_Master'
[1494.49] Warning: GetSocketWorldLocationAndRotation : Could not find socket 'None' in 'Sov_T3476_Rig_Master'
[1494.49] Warning: GetSocketWorldLocationAndRotation : Could not find socket 'None' in 'Ger_PZIV_Rig_Master'
[1494.49] Warning: GetSocketWorldLocationAndRotation : Could not find socket 'None' in 'Ger_PZIV_Rig_Master'
[1494.49] Warning: GetSocketWorldLocationAndRotation : Could not find socket 'None' in 'Ger_PZIV_Rig_Master'
[1494.49] Warning: GetSocketWorldLocationAndRotation : Could not find socket 'None' in 'Ger_PZIV_Rig_Master'
[1494.49] Warning: GetSocketWorldLocationAndRotation : Could not find socket 'None' in 'Ger_PZIV_Rig_Master'
[1494.49] Warning: GetSocketWorldLocationAndRotation : Could not find socket 'None' in 'Ger_PZIV_Rig_Master'
[1494.49] Warning: GetSocketWorldLocationAndRotation : Could not find socket 'None' in 'Ger_PZIV_Rig_Master'
[1506.82] Warning: Failed to find notify LoaderRHGun1 on VehicleCrewProxy_339
[1512.85] Warning: Failed to find notify LoaderRHGun1 on VehicleCrewProxy_339
[1518.92] Warning: Failed to find notify LoaderRHGun1 on VehicleCrewProxy_339
[1522.83] Warning: GetSocketWorldLocationAndRotation : Could not find socket 'None' in 'Ger_PZIV_Rig_Master'
[1522.83] Warning: GetSocketWorldLocationAndRotation : Could not find socket 'None' in 'Sov_T3476_Rig_Master'
[1522.83] Warning: GetSocketWorldLocationAndRotation : Could not find socket 'None' in 'Sov_T3476_Rig_Master'
[1522.83] Warning: GetSocketWorldLocationAndRotation : Could not find socket 'None' in 'Sov_T3476_Rig_Master'
[1522.83] Warning: GetSocketWorldLocationAndRotation : Could not find socket 'None' in 'Sov_T3476_Rig_Master'
[1522.83] Warning: GetSocketWorldLocationAndRotation : Could not find socket 'None' in 'Sov_T3476_Rig_Master'
[1522.83] Warning: GetSocketWorldLocationAndRotation : Could not find socket 'None' in 'Ger_PZIV_Rig_Master'
[1522.83] Warning: GetSocketWorldLocationAndRotation : Could not find socket 'None' in 'Ger_PZIV_Rig_Master'
[1522.83] Warning: GetSocketWorldLocationAndRotation : Could not find socket 'None' in 'Ger_PZIV_Rig_Master'
[1522.83] Warning: GetSocketWorldLocationAndRotation : Could not find socket 'None' in 'Ger_PZIV_Rig_Master'
[1522.83] Warning: GetSocketWorldLocationAndRotation : Could not find socket 'None' in 'Ger_PZIV_Rig_Master'
[1522.83] Warning: GetSocketWorldLocationAndRotation : Could not find socket 'None' in 'Ger_PZIV_Rig_Master'
[1522.83] Warning: GetSocketWorldLocationAndRotation : Could not find socket 'None' in 'Ger_PZIV_Rig_Master'
[1524.80] Warning: GetSocketWorldLocationAndRotation : Could not find socket 'None' in 'Sov_T3476_Rig_Master'
[1524.80] Warning: GetSocketWorldLocationAndRotation : Could not find socket 'None' in 'Sov_T3476_Rig_Master'
[1524.80] Warning: GetSocketWorldLocationAndRotation : Could not find socket 'None' in 'Sov_T3476_Rig_Master'
[1524.80] Warning: GetSocketWorldLocationAndRotation : Could not find socket 'None' in 'Sov_T3476_Rig_Master'
[1524.80] Warning: GetSocketWorldLocationAndRotation : Could not find socket 'None' in 'Sov_T3476_Rig_Master'
[1524.80] Warning: GetSocketWorldLocationAndRotation : Could not find socket 'None' in 'Ger_PZIV_Destroyed_Master'
[1524.80] Warning: GetSocketWorldLocationAndRotation : Could not find socket 'None' in 'Ger_PZIV_Rig_Master'
[1524.80] Warning: GetSocketWorldLocationAndRotation : Could not find socket 'None' in 'Ger_PZIV_Rig_Master'
[1524.80] Warning: GetSocketWorldLocationAndRotation : Could not find socket 'None' in 'Ger_PZIV_Rig_Master'
[1524.80] Warning: GetSocketWorldLocationAndRotation : Could not find socket 'None' in 'Ger_PZIV_Rig_Master'
[1524.80] Warning: GetSocketWorldLocationAndRotation : Could not find socket 'None' in 'Ger_PZIV_Rig_Master'
[1524.80] Warning: GetSocketWorldLocationAndRotation : Could not find socket 'None' in 'Ger_PZIV_Rig_Master'
[1529.34] Warning: SpawnActor failed because class ROWeap_MN9130_Rifle is abstract
[1529.34] Warning: SpawnActor failed because class ROWeap_F1_Grenade is abstract
[1529.34] Warning: SpawnActor failed because class ROWeap_M1895_Revolver is abstract
[1568.03] Warning: Failed to find notify LoaderRHGun1 on VehicleCrewProxy_355
[1574.08] Warning: Failed to find notify LoaderRHGun1 on VehicleCrewProxy_355
[1577.90] Warning: GetSocketWorldLocationAndRotation : Could not find socket 'None' in 'Ger_PZIV_Rig_Master'
[1577.90] Warning: GetSocketWorldLocationAndRotation : Could not find socket 'None' in 'Sov_T3476_Rig_Master'
[1577.90] Warning: GetSocketWorldLocationAndRotation : Could not find socket 'None' in 'Sov_T3476_Rig_Master'
[1577.90] Warning: GetSocketWorldLocationAndRotation : Could not find socket 'None' in 'Sov_T3476_Rig_Master'
[1577.90] Warning: GetSocketWorldLocationAndRotation : Could not find socket 'None' in 'Sov_T3476_Rig_Master'
[1577.90] Warning: GetSocketWorldLocationAndRotation : Could not find socket 'None' in 'Sov_T3476_Rig_Master'
[1577.90] Warning: GetSocketWorldLocationAndRotation : Could not find socket 'None' in 'Ger_PZIV_Rig_Master'
[1577.90] Warning: GetSocketWorldLocationAndRotation : Could not find socket 'None' in 'Ger_PZIV_Rig_Master'
[1577.90] Warning: GetSocketWorldLocationAndRotation : Could not find socket 'None' in 'Ger_PZIV_Rig_Master'
[1577.90] Warning: GetSocketWorldLocationAndRotation : Could not find socket 'None' in 'Ger_PZIV_Rig_Master'
[1577.90] Warning: GetSocketWorldLocationAndRotation : Could not find socket 'None' in 'Ger_PZIV_Rig_Master'
[1577.90] Warning: GetSocketWorldLocationAndRotation : Could not find socket 'None' in 'Ger_PZIV_Rig_Master'
[1580.34] Warning: Failed to find notify LoaderRHGun1 on VehicleCrewProxy_355
[1585.42] Warning: Exceeded max active pooled emitters!
[1585.55] Warning: Exceeded max active pooled emitters!
[1587.68] Warning: Failed to find notify LoaderRHGun1 on VehicleCrewProxy_355
[1593.96] Warning: Failed to find notify LoaderRHGun1 on VehicleCrewProxy_355
[1597.96] Warning: Exceeded max active pooled emitters!
[1600.08] Warning: Failed to find notify LoaderRHGun1 on VehicleCrewProxy_355
[1602.70] Warning: Exceeded max active pooled emitters!
[1603.50] Warning: Exceeded max active pooled emitters!
[1604.09] Warning: Exceeded max active pooled emitters!
[1605.30] Warning: Exceeded max active pooled emitters!
[1606.22] Warning: Failed to find notify LoaderRHGun1 on VehicleCrewProxy_355
[1609.99] Warning: Exceeded max active pooled emitters!
[1610.12] Warning: GetSocketWorldLocationAndRotation : Could not find socket 'None' in 'Ger_PZIV_Rig_Master'
[1610.12] Warning: GetSocketWorldLocationAndRotation : Could not find socket 'None' in 'Ger_PZIV_Rig_Master'
[1610.12] Warning: GetSocketWorldLocationAndRotation : Could not find socket 'None' in 'Ger_PZIV_Rig_Master'
[1610.12] Warning: GetSocketWorldLocationAndRotation : Could not find socket 'None' in 'Ger_PZIV_Rig_Master'
[1610.12] Warning: GetSocketWorldLocationAndRotation : Could not find socket 'None' in 'Ger_PZIV_Rig_Master'
[1610.12] Warning: GetSocketWorldLocationAndRotation : Could not find socket 'None' in 'Ger_PZIV_Rig_Master'
[1610.12] Warning: GetSocketWorldLocationAndRotation : Could not find socket 'None' in 'Ger_PZIV_Rig_Master'
[1610.12] Warning: GetSocketWorldLocationAndRotation : Could not find socket 'None' in 'Ger_PZIV_Rig_Master'
[1610.12] Warning: GetSocketWorldLocationAndRotation : Could not find socket 'None' in 'Ger_PZIV_Rig_Master'
[1610.12] Warning: GetSocketWorldLocationAndRotation : Could not find socket 'None' in 'Ger_PZIV_Rig_Master'
[1610.12] Warning: GetSocketWorldLocationAndRotation : Could not find socket 'None' in 'Sov_T3476_Rig_Master'
[1610.12] Warning: GetSocketWorldLocationAndRotation : Could not find socket 'None' in 'Sov_T3476_Rig_Master'
[1610.12] Warning: GetSocketWorldLocationAndRotation : Could not find socket 'None' in 'Sov_T3476_Rig_Master'
[1610.12] Warning: GetSocketWorldLocationAndRotation : Could not find socket 'None' in 'Ger_PZIV_Rig_Master'
[1610.12] Warning: GetSocketWorldLocationAndRotation : Could not find socket 'None' in 'Ger_PZIV_Destroyed_Master'
[1610.12] Warning: GetSocketWorldLocationAndRotation : Could not find socket 'None' in 'Ger_PZIV_Rig_Master'
[1610.12] Warning: GetSocketWorldLocationAndRotation : Could not find socket 'None' in 'Ger_PZIV_Rig_Master'
[1610.12] Warning: GetSocketWorldLocationAndRotation : Could not find socket 'None' in 'Ger_PZIV_Rig_Master'
[1610.12] Warning: GetSocketWorldLocationAndRotation : Could not find socket 'None' in 'Ger_PZIV_Rig_Master'
[1610.12] Warning: Exceeded max active pooled emitters!
[1612.21] Warning: Failed to find notify LoaderRHGun1 on VehicleCrewProxy_355
[1664.04] Warning: GetSocketWorldLocationAndRotation : Could not find socket 'None' in 'Ger_PZIV_Rig_Master'
[1664.04] Warning: GetSocketWorldLocationAndRotation : Could not find socket 'None' in 'Ger_PZIV_Rig_Master'
[1664.04] Warning: GetSocketWorldLocationAndRotation : Could not find socket 'None' in 'Ger_PZIV_Rig_Master'
[1664.04] Warning: GetSocketWorldLocationAndRotation : Could not find socket 'None' in 'Ger_PZIV_Rig_Master'
[1664.04] Warning: GetSocketWorldLocationAndRotation : Could not find socket 'None' in 'Ger_PZIV_Rig_Master'
[1664.04] Warning: GetSocketWorldLocationAndRotation : Could not find socket 'None' in 'Ger_PZIV_Rig_Master'
[1664.04] Warning: GetSocketWorldLocationAndRotation : Could not find socket 'None' in 'Ger_PZIV_Rig_Master'
[1664.04] Warning: GetSocketWorldLocationAndRotation : Could not find socket 'None' in 'Ger_PZIV_Rig_Master'
[1664.04] Warning: GetSocketWorldLocationAndRotation : Could not find socket 'None' in 'Ger_PZIV_Rig_Master'
[1664.04] Warning: GetSocketWorldLocationAndRotation : Could not find socket 'None' in 'Sov_T3476_Rig_Master'
[1664.04] Warning: GetSocketWorldLocationAndRotation : Could not find socket 'None' in 'Sov_T3476_Rig_Master'
[1664.04] Warning: GetSocketWorldLocationAndRotation : Could not find socket 'None' in 'Sov_T3476_Rig_Master'
[1664.04] Warning: GetSocketWorldLocationAndRotation : Could not find socket 'None' in 'Ger_PZIV_Rig_Master'
[1664.04] Warning: GetSocketWorldLocationAndRotation : Could not find socket 'None' in 'Ger_PZIV_Rig_Master'
[1664.04] Warning: GetSocketWorldLocationAndRotation : Could not find socket 'None' in 'Ger_PZIV_Rig_Master'
[1664.04] Warning: GetSocketWorldLocationAndRotation : Could not find socket 'None' in 'Ger_PZIV_Rig_Master'
[1672.21] Warning: GetSocketWorldLocationAndRotation : Could not find socket 'None' in 'Ger_PZIV_Rig_Master'
[1672.21] Warning: GetSocketWorldLocationAndRotation : Could not find socket 'None' in 'Ger_PZIV_Rig_Master'
[1672.21] Warning: GetSocketWorldLocationAndRotation : Could not find socket 'None' in 'Ger_PZIV_Rig_Master'
[1672.21] Warning: GetSocketWorldLocationAndRotation : Could not find socket 'None' in 'Ger_PZIV_Rig_Master'
[1672.21] Warning: GetSocketWorldLocationAndRotation : Could not find socket 'None' in 'Ger_PZIV_Rig_Master'
[1672.21] Warning: GetSocketWorldLocationAndRotation : Could not find socket 'None' in 'Ger_PZIV_Rig_Master'
[1672.21] Warning: GetSocketWorldLocationAndRotation : Could not find socket 'None' in 'Ger_PZIV_Rig_Master'
[1672.21] Warning: GetSocketWorldLocationAndRotation : Could not find socket 'None' in 'Ger_PZIV_Rig_Master'
[1672.21] Warning: GetSocketWorldLocationAndRotation : Could not find socket 'None' in 'Ger_PZIV_Rig_Master'
[1672.21] Warning: GetSocketWorldLocationAndRotation : Could not find socket 'None' in 'Ger_PZIV_Rig_Master'
[1672.21] Warning: GetSocketWorldLocationAndRotation : Could not find socket 'None' in 'Sov_T3476_Rig_Master'
[1672.21] Warning: GetSocketWorldLocationAndRotation : Could not find socket 'None' in 'Sov_T3476_Rig_Master'
[1672.21] Warning: GetSocketWorldLocationAndRotation : Could not find socket 'None' in 'Sov_T3476_Rig_Master'
[1672.21] Warning: GetSocketWorldLocationAndRotation : Could not find socket 'Camera_PeriscopeGunner' in 'Sov_T34_76_Destroyed_Master'
[1672.21] Warning: GetSocketWorldLocationAndRotation : Could not find socket 'None' in 'Ger_PZIV_Rig_Master'
[1672.21] Warning: GetSocketWorldLocationAndRotation : Could not find socket 'None' in 'Ger_PZIV_Rig_Master'
[1672.21] Warning: GetSocketWorldLocationAndRotation : Could not find socket 'None' in 'Ger_PZIV_Rig_Master'
[1672.21] Warning: GetSocketWorldLocationAndRotation : Could not find socket 'None' in 'Ger_PZIV_Rig_Master'
[1685.11] Warning: GetSocketWorldLocationAndRotation : Could not find socket 'None' in 'Ger_PZIV_Body_Destroyed_Master'
[1685.11] Warning: GetSocketWorldLocationAndRotation : Could not find socket 'None' in 'Ger_PZIV_Rig_Master'
[1685.11] Warning: GetSocketWorldLocationAndRotation : Could not find socket 'None' in 'Ger_PZIV_Rig_Master'
[1685.11] Warning: GetSocketWorldLocationAndRotation : Could not find socket 'None' in 'Ger_PZIV_Rig_Master'
[1685.11] Warning: GetSocketWorldLocationAndRotation : Could not find socket 'None' in 'Ger_PZIV_Rig_Master'
[1685.11] Warning: GetSocketWorldLocationAndRotation : Could not find socket 'None' in 'Ger_PZIV_Rig_Master'
[1685.11] Warning: GetSocketWorldLocationAndRotation : Could not find socket 'None' in 'Ger_PZIV_Rig_Master'
[1685.11] Warning: GetSocketWorldLocationAndRotation : Could not find socket 'None' in 'Ger_PZIV_Rig_Master'
[1685.11] Warning: GetSocketWorldLocationAndRotation : Could not find socket 'None' in 'Ger_PZIV_Rig_Master'
[1685.11] Warning: GetSocketWorldLocationAndRotation : Could not find socket 'None' in 'Sov_T3476_Rig_Master'
[1685.11] Warning: GetSocketWorldLocationAndRotation : Could not find socket 'None' in 'Sov_T3476_Rig_Master'
[1685.11] Warning: GetSocketWorldLocationAndRotation : Could not find socket 'None' in 'Sov_T3476_Rig_Master'
[1685.11] Warning: GetSocketWorldLocationAndRotation : Could not find socket 'None' in 'Ger_PZIV_Rig_Master'
[1685.11] Warning: GetSocketWorldLocationAndRotation : Could not find socket 'None' in 'Ger_PZIV_Rig_Master'
[1685.11] Warning: GetSocketWorldLocationAndRotation : Could not find socket 'None' in 'Ger_PZIV_Rig_Master'
[1685.11] Warning: GetSocketWorldLocationAndRotation : Could not find socket 'None' in 'Ger_PZIV_Rig_Master'
[1697.73] Warning: Failed to find notify LoaderRHGun1 on VehicleCrewProxy_355
[1701.56] Warning: Exceeded max active pooled emitters!
[1703.55] Warning: Exceeded max active pooled emitters!
[1703.87] Warning: Failed to find notify LoaderRHGun1 on VehicleCrewProxy_355
[1703.97] Warning: Exceeded max active pooled emitters!
[1704.17] Warning: Exceeded max active pooled emitters!
[1707.18] Warning: Exceeded max active pooled emitters!
[1707.34] Warning: Exceeded max active pooled emitters!
[1710.04] Warning: Failed to find notify LoaderRHGun1 on VehicleCrewProxy_355
[1713.60] Warning: GetSocketWorldLocationAndRotation : Could not find socket 'None' in 'Ger_PZIV_Rig_Master'
[1713.60] Warning: GetSocketWorldLocationAndRotation : Could not find socket 'None' in 'Ger_PZIV_Rig_Master'
[1713.60] Warning: GetSocketWorldLocationAndRotation : Could not find socket 'None' in 'Ger_PZIV_Rig_Master'
[1713.60] Warning: GetSocketWorldLocationAndRotation : Could not find socket 'None' in 'Ger_PZIV_Rig_Master'
[1713.60] Warning: GetSocketWorldLocationAndRotation : Could not find socket 'None' in 'Ger_PZIV_Rig_Master'
[1713.60] Warning: GetSocketWorldLocationAndRotation : Could not find socket 'None' in 'Ger_PZIV_Rig_Master'
[1713.60] Warning: GetSocketWorldLocationAndRotation : Could not find socket 'None' in 'Ger_PZIV_Rig_Master'
[1713.60] Warning: GetSocketWorldLocationAndRotation : Could not find socket 'None' in 'Ger_PZIV_Rig_Master'
[1713.60] Warning: GetSocketWorldLocationAndRotation : Could not find socket 'None' in 'Sov_T3476_Rig_Master'
[1713.60] Warning: GetSocketWorldLocationAndRotation : Could not find socket 'None' in 'Ger_PZIV_Rig_Master'
[1713.60] Warning: GetSocketWorldLocationAndRotation : Could not find socket 'None' in 'Ger_PZIV_Rig_Master'
[1713.60] Warning: GetSocketWorldLocationAndRotation : Could not find socket 'None' in 'Ger_PZIV_Rig_Master'
[1713.60] Warning: GetSocketWorldLocationAndRotation : Could not find socket 'None' in 'Ger_PZIV_Rig_Master'
[1713.87] Warning: GetSocketWorldLocationAndRotation : Could not find socket 'None' in 'Ger_PZIV_Rig_Master'
[1713.87] Warning: GetSocketWorldLocationAndRotation : Could not find socket 'None' in 'Ger_PZIV_Rig_Master'
[1713.87] Warning: GetSocketWorldLocationAndRotation : Could not find socket 'None' in 'Ger_PZIV_Rig_Master'
[1713.87] Warning: GetSocketWorldLocationAndRotation : Could not find socket 'None' in 'Ger_PZIV_Rig_Master'
[1713.87] Warning: GetSocketWorldLocationAndRotation : Could not find socket 'None' in 'Ger_PZIV_Rig_Master'
[1713.87] Warning: GetSocketWorldLocationAndRotation : Could not find socket 'None' in 'Ger_PZIV_Rig_Master'
[1713.87] Warning: GetSocketWorldLocationAndRotation : Could not find socket 'None' in 'Ger_PZIV_Rig_Master'
[1713.87] Warning: GetSocketWorldLocationAndRotation : Could not find socket 'None' in 'Ger_PZIV_Rig_Master'
[1713.87] Warning: GetSocketWorldLocationAndRotation : Could not find socket 'None' in 'Ger_PZIV_Rig_Master'
[1713.87] Warning: GetSocketWorldLocationAndRotation : Could not find socket 'Camera_PeriscopeGunner' in 'Sov_T34_76_Destroyed_Master'
[1713.87] Warning: GetSocketWorldLocationAndRotation : Could not find socket 'None' in 'Sov_T3476_Rig_Master'
[1713.87] Warning: GetSocketWorldLocationAndRotation : Could not find socket 'None' in 'Ger_PZIV_Rig_Master'
[1713.87] Warning: GetSocketWorldLocationAndRotation : Could not find socket 'None' in 'Ger_PZIV_Rig_Master'
[1713.87] Warning: GetSocketWorldLocationAndRotation : Could not find socket 'None' in 'Ger_PZIV_Rig_Master'
[1713.87] Warning: GetSocketWorldLocationAndRotation : Could not find socket 'None' in 'Ger_PZIV_Rig_Master'
[1716.19] Warning: Failed to find notify LoaderRHGun1 on VehicleCrewProxy_355
[1722.65] Warning: Failed to find notify LoaderRHGun1 on VehicleCrewProxy_355
[1730.02] Warning: GetSocketWorldLocationAndRotation : Could not find socket 'None' in 'Ger_PZIV_Rig_Master'
[1730.02] Warning: GetSocketWorldLocationAndRotation : Could not find socket 'None' in 'Ger_PZIV_Rig_Master'
[1730.02] Warning: GetSocketWorldLocationAndRotation : Could not find socket 'None' in 'Ger_PZIV_Rig_Master'
[1730.02] Warning: GetSocketWorldLocationAndRotation : Could not find socket 'None' in 'Ger_PZIV_Rig_Master'
[1730.02] Warning: GetSocketWorldLocationAndRotation : Could not find socket 'None' in 'Ger_PZIV_Rig_Master'
[1730.02] Warning: GetSocketWorldLocationAndRotation : Could not find socket 'None' in 'Ger_PZIV_Rig_Master'
[1730.02] Warning: GetSocketWorldLocationAndRotation : Could not find socket 'None' in 'Ger_PZIV_Destroyed_Master'
[1730.02] Warning: GetSocketWorldLocationAndRotation : Could not find socket 'None' in 'Ger_PZIV_Rig_Master'
[1730.02] Warning: GetSocketWorldLocationAndRotation : Could not find socket 'None' in 'Ger_PZIV_Rig_Master'
[1730.02] Warning: GetSocketWorldLocationAndRotation : Could not find socket 'Camera_PeriscopeGunner' in 'Sov_T34_76_Destroyed_Master'
[1730.02] Warning: GetSocketWorldLocationAndRotation : Could not find socket 'None' in 'Sov_T3476_Rig_Master'
[1730.02] Warning: GetSocketWorldLocationAndRotation : Could not find socket 'None' in 'Ger_PZIV_Rig_Master'
[1730.02] Warning: GetSocketWorldLocationAndRotation : Could not find socket 'None' in 'Ger_PZIV_Rig_Master'
[1730.02] Warning: GetSocketWorldLocationAndRotation : Could not find socket 'None' in 'Ger_PZIV_Rig_Master'
[1730.02] Warning: GetSocketWorldLocationAndRotation : Could not find socket 'None' in 'Ger_PZIV_Rig_Master'
[1732.55] Warning: Failed to find notify LoaderRHGun1 on VehicleCrewProxy_355
[1733.54] Warning: Exceeded max active pooled emitters!
[1733.54] Warning: Exceeded max active pooled emitters!
[1733.55] Warning: Exceeded max active pooled emitters!
[1733.55] Warning: Exceeded max active pooled emitters!
[1733.55] Warning: Exceeded max active pooled emitters!
[1735.55] Warning: GetSocketWorldLocationAndRotation : Could not find socket 'None' in 'Ger_PZIV_Rig_Master'
[1735.55] Warning: GetSocketWorldLocationAndRotation : Could not find socket 'None' in 'Ger_PZIV_Rig_Master'
[1735.55] Warning: GetSocketWorldLocationAndRotation : Could not find socket 'None' in 'Ger_PZIV_Rig_Master'
[1735.55] Warning: GetSocketWorldLocationAndRotation : Could not find socket 'None' in 'Ger_PZIV_Rig_Master'
[1735.55] Warning: GetSocketWorldLocationAndRotation : Could not find socket 'None' in 'Ger_PZIV_Rig_Master'
[1735.55] Warning: GetSocketWorldLocationAndRotation : Could not find socket 'None' in 'Ger_PZIV_Destroyed_Master'
[1735.55] Warning: GetSocketWorldLocationAndRotation : Could not find socket 'None' in 'Ger_PZIV_Rig_Master'
[1735.55] Warning: GetSocketWorldLocationAndRotation : Could not find socket 'None' in 'Ger_PZIV_Destroyed_Master'
[1735.55] Warning: GetSocketWorldLocationAndRotation : Could not find socket 'Camera_PeriscopeGunner' in 'Sov_T34_76_Destroyed_Master'
[1735.55] Warning: GetSocketWorldLocationAndRotation : Could not find socket 'None' in 'Sov_T3476_Rig_Master'
[1735.55] Warning: GetSocketWorldLocationAndRotation : Could not find socket 'None' in 'Ger_PZIV_Rig_Master'
[1735.55] Warning: GetSocketWorldLocationAndRotation : Could not find socket 'None' in 'Ger_PZIV_Rig_Master'
[1735.55] Warning: GetSocketWorldLocationAndRotation : Could not find socket 'None' in 'Ger_PZIV_Rig_Master'
[1735.55] Warning: GetSocketWorldLocationAndRotation : Could not find socket 'None' in 'Ger_PZIV_Rig_Master'
[1740.58] Warning: SpawnActor failed because class ROWeap_PPSH41_SMG is abstract
[1740.58] Warning: SpawnActor failed because class ROWeap_F1_Grenade is abstract
[1740.58] Warning: SpawnActor failed because class ROWeap_M1895_Revolver is abstract
[1747.77] Warning: GetSocketWorldLocationAndRotation : Could not find socket 'None' in 'Ger_PZIV_Rig_Master'
[1747.77] Warning: GetSocketWorldLocationAndRotation : Could not find socket 'None' in 'Sov_T3476_Rig_Master'
[1747.77] Warning: GetSocketWorldLocationAndRotation : Could not find socket 'None' in 'Sov_T3476_Rig_Master'
[1747.77] Warning: GetSocketWorldLocationAndRotation : Could not find socket 'None' in 'Sov_T3476_Rig_Master'
[1747.77] Warning: GetSocketWorldLocationAndRotation : Could not find socket 'None' in 'Ger_PZIV_Rig_Master'
[1747.77] Warning: GetSocketWorldLocationAndRotation : Could not find socket 'None' in 'Ger_PZIV_Rig_Master'
[1747.77] Warning: GetSocketWorldLocationAndRotation : Could not find socket 'None' in 'Ger_PZIV_Rig_Master'
[1747.77] Warning: GetSocketWorldLocationAndRotation : Could not find socket 'None' in 'Ger_PZIV_Rig_Master'
[1747.77] Warning: GetSocketWorldLocationAndRotation : Could not find socket 'None' in 'Ger_PZIV_Rig_Master'
[1747.77] Warning: GetSocketWorldLocationAndRotation : Could not find socket 'None' in 'Ger_PZIV_Rig_Master'
[1747.77] Warning: GetSocketWorldLocationAndRotation : Could not find socket 'Camera_Gunner' in 'Sov_T34_76_Destroyed_Master'
[1747.77] Warning: GetSocketWorldLocationAndRotation : Could not find socket 'None' in 'Sov_T3476_Rig_Master'
[1747.77] Warning: GetSocketWorldLocationAndRotation : Could not find socket 'None' in 'Ger_PZIV_Rig_Master'
[1747.77] Warning: GetSocketWorldLocationAndRotation : Could not find socket 'None' in 'Ger_PZIV_Rig_Master'
[1747.77] Warning: GetSocketWorldLocationAndRotation : Could not find socket 'None' in 'Ger_PZIV_Rig_Master'
[1747.77] Warning: GetSocketWorldLocationAndRotation : Could not find socket 'None' in 'Ger_PZIV_Rig_Master'
[1749.57] Warning: Exceeded max active pooled emitters!
[1749.57] Warning: Exceeded max active pooled emitters!
[1749.57] Warning: Exceeded max active pooled emitters!
[1749.57] Warning: Exceeded max active pooled emitters!
[1751.84] Warning: GetSocketWorldLocationAndRotation : Could not find socket 'None' in 'Sov_T3476_Rig_Master'
[1751.84] Warning: GetSocketWorldLocationAndRotation : Could not find socket 'None' in 'Sov_T3476_Rig_Master'
[1751.84] Warning: GetSocketWorldLocationAndRotation : Could not find socket 'None' in 'Sov_T3476_Rig_Master'
[1751.84] Warning: GetSocketWorldLocationAndRotation : Could not find socket 'None' in 'Ger_PZIV_Rig_Master'
[1751.84] Warning: GetSocketWorldLocationAndRotation : Could not find socket 'None' in 'Ger_PZIV_Rig_Master'
[1751.84] Warning: GetSocketWorldLocationAndRotation : Could not find socket 'None' in 'Ger_PZIV_Rig_Master'
[1751.84] Warning: GetSocketWorldLocationAndRotation : Could not find socket 'None' in 'Ger_PZIV_Rig_Master'
[1751.84] Warning: GetSocketWorldLocationAndRotation : Could not find socket 'None' in 'Ger_PZIV_Rig_Master'
[1751.84] Warning: GetSocketWorldLocationAndRotation : Could not find socket 'None' in 'Ger_PZIV_Rig_Master'
[1751.84] Warning: GetSocketWorldLocationAndRotation : Could not find socket 'None' in 'Ger_PZIV_Rig_Master'
[1751.84] Warning: GetSocketWorldLocationAndRotation : Could not find socket 'None' in 'Ger_PZIV_Destroyed_Master'
[1751.84] Warning: GetSocketWorldLocationAndRotation : Could not find socket 'None' in 'Ger_PZIV_Rig_Master'
[1751.84] Warning: GetSocketWorldLocationAndRotation : Could not find socket 'None' in 'Ger_PZIV_Rig_Master'
[1752.40] Warning: GetSocketWorldLocationAndRotation : Could not find socket 'None' in 'Sov_T3476_Rig_Master'
[1752.40] Warning: GetSocketWorldLocationAndRotation : Could not find socket 'None' in 'Sov_T3476_Rig_Master'
[1752.40] Warning: GetSocketWorldLocationAndRotation : Could not find socket 'None' in 'Sov_T3476_Rig_Master'
[1752.40] Warning: GetSocketWorldLocationAndRotation : Could not find socket 'None' in 'Ger_PZIV_Rig_Master'
[1752.40] Warning: GetSocketWorldLocationAndRotation : Could not find socket 'None' in 'Ger_PZIV_Rig_Master'
[1752.40] Warning: GetSocketWorldLocationAndRotation : Could not find socket 'None' in 'Ger_PZIV_Rig_Master'
[1752.40] Warning: GetSocketWorldLocationAndRotation : Could not find socket 'None' in 'Ger_PZIV_Rig_Master'
[1752.40] Warning: GetSocketWorldLocationAndRotation : Could not find socket 'None' in 'Ger_PZIV_Rig_Master'
[1752.40] Warning: GetSocketWorldLocationAndRotation : Could not find socket 'None' in 'Ger_PZIV_Rig_Master'
[1752.40] Warning: GetSocketWorldLocationAndRotation : Could not find socket 'Camera_Gunner' in 'Sov_T34_76_Destroyed_Master'
[1752.40] Warning: GetSocketWorldLocationAndRotation : Could not find socket 'None' in 'Ger_PZIV_Rig_Master'
[1752.40] Warning: GetSocketWorldLocationAndRotation : Could not find socket 'None' in 'Ger_PZIV_Destroyed_Master'
[1752.40] Warning: GetSocketWorldLocationAndRotation : Could not find socket 'None' in 'Ger_PZIV_Rig_Master'
[1752.40] Warning: GetSocketWorldLocationAndRotation : Could not find socket 'None' in 'Ger_PZIV_Rig_Master'
[1758.86] Warning: SpawnActor failed because class ROWeap_MN9130_Rifle is abstract
[1758.86] Warning: SpawnActor failed because class ROWeap_F1_Grenade is abstract
[1758.86] Warning: SpawnActor failed because class ROWeap_M1895_Revolver is abstract
[1767.19] Warning: Exceeded max active pooled emitters!
[1767.28] Warning: Exceeded max active pooled emitters!
[1767.37] Warning: Exceeded max active pooled emitters!
[1767.37] Warning: Exceeded max active pooled emitters!
[1767.43] Warning: Exceeded max active pooled emitters!
[1767.45] Warning: Exceeded max active pooled emitters!
[1767.57] Warning: Exceeded max active pooled emitters!
[1767.63] Warning: Exceeded max active pooled emitters!
[1767.76] Warning: Exceeded max active pooled emitters!
[1767.79] Warning: Exceeded max active pooled emitters!
[1768.01] Warning: Exceeded max active pooled emitters!
[1771.43] Warning: Exceeded max active pooled emitters!
[1771.48] Warning: Exceeded max active pooled emitters!
[1771.62] Warning: Exceeded max active pooled emitters!
[1771.80] Warning: GetSocketWorldLocationAndRotation : Could not find socket 'None' in 'Ger_PZIV_Rig_Master'
[1771.80] Warning: GetSocketWorldLocationAndRotation : Could not find socket 'None' in 'Sov_T3476_Rig_Master'
[1771.80] Warning: GetSocketWorldLocationAndRotation : Could not find socket 'None' in 'Ger_PZIV_Rig_Master'
[1771.80] Warning: GetSocketWorldLocationAndRotation : Could not find socket 'None' in 'Ger_PZIV_Rig_Master'
[1771.80] Warning: GetSocketWorldLocationAndRotation : Could not find socket 'None' in 'Ger_PZIV_Rig_Master'
[1771.80] Warning: GetSocketWorldLocationAndRotation : Could not find socket 'None' in 'Ger_PZIV_Rig_Master'
[1771.80] Warning: GetSocketWorldLocationAndRotation : Could not find socket 'None' in 'Ger_PZIV_Rig_Master'
[1771.80] Warning: GetSocketWorldLocationAndRotation : Could not find socket 'None' in 'Ger_PZIV_Rig_Master'
[1771.80] Warning: GetSocketWorldLocationAndRotation : Could not find socket 'Camera_Gunner' in 'Sov_T34_76_Destroyed_Master'
[1771.80] Warning: GetSocketWorldLocationAndRotation : Could not find socket 'None' in 'Ger_PZIV_Rig_Master'
[1771.80] Warning: GetSocketWorldLocationAndRotation : Could not find socket 'None' in 'Ger_PZIV_Rig_Master'
[1771.80] Warning: GetSocketWorldLocationAndRotation : Could not find socket 'None' in 'Ger_PZIV_Rig_Master'
[1772.70] Warning: GetSocketWorldLocationAndRotation : Could not find socket 'None' in 'Sov_T3476_Rig_Master'
[1772.70] Warning: GetSocketWorldLocationAndRotation : Could not find socket 'None' in 'Ger_PZIV_Rig_Master'
[1772.70] Warning: GetSocketWorldLocationAndRotation : Could not find socket 'None' in 'Ger_PZIV_Rig_Master'
[1772.70] Warning: GetSocketWorldLocationAndRotation : Could not find socket 'None' in 'Ger_PZIV_Rig_Master'
[1772.70] Warning: GetSocketWorldLocationAndRotation : Could not find socket 'None' in 'Ger_PZIV_Rig_Master'
[1772.70] Warning: GetSocketWorldLocationAndRotation : Could not find socket 'None' in 'Ger_PZIV_Rig_Master'
[1772.70] Warning: GetSocketWorldLocationAndRotation : Could not find socket 'None' in 'Ger_PZIV_Rig_Master'
[1772.70] Warning: GetSocketWorldLocationAndRotation : Could not find socket 'Camera_Gunner' in 'Sov_T34_76_Destroyed_Master'
[1772.70] Warning: GetSocketWorldLocationAndRotation : Could not find socket 'None' in 'Ger_PZIV_Destroyed_Master'
[1772.70] Warning: GetSocketWorldLocationAndRotation : Could not find socket 'None' in 'Ger_PZIV_Rig_Master'
[1772.70] Warning: GetSocketWorldLocationAndRotation : Could not find socket 'None' in 'Ger_PZIV_Rig_Master'
[1777.72] Warning: GetSocketWorldLocationAndRotation : Could not find socket 'Camera_Periscope' in 'Sov_T34_76_Destroyed_Master'
[1777.72] Warning: GetSocketWorldLocationAndRotation : Could not find socket 'None' in 'Sov_T3476_Rig_Master'
[1777.72] Warning: GetSocketWorldLocationAndRotation : Could not find socket 'None' in 'Ger_PZIV_Rig_Master'
[1777.72] Warning: GetSocketWorldLocationAndRotation : Could not find socket 'None' in 'Ger_PZIV_Rig_Master'
[1777.72] Warning: GetSocketWorldLocationAndRotation : Could not find socket 'None' in 'Ger_PZIV_Rig_Master'
[1777.72] Warning: GetSocketWorldLocationAndRotation : Could not find socket 'None' in 'Ger_PZIV_Rig_Master'
[1777.72] Warning: GetSocketWorldLocationAndRotation : Could not find socket 'None' in 'Ger_PZIV_Rig_Master'
[1777.72] Warning: GetSocketWorldLocationAndRotation : Could not find socket 'None' in 'Ger_PZIV_Rig_Master'
[1777.72] Warning: GetSocketWorldLocationAndRotation : Could not find socket 'Camera_Gunner' in 'Sov_T34_76_Destroyed_Master'
[1777.72] Warning: GetSocketWorldLocationAndRotation : Could not find socket 'None' in 'Ger_PZIV_Destroyed_Master'
[1777.72] Warning: GetSocketWorldLocationAndRotation : Could not find socket 'None' in 'Ger_PZIV_Rig_Master'
[1777.72] Warning: GetSocketWorldLocationAndRotation : Could not find socket 'None' in 'Ger_PZIV_Rig_Master'
[1781.67] Warning: Exceeded max active pooled emitters!
[1800.16] Warning: GetSocketWorldLocationAndRotation : Could not find socket 'None' in 'Sov_T3476_Rig_Master'
[1800.16] Warning: GetSocketWorldLocationAndRotation : Could not find socket 'None' in 'Ger_PZIV_Rig_Master'
[1800.16] Warning: GetSocketWorldLocationAndRotation : Could not find socket 'None' in 'Ger_PZIV_Rig_Master'
[1800.16] Warning: GetSocketWorldLocationAndRotation : Could not find socket 'None' in 'Ger_PZIV_Rig_Master'
[1800.16] Warning: GetSocketWorldLocationAndRotation : Could not find socket 'None' in 'Ger_PZIV_Rig_Master'
[1800.16] Warning: GetSocketWorldLocationAndRotation : Could not find socket 'None' in 'Ger_PZIV_Rig_Master'
[1800.16] Warning: GetSocketWorldLocationAndRotation : Could not find socket 'None' in 'Ger_PZIV_Rig_Master'
[1800.16] Warning: GetSocketWorldLocationAndRotation : Could not find socket 'None' in 'Ger_PZIV_Rig_Master'
[1800.16] Warning: GetSocketWorldLocationAndRotation : Could not find socket 'None' in 'Ger_PZIV_Rig_Master'
[1819.07] Warning: GetSocketWorldLocationAndRotation : Could not find socket 'None' in 'Ger_PZIV_Rig_Master'
[1819.07] Warning: GetSocketWorldLocationAndRotation : Could not find socket 'None' in 'Ger_PZIV_Rig_Master'
[1819.07] Warning: GetSocketWorldLocationAndRotation : Could not find socket 'None' in 'Ger_PZIV_Rig_Master'
[1819.07] Warning: GetSocketWorldLocationAndRotation : Could not find socket 'None' in 'Ger_PZIV_Rig_Master'
[1819.07] Warning: GetSocketWorldLocationAndRotation : Could not find socket 'None' in 'Ger_PZIV_Rig_Master'
[1819.07] Warning: GetSocketWorldLocationAndRotation : Could not find socket 'None' in 'Ger_PZIV_Rig_Master'
[1819.07] Warning: GetSocketWorldLocationAndRotation : Could not find socket 'None' in 'Ger_PZIV_Rig_Master'
[1819.07] Warning: GetSocketWorldLocationAndRotation : Could not find socket 'None' in 'Ger_PZIV_Rig_Master'
[1821.48] Warning: Failed to find notify LoaderRHGun1 on VehicleCrewProxy_396
[1824.97] Warning: GetSocketWorldLocationAndRotation : Could not find socket 'None' in 'Ger_PZIV_Rig_Master'
[1824.97] Warning: GetSocketWorldLocationAndRotation : Could not find socket 'None' in 'Ger_PZIV_Rig_Master'
[1824.97] Warning: GetSocketWorldLocationAndRotation : Could not find socket 'None' in 'Ger_PZIV_Rig_Master'
[1824.97] Warning: GetSocketWorldLocationAndRotation : Could not find socket 'None' in 'Ger_PZIV_Rig_Master'
[1824.97] Warning: GetSocketWorldLocationAndRotation : Could not find socket 'None' in 'Ger_PZIV_Rig_Master'
[1824.97] Warning: GetSocketWorldLocationAndRotation : Could not find socket 'None' in 'Ger_PZIV_Rig_Master'
[1824.97] Warning: GetSocketWorldLocationAndRotation : Could not find socket 'None' in 'Ger_PZIV_Rig_Master'
[1824.97] Warning: GetSocketWorldLocationAndRotation : Could not find socket 'Camera_PeriscopeGunner' in 'Sov_T34_76_Body_Destroyed_Master'
[1824.97] Warning: GetSocketWorldLocationAndRotation : Could not find socket 'None' in 'Ger_PZIV_Rig_Master'
[1824.97] Warning: GetSocketWorldLocationAndRotation : Could not find socket 'None' in 'Ger_PZIV_Rig_Master'
[1827.55] Warning: Failed to find notify LoaderRHGun1 on VehicleCrewProxy_396
[1828.65] Warning: GetSocketWorldLocationAndRotation : Could not find socket 'None' in 'Ger_PZIV_Rig_Master'
[1828.65] Warning: GetSocketWorldLocationAndRotation : Could not find socket 'None' in 'Ger_PZIV_Rig_Master'
[1828.65] Warning: GetSocketWorldLocationAndRotation : Could not find socket 'None' in 'Ger_PZIV_Rig_Master'
[1828.65] Warning: GetSocketWorldLocationAndRotation : Could not find socket 'None' in 'Ger_PZIV_Rig_Master'
[1828.65] Warning: GetSocketWorldLocationAndRotation : Could not find socket 'None' in 'Ger_PZIV_Rig_Master'
[1828.65] Warning: GetSocketWorldLocationAndRotation : Could not find socket 'None' in 'Ger_PZIV_Rig_Master'
[1828.65] Warning: GetSocketWorldLocationAndRotation : Could not find socket 'Camera_PeriscopeGunner' in 'Sov_T34_76_Body_Destroyed_Master'
[1828.65] Warning: GetSocketWorldLocationAndRotation : Could not find socket 'None' in 'Ger_PZIV_Rig_Master'
[1828.65] Warning: GetSocketWorldLocationAndRotation : Could not find socket 'None' in 'Ger_PZIV_Destroyed_Master'
[1835.65] Warning: SpawnActor failed because class ROWeap_MN9130_Rifle is abstract
[1835.65] Warning: SpawnActor failed because class ROWeap_F1_Grenade is abstract
[1835.65] Warning: SpawnActor failed because class ROWeap_M1895_Revolver is abstract
[1888.75] Warning: GetSocketWorldLocationAndRotation : Could not find socket 'None' in 'Ger_PZIV_Rig_Master'
[1888.75] Warning: GetSocketWorldLocationAndRotation : Could not find socket 'None' in 'Sov_T3476_Rig_Master'
[1888.75] Warning: GetSocketWorldLocationAndRotation : Could not find socket 'None' in 'Sov_T3476_Rig_Master'
[1888.75] Warning: GetSocketWorldLocationAndRotation : Could not find socket 'None' in 'Sov_T3476_Rig_Master'
[1888.75] Warning: GetSocketWorldLocationAndRotation : Could not find socket 'None' in 'Sov_T3476_Rig_Master'
[1888.75] Warning: GetSocketWorldLocationAndRotation : Could not find socket 'None' in 'Sov_T3476_Rig_Master'
[1888.75] Warning: GetSocketWorldLocationAndRotation : Could not find socket 'None' in 'Ger_PZIV_Rig_Master'
[1888.75] Warning: GetSocketWorldLocationAndRotation : Could not find socket 'None' in 'Ger_PZIV_Rig_Master'
[1888.75] Warning: GetSocketWorldLocationAndRotation : Could not find socket 'None' in 'Ger_PZIV_Rig_Master'
[1888.75] Warning: GetSocketWorldLocationAndRotation : Could not find socket 'None' in 'Ger_PZIV_Rig_Master'
[1888.75] Warning: GetSocketWorldLocationAndRotation : Could not find socket 'None' in 'Ger_PZIV_Rig_Master'
[1888.75] Warning: GetSocketWorldLocationAndRotation : Could not find socket 'None' in 'Ger_PZIV_Rig_Master'
[1888.75] Warning: GetSocketWorldLocationAndRotation : Could not find socket 'None' in 'Ger_PZIV_Rig_Master'
[1888.82] Warning: GetSocketWorldLocationAndRotation : Could not find socket 'Exhaust' in 'Ger_PZIV_Destroyed_Master'
[1891.31] Warning: Failed to find notify LoaderRHGun1 on VehicleCrewProxy_397
[1897.66] Warning: Failed to find notify LoaderRHGun1 on VehicleCrewProxy_397
[1902.17] Warning: GetSocketWorldLocationAndRotation : Could not find socket 'None' in 'Sov_T3476_Rig_Master'
[1902.17] Warning: GetSocketWorldLocationAndRotation : Could not find socket 'None' in 'Sov_T3476_Rig_Master'
[1902.17] Warning: GetSocketWorldLocationAndRotation : Could not find socket 'None' in 'Sov_T3476_Rig_Master'
[1902.17] Warning: GetSocketWorldLocationAndRotation : Could not find socket 'None' in 'Sov_T3476_Rig_Master'
[1902.17] Warning: GetSocketWorldLocationAndRotation : Could not find socket 'None' in 'Sov_T3476_Rig_Master'
[1902.17] Warning: GetSocketWorldLocationAndRotation : Could not find socket 'None' in 'Ger_PZIV_Rig_Master'
[1902.17] Warning: GetSocketWorldLocationAndRotation : Could not find socket 'None' in 'Ger_PZIV_Rig_Master'
[1902.17] Warning: GetSocketWorldLocationAndRotation : Could not find socket 'None' in 'Ger_PZIV_Rig_Master'
[1902.17] Warning: GetSocketWorldLocationAndRotation : Could not find socket 'None' in 'Ger_PZIV_Rig_Master'
[1902.17] Warning: GetSocketWorldLocationAndRotation : Could not find socket 'None' in 'Ger_PZIV_Rig_Master'
[1902.17] Warning: GetSocketWorldLocationAndRotation : Could not find socket 'None' in 'Ger_PZIV_Rig_Master'
[1902.17] Warning: GetSocketWorldLocationAndRotation : Could not find socket 'None' in 'Ger_PZIV_Destroyed_Master'
[1902.56] Warning: GetSocketWorldLocationAndRotation : Could not find socket 'Exhaust' in 'Sov_T34_76_Destroyed_Master'
[1903.68] Warning: Failed to find notify LoaderRHGun1 on VehicleCrewProxy_397
[1909.73] Warning: Failed to find notify LoaderRHGun1 on VehicleCrewProxy_397
[1915.95] Warning: Failed to find notify LoaderRHGun1 on VehicleCrewProxy_397
[1919.56] Warning: GetSocketWorldLocationAndRotation : Could not find socket 'None' in 'Ger_PZIV_Rig_Master'
[1919.56] Warning: GetSocketWorldLocationAndRotation : Could not find socket 'None' in 'Sov_T3476_Rig_Master'
[1919.56] Warning: GetSocketWorldLocationAndRotation : Could not find socket 'None' in 'Sov_T3476_Rig_Master'
[1919.56] Warning: GetSocketWorldLocationAndRotation : Could not find socket 'None' in 'Sov_T3476_Rig_Master'
[1919.56] Warning: GetSocketWorldLocationAndRotation : Could not find socket 'None' in 'Ger_PZIV_Rig_Master'
[1919.56] Warning: GetSocketWorldLocationAndRotation : Could not find socket 'None' in 'Ger_PZIV_Rig_Master'
[1919.56] Warning: GetSocketWorldLocationAndRotation : Could not find socket 'None' in 'Ger_PZIV_Rig_Master'
[1919.56] Warning: GetSocketWorldLocationAndRotation : Could not find socket 'None' in 'Ger_PZIV_Rig_Master'
[1919.56] Warning: GetSocketWorldLocationAndRotation : Could not find socket 'None' in 'Ger_PZIV_Rig_Master'
[1919.56] Warning: GetSocketWorldLocationAndRotation : Could not find socket 'None' in 'Ger_PZIV_Rig_Master'
[1919.56] Warning: GetSocketWorldLocationAndRotation : Could not find socket 'None' in 'Ger_PZIV_Destroyed_Master'
[1922.13] Warning: Failed to find notify LoaderRHGun1 on VehicleCrewProxy_397
[1927.12] Warning: GetSocketWorldLocationAndRotation : Could not find socket 'None' in 'Sov_T3476_Rig_Master'
[1927.12] Warning: GetSocketWorldLocationAndRotation : Could not find socket 'None' in 'Sov_T3476_Rig_Master'
[1927.12] Warning: GetSocketWorldLocationAndRotation : Could not find socket 'None' in 'Sov_T3476_Rig_Master'
[1927.12] Warning: GetSocketWorldLocationAndRotation : Could not find socket 'None' in 'Sov_T3476_Rig_Master'
[1927.12] Warning: GetSocketWorldLocationAndRotation : Could not find socket 'None' in 'Ger_PZIV_Rig_Master'
[1927.12] Warning: GetSocketWorldLocationAndRotation : Could not find socket 'None' in 'Ger_PZIV_Rig_Master'
[1927.12] Warning: GetSocketWorldLocationAndRotation : Could not find socket 'None' in 'Ger_PZIV_Destroyed_Master'
[1927.12] Warning: GetSocketWorldLocationAndRotation : Could not find socket 'None' in 'Ger_PZIV_Rig_Master'
[1927.12] Warning: GetSocketWorldLocationAndRotation : Could not find socket 'None' in 'Ger_PZIV_Rig_Master'
[1927.12] Warning: GetSocketWorldLocationAndRotation : Could not find socket 'None' in 'Ger_PZIV_Rig_Master'
[1927.12] Warning: GetSocketWorldLocationAndRotation : Could not find socket 'None' in 'Ger_PZIV_Destroyed_Master'
[1927.12] Warning: GetSocketWorldLocationAndRotation : Could not find socket 'Exhaust' in 'Sov_T34_76_Destroyed_Master'
[1928.44] Warning: Exceeded max active pooled emitters!
[1928.49] Warning: Failed to find notify LoaderRHGun1 on VehicleCrewProxy_397
[1933.42] Warning: GetSocketWorldLocationAndRotation : Could not find socket 'None' in 'Sov_T3476_Rig_Master'
[1933.42] Warning: GetSocketWorldLocationAndRotation : Could not find socket 'None' in 'Sov_T3476_Rig_Master'
[1933.42] Warning: GetSocketWorldLocationAndRotation : Could not find socket 'None' in 'Sov_T34_76_Destroyed_Master'
[1933.42] Warning: GetSocketWorldLocationAndRotation : Could not find socket 'None' in 'Sov_T3476_Rig_Master'
[1933.42] Warning: GetSocketWorldLocationAndRotation : Could not find socket 'None' in 'Ger_PZIV_Rig_Master'
[1933.42] Warning: GetSocketWorldLocationAndRotation : Could not find socket 'None' in 'Ger_PZIV_Rig_Master'
[1933.42] Warning: GetSocketWorldLocationAndRotation : Could not find socket 'None' in 'Ger_PZIV_Destroyed_Master'
[1933.42] Warning: GetSocketWorldLocationAndRotation : Could not find socket 'None' in 'Ger_PZIV_Rig_Master'
[1933.42] Warning: GetSocketWorldLocationAndRotation : Could not find socket 'None' in 'Ger_PZIV_Rig_Master'
[1933.42] Warning: GetSocketWorldLocationAndRotation : Could not find socket 'None' in 'Ger_PZIV_Rig_Master'
[1933.42] Warning: GetSocketWorldLocationAndRotation : Could not find socket 'None' in 'Ger_PZIV_Destroyed_Master'
[1934.32] Warning: Exceeded max active pooled emitters!
[1934.50] Warning: Failed to find notify LoaderRHGun1 on VehicleCrewProxy_397
[1934.81] Warning: Exceeded max active pooled emitters!
[1935.11] Warning: Exceeded max active pooled emitters!
[1935.11] Warning: Exceeded max active pooled emitters!
[1935.15] Warning: Exceeded max active pooled emitters!
[1935.15] Warning: Exceeded max active pooled emitters!
[1938.89] Warning: Exceeded max active pooled emitters!
[1938.89] Warning: Exceeded max active pooled emitters!
[1938.89] Warning: Exceeded max active pooled emitters!
[1938.89] Warning: Exceeded max active pooled emitters!
[1938.89] Warning: Exceeded max active pooled emitters!
[1939.30] Warning: Exceeded max active pooled emitters!
[1939.30] Warning: Exceeded max active pooled emitters!
[1939.31] Warning: Exceeded max active pooled emitters!
[1940.98] Warning: Failed to find notify LoaderRHGun1 on VehicleCrewProxy_397
[1943.91] Warning: Exceeded max active pooled emitters!
[1943.92] Warning: Exceeded max active pooled emitters!
[1943.92] Warning: Exceeded max active pooled emitters!
[1943.92] Warning: Exceeded max active pooled emitters!
[1943.92] Warning: Exceeded max active pooled emitters!
[1943.92] Warning: Exceeded max active pooled emitters!
[1943.92] Warning: Exceeded max active pooled emitters!
[1943.92] Warning: Exceeded max active pooled emitters!
[1943.92] Warning: Exceeded max active pooled emitters!
[1943.92] Warning: Exceeded max active pooled emitters!
[1943.92] Warning: GetSocketWorldLocationAndRotation : Could not find socket 'None' in 'Sov_T3476_Rig_Master'
[1943.92] Warning: GetSocketWorldLocationAndRotation : Could not find socket 'None' in 'Sov_T3476_Rig_Master'
[1943.92] Warning: GetSocketWorldLocationAndRotation : Could not find socket 'Camera_Periscope' in 'Sov_T34_76_Destroyed_Master'
[1943.92] Warning: GetSocketWorldLocationAndRotation : Could not find socket 'None' in 'Sov_T3476_Rig_Master'
[1943.92] Warning: GetSocketWorldLocationAndRotation : Could not find socket 'None' in 'Ger_PZIV_Rig_Master'
[1943.92] Warning: GetSocketWorldLocationAndRotation : Could not find socket 'None' in 'Ger_PZIV_Rig_Master'
[1943.92] Warning: GetSocketWorldLocationAndRotation : Could not find socket 'None' in 'Ger_PZIV_Destroyed_Master'
[1943.92] Warning: GetSocketWorldLocationAndRotation : Could not find socket 'None' in 'Ger_PZIV_Rig_Master'
[1943.92] Warning: GetSocketWorldLocationAndRotation : Could not find socket 'None' in 'Ger_PZIV_Rig_Master'
[1943.92] Warning: GetSocketWorldLocationAndRotation : Could not find socket 'None' in 'Ger_PZIV_Rig_Master'
[1943.92] Warning: GetSocketWorldLocationAndRotation : Could not find socket 'None' in 'Ger_PZIV_Destroyed_Master'
[1943.92] Warning: Exceeded max active pooled emitters!
[1950.93] Warning: SpawnActor failed because class ROWeap_MN9130_Rifle is abstract
[1950.93] Warning: SpawnActor failed because class ROWeap_F1_Grenade is abstract
[1950.93] Warning: SpawnActor failed because class ROWeap_M1895_Revolver is abstract
[1960.18] Warning: Failed to find notify LoaderRHGun1 on VehicleCrewProxy_422
[1962.23] Warning: Exceeded max active pooled emitters!
[1963.58] Warning: GetSocketWorldLocationAndRotation : Could not find socket 'None' in 'Ger_PZIV_Rig_Master'
[1963.58] Warning: GetSocketWorldLocationAndRotation : Could not find socket 'None' in 'Sov_T3476_Rig_Master'
[1963.58] Warning: GetSocketWorldLocationAndRotation : Could not find socket 'None' in 'Sov_T3476_Rig_Master'
[1963.58] Warning: GetSocketWorldLocationAndRotation : Could not find socket 'Camera_Periscope' in 'Sov_T34_76_Destroyed_Master'
[1963.58] Warning: GetSocketWorldLocationAndRotation : Could not find socket 'None' in 'Sov_T3476_Rig_Master'
[1963.58] Warning: GetSocketWorldLocationAndRotation : Could not find socket 'None' in 'Ger_PZIV_Rig_Master'
[1963.58] Warning: GetSocketWorldLocationAndRotation : Could not find socket 'None' in 'Ger_PZIV_Rig_Master'
[1963.58] Warning: GetSocketWorldLocationAndRotation : Could not find socket 'None' in 'Ger_PZIV_Rig_Master'
[1963.58] Warning: GetSocketWorldLocationAndRotation : Could not find socket 'None' in 'Ger_PZIV_Rig_Master'
[1963.58] Warning: GetSocketWorldLocationAndRotation : Could not find socket 'None' in 'Ger_PZIV_Rig_Master'
[1964.10] Warning: GetSocketWorldLocationAndRotation : Could not find socket 'Exhaust' in 'Ger_PZIV_Destroyed_Master'
[1966.20] Warning: Failed to find notify LoaderRHGun1 on VehicleCrewProxy_422
[1966.37] Warning: Exceeded max active pooled emitters!
[1984.02] Warning: Exceeded max active pooled emitters!
[1984.07] Warning: Exceeded max active pooled emitters!
[1984.34] Warning: Exceeded max active pooled emitters!
[1989.37] Warning: Exceeded max active pooled emitters!
[1992.64] Warning: Exceeded max active pooled emitters!
[1992.64] Warning: Exceeded max active pooled emitters!
[1994.07] Warning: Exceeded max active pooled emitters!
[1994.14] Warning: Exceeded max active pooled emitters!
[1998.68] Warning: Exceeded max active pooled emitters!
[1999.10] Warning: Exceeded max active pooled emitters!
[1999.10] Warning: Exceeded max active pooled emitters!
[1999.17] Warning: Exceeded max active pooled emitters!
[1999.44] Warning: GetSocketWorldLocationAndRotation : Could not find socket 'None' in 'Sov_T3476_Rig_Master'
[1999.44] Warning: GetSocketWorldLocationAndRotation : Could not find socket 'None' in 'Sov_T3476_Rig_Master'
[1999.44] Warning: GetSocketWorldLocationAndRotation : Could not find socket 'None' in 'Ger_PZIV_Rig_Master'
[1999.44] Warning: GetSocketWorldLocationAndRotation : Could not find socket 'None' in 'Ger_PZIV_Rig_Master'
[1999.44] Warning: GetSocketWorldLocationAndRotation : Could not find socket 'None' in 'Ger_PZIV_Rig_Master'
[1999.44] Warning: GetSocketWorldLocationAndRotation : Could not find socket 'None' in 'Ger_PZIV_Rig_Master'
[2004.20] Warning: Exceeded max active pooled emitters!
[2008.66] Warning: GetSocketWorldLocationAndRotation : Could not find socket 'None' in 'Ger_PZIV_Rig_Master'
[2008.66] Warning: GetSocketWorldLocationAndRotation : Could not find socket 'None' in 'Sov_T3476_Rig_Master'
[2008.66] Warning: GetSocketWorldLocationAndRotation : Could not find socket 'None' in 'Sov_T3476_Rig_Master'
[2008.66] Warning: GetSocketWorldLocationAndRotation : Could not find socket 'Camera_PeriscopeGunner' in 'Sov_T34_76_Destroyed_Master'
[2008.66] Warning: GetSocketWorldLocationAndRotation : Could not find socket 'None' in 'Ger_PZIV_Rig_Master'
[2008.66] Warning: GetSocketWorldLocationAndRotation : Could not find socket 'None' in 'Ger_PZIV_Rig_Master'
[2008.66] Warning: GetSocketWorldLocationAndRotation : Could not find socket 'None' in 'Ger_PZIV_Rig_Master'
[2008.66] Warning: GetSocketWorldLocationAndRotation : Could not find socket 'None' in 'Ger_PZIV_Rig_Master'
[2011.44] Warning: Failed to find notify LoaderRHGun1 on VehicleCrewProxy_422
[2033.21] Warning: Failed to find notify LoaderRHGun1 on VehicleCrewProxy_422
[2036.97] Warning: Exceeded max active pooled emitters!
[2039.36] Warning: Failed to find notify LoaderRHGun1 on VehicleCrewProxy_422
[2045.55] Warning: Failed to find notify LoaderRHGun1 on VehicleCrewProxy_422
[2051.65] Warning: Failed to find notify LoaderRHGun1 on VehicleCrewProxy_422
[2057.66] Warning: Failed to find notify LoaderRHGun1 on VehicleCrewProxy_422
[2061.36] Warning: Exceeded max active pooled emitters!
[2063.75] Warning: Failed to find notify LoaderRHGun1 on VehicleCrewProxy_422
[2067.49] Warning: GetSocketWorldLocationAndRotation : Could not find socket 'None' in 'Ger_PZIV_Rig_Master'
[2067.49] Warning: GetSocketWorldLocationAndRotation : Could not find socket 'None' in 'Sov_T3476_Rig_Master'
[2067.49] Warning: GetSocketWorldLocationAndRotation : Could not find socket 'None' in 'Sov_T3476_Rig_Master'
[2067.49] Warning: GetSocketWorldLocationAndRotation : Could not find socket 'None' in 'Sov_T3476_Rig_Master'
[2067.49] Warning: GetSocketWorldLocationAndRotation : Could not find socket 'None' in 'Sov_T3476_Rig_Master'
[2067.49] Warning: GetSocketWorldLocationAndRotation : Could not find socket 'None' in 'Ger_PZIV_Rig_Master'
[2067.49] Warning: GetSocketWorldLocationAndRotation : Could not find socket 'None' in 'Ger_PZIV_Body_Destroyed_Master'
[2067.49] Warning: GetSocketWorldLocationAndRotation : Could not find socket 'None' in 'Ger_PZIV_Rig_Master'
[2067.49] Warning: GetSocketWorldLocationAndRotation : Could not find socket 'None' in 'Ger_PZIV_Rig_Master'
[2067.49] Warning: Exceeded max active pooled emitters!
[2069.89] Warning: Failed to find notify LoaderRHGun1 on VehicleCrewProxy_422
[2130.30] Exit: Preparing to exit.
[2130.61] Exit: Game engine shut down
[2130.73] Exit: Windows client shut down
[2130.79] Exit: XAudio2 Device shut down.
[2130.91] Exit: Object subsystem successfully closed.
[2130.99] DevDataBase: Spent 0.000032 seconds communicating with "Provider=sqloledb;Data Source=production-db;Initial Catalog=EngineTaskPerf;Trusted_Connection=Yes;Connection Timeout=2" or "10.1.20.20"
[2130.99] Exit: Exiting.
