[0000.49] Log: Log file open, 10/12/25 19:45:02
[0000.49] Log:  ... running in INSTALLED mode
[0000.49] Init: Computer: COMPUTER
[0000.50] Init: User: TeMeR
[0000.50] Init: CPU Page size=4096, Processors=16
[0000.50] Init: High frequency timer resolution =10.000000 MHz
[0000.50] Init: Memory total: Physical=63.9GB Pagefile=71.9GB Virtual=4.0GB
[0000.50] Init: WinSock: version 1.1 (2.2), MaxSocks=32767, MaxUdp=65467
[0000.53] Init: WinSock: I am Computer (172.28.96.1:0)
[0000.53] Init: Presizing for 90984 objects not considered by GC, pre-allocating 0 bytes.
[0000.53] Init: Object subsystem initialized
[0000.53] Init: Version: 6699
[0000.53] Init: Epic Internal: 0
[0000.53] Init: Compiled (32-bit): Apr 26 2011 11:41:54
[0000.53] Init: Changelist: 95581
[0000.53] Init: Command line:  -DEFENGINEINI=..\..\DFGame\Config\DefaultEngineGameSpy.ini
[0000.53] Init: Base directory: S:\SteamLibrary\steamapps\common\Hunted\BINARIES\WIN32\
[0000.53] Init: INXILE_CURRENTLANGUAGESET: INXILE_LANGUAGESET_EFS(2)
[0004.09] Log: *** Dumping Known Language Extensions:
[0004.09] Log: 	 0: INT
[0004.09] Log: 	 1: FRA
[0004.09] Log: 	 2: ESN
[0004.09] Log: *** Determining the current language index...
[0004.09] Warning: Warning, 	Found INT at index 0
[0004.09] Log: 	Found language INT at index  0!
[0004.52] Warning: Warning, Failed to load Outer for resource 'ReturnValue': Function OnlineSubsystemGameSpy.OnlineSubsystemGameSpy:GetPlayerNickname
[0007.33] DevOnline: Codec Info: SamplesPerFrame (320), EncodedFrameSize (32), BitsPerSecond(12800)
[0007.41] DevOnline: Found 3 capture devices:
[0007.41] DevOnline: Found device (8:@>D>= (NVIDIA Broadcast)) of type capture
[0007.41] DevOnline: Found device (8:@>D>= (Usb Audio Device)) of type capture
[0007.41] DevOnline: Found device (8:@>D>= (Steam Streaming Microphone)) of type capture
[0007.43] DevOnline: Using voice capture device (8:@>D>= (NVIDIA Broadcast))
[0007.43] DevOnline: Found 6 playback devices:
[0007.43] DevOnline: Found device (0CH=8:8 (Philips TAH5209 Stereo)) of type playback
[0007.43] DevOnline: Found device (8=0<8:8 (Realtek(R) Audio)) of type playback
[0007.43] DevOnline: Found device (Speakers (NVIDIA Broadcast)) of type playback
[0007.43] DevOnline: Found device (8=0<8:8 (Steam Streaming Microphone)) of type playback
[0007.43] DevOnline: Found device (8=0<8:8 (Steam Streaming Speakers)) of type playback
[0007.43] DevOnline: Found device (Realtek Digital Output (Realtek(R) Audio)) of type playback
[0007.44] DevOnline: Using voice playback device (0CH=8:8 (Philips TAH5209 Stereo))
[0007.45] DevOnline: VolumeThreshold is set to 0.200000
[0007.45] DevOnline: Initializing GameSpy
[0007.62] DevOnline: GameSpy availability check returned 0x00000001
[0007.62] DevOnline: gpInitialize() returned 0x00000000
[0007.62] DevOnline: sakeStartup() returned 0x00000000
[0007.62] DevOnline: scInitialize() returned 0x00000000
[0007.62] DevOnline: Initialization of GameSpy successful
[0007.62] DevOnline: Signing into the local profile Player
[0007.68] Warning: Warning, Failed to load 'Class DFGame.DataStoreDFFlat': Failed to find object 'Class DFGame.DataStoreDFFlat'
[0007.68] Warning: Warning, Failed to find object 'Class DFGame.DataStoreDFFlat'
[0007.68] Warning: Failed to load GlobalDataStoreClass 'DFGame.DataStoreDFFlat'
[0007.69] Warning: Warning, Failed to load 'Class Engine.PlayerOwnerDataStore': Failed to find object 'Class Engine.PlayerOwnerDataStore'
[0007.69] Warning: Warning, Failed to find object 'Class Engine.PlayerOwnerDataStore'
[0007.69] Warning: Failed to load player data store class 'Engine.PlayerOwnerDataStore'
[0007.69] Log: UinXileUGCManager::Init(PlayerControllerID=0)
[0007.74] Log: LoadMap: MainMenu?Name=Player?team=255
[0007.75] DevMemory: Virtual  memory allocation size: 295.61 MByte (309964800 Bytes)
[0008.10] Log: Game class is 'DFMenuGame'
[0008.30] Log: Creating Primary PhysX Scene.
[0008.30] Log: *** WARNING - PATHS MAY NOT BE VALID ***
[0008.30] Log: Bringing World MainMenu.TheWorld up for play (0) at 2025.10.12-19.45.10
[0008.30] Log: Bringing up level for play took: 0.201117
[0008.31] DevOnline: RegisterRemoteTalker(0x0000000000000000) returned 0x00000000
[0008.31] DevOnline: StartRemoteVoiceProcessing(0x0000000000000000) returned 0x00000000
[0008.31] DevOnline: Logging out for Player
[0008.31] DevOnline: Signing into profile Player locally
[0008.31] Log: ########### Finished loading level: 0.567594 seconds
[0010.65] Log: >>>>>>>>>>>>>> Initial startup: 10.65s <<<<<<<<<<<<<<<
[0010.66]  [DFProdigy] : [MainMenu->DFP_MainMenu_2] InitCrowdSpawner, Missing Spawn locations 
[0010.66] Log: ShowLoadingMovie bShowMovie[0] LoadingMovieName[LoadingMovie] 
[0010.69] Error: Can't start an online game that hasn't been created
[0010.69] Log: Changing subtitle setting, new value: 1
[0010.69] Warning: GetBoneMatrix : BoneIndex(65) out of range of ParentBoneMap for inXileForgedMeshComponent_7
[0010.69] Log: Issuing preload for ..\..\DFGame\CookedPC\EFFIGYTEMPLATES\PAWNQUIPGROUP_WARRIOR3_SF_LOC_INT.UPK
[0010.69] Log: Issuing preload for ..\..\DFGame\CookedPC\EFFIGYTEMPLATES\PAWNQUIPGROUP_WARRIOR3_SF.UPK
[0010.69] Log: Issuing preload for ..\..\DFGame\CookedPC\EFFIGYTEMPLATES\PAWNQUIPGROUP_HUNTRESS1_SF_LOC_INT.UPK
[0010.69] Log: Issuing preload for ..\..\DFGame\CookedPC\EFFIGYTEMPLATES\PAWNQUIPGROUP_HUNTRESS1_SF.UPK
[0010.69] Log: Issuing preload for ..\..\DFGame\CookedPC\EFFIGYTEMPLATES\PAWNQUIPGROUP_WARGAR3_SF_LOC_INT.UPK
[0010.69] Log: Issuing preload for ..\..\DFGame\CookedPC\EFFIGYTEMPLATES\PAWNQUIPGROUP_WARGAR3_SF.UPK
[0010.70] Log: Flushing async loaders.
[0011.02] Warning: Warning, Failed to load 'SwfMovie ?INT?GFxUI.IME.MoviePath?': Failed to find object 'SwfMovie ?INT?GFxUI.IME.MoviePath?'
[0011.02] Log: GFx attempted to load missing object [?INT?GFxUI.IME.MoviePath?]
[0011.64] DevOnline: Logging out for Player
[0011.64] DevOnline: Signing into profile Player locally
[0011.66] DevOnline: Logging out for Player
[0011.66] DevOnline: Signing into profile Player locally
[0011.66] Warning: Warning, Failed to load 'SwfMovie ?INT?GFxUI.IME.MoviePath?': Failed to find object 'SwfMovie ?INT?GFxUI.IME.MoviePath?'
[0011.66] Log: GFx attempted to load missing object [?INT?GFxUI.IME.MoviePath?]
[0011.83] Log: Changing subtitle setting, new value: 1
[0012.22] ScriptWarning: Accessed None 'DFPawn'
	DFPlayerInput MainMenu.TheWorld:PersistentLevel.DFPlayerController_Menu_0.DFPlayerInput_0
	Function DFGame.DFPlayerInput:PostButtonPressLeftMouseButton:0066
[0012.22] ScriptWarning: Accessed None 'DFPawn'
	DFPlayerInput MainMenu.TheWorld:PersistentLevel.DFPlayerController_Menu_0.DFPlayerInput_0
	Function DFGame.DFPlayerInput:PostButtonPressLeftMouseButton:00B5
[0012.22] ScriptWarning: Accessed None 'DFPawn'
	DFPlayerInput MainMenu.TheWorld:PersistentLevel.DFPlayerController_Menu_0.DFPlayerInput_0
	Function DFGame.DFPlayerInput:PostButtonPressXButton:0079
[0012.22] ScriptWarning: Accessed None 'DFPawn'
	DFPlayerInput MainMenu.TheWorld:PersistentLevel.DFPlayerController_Menu_0.DFPlayerInput_0
	Function DFGame.DFPlayerInput:PostButtonPressXButton:0247
[0012.22] ScriptWarning: Accessed None 'Pawn'
	DFPlayerInput MainMenu.TheWorld:PersistentLevel.DFPlayerController_Menu_0.DFPlayerInput_0
	Function DFGame.DFPlayerInput:TrySkillSwitch:0032
[0012.42] ScriptWarning: Accessed None 'DFPawn'
	DFPlayerInput MainMenu.TheWorld:PersistentLevel.DFPlayerController_Menu_0.DFPlayerInput_0
	Function DFGame.DFPlayerInput:PostButtonPressLeftMouseButton:0066
[0012.42] ScriptWarning: Accessed None 'DFPawn'
	DFPlayerInput MainMenu.TheWorld:PersistentLevel.DFPlayerController_Menu_0.DFPlayerInput_0
	Function DFGame.DFPlayerInput:PostButtonPressLeftMouseButton:00B5
[0012.42] ScriptWarning: Accessed None 'DFPawn'
	DFPlayerInput MainMenu.TheWorld:PersistentLevel.DFPlayerController_Menu_0.DFPlayerInput_0
	Function DFGame.DFPlayerInput:PostButtonPressXButton:0079
[0012.42] ScriptWarning: Accessed None 'DFPawn'
	DFPlayerInput MainMenu.TheWorld:PersistentLevel.DFPlayerController_Menu_0.DFPlayerInput_0
	Function DFGame.DFPlayerInput:PostButtonPressXButton:0247
[0012.42] ScriptWarning: Accessed None 'Pawn'
	DFPlayerInput MainMenu.TheWorld:PersistentLevel.DFPlayerController_Menu_0.DFPlayerInput_0
	Function DFGame.DFPlayerInput:TrySkillSwitch:0032
[0013.96] Warning: Warning, Failed to load 'SwfMovie ?INT?GFxUI.IME.MoviePath?': Failed to find object 'SwfMovie ?INT?GFxUI.IME.MoviePath?'
[0013.96] Log: GFx attempted to load missing object [?INT?GFxUI.IME.MoviePath?]
[0015.42] ScriptWarning: Accessed None 'Pawn'
	DFPlayerInput MainMenu.TheWorld:PersistentLevel.DFPlayerController_Menu_0.DFPlayerInput_0
	Function DFGame.DFPlayerInput:ReleasedDPad:0037
[0015.42] Warning: Warning, Failed to load 'SwfMovie ?INT?GFxUI.IME.MoviePath?': Failed to find object 'SwfMovie ?INT?GFxUI.IME.MoviePath?'
[0015.42] Log: GFx attempted to load missing object [?INT?GFxUI.IME.MoviePath?]
[0016.33] Log: S:\SteamLibrary\steamapps\common\Hunted\BINARIES\WIN32\../../DFGame/
[0017.36] Warning: Warning, Failed to load 'SwfMovie ?INT?GFxUI.IME.MoviePath?': Failed to find object 'SwfMovie ?INT?GFxUI.IME.MoviePath?'
[0017.36] Log: GFx attempted to load missing object [?INT?GFxUI.IME.MoviePath?]
[0018.23] Warning: Warning, Failed to load 'SwfMovie ?INT?GFxUI.IME.MoviePath?': Failed to find object 'SwfMovie ?INT?GFxUI.IME.MoviePath?'
[0018.23] Log: GFx attempted to load missing object [?INT?GFxUI.IME.MoviePath?]
[0022.73] Log: ShowLoadingMovie bShowMovie[1] LoadingMovieName[LoadingMovie] 
[0022.76] Log: LoadMap: MultiplayerMenu?listen?game=DFGame.DFGameInfo_PACTUGC?LoadSection=44?LoadSubsection=0
[0022.80] DevMemory: Virtual  memory allocation size: 294.13 MByte (308420608 Bytes)
[0022.92] Log: Game class is 'DFGameInfo_PACTUGC'
[0022.93] Log: NetMode is now 2
[0022.94] Log: Creating Primary PhysX Scene.
[0022.94] Log: Bringing World MultiplayerMenu.TheWorld up for play (0) at 2025.10.12-19.45.25
[0022.94] Log: Bringing up level for play took: 0.008679
[0022.94] DevOnline: Remote talker is being re-registered
[0022.94] DevOnline: StartRemoteVoiceProcessing(0x0000000000000000) returned 0x00000000
[0022.94] DevOnline: Using cached profile data instead of reading
[0022.94] Error: Can't end an online game that hasn't been created
[0022.94] Error: Can't end an online game that hasn't been created
[0022.94] DevOnline: Listening for lan beacon requests on 6777
[0022.94] DevOnline: RegisterLocalTalker(0) returned 0x80004005
[0022.94] DevOnline: Listening for lan beacon requests on 6777
[0022.95] Log: ShowLoadingMovie bShowMovie[0] LoadingMovieName[LoadingMovie] 
[0022.97] Log: ########### Finished loading level: 0.203360 seconds
[0023.00] Log: Kismet:  "KMSK_ Level Loaded and Visible"KMSK - Kismet is now visible
[0023.00] Log: Issuing preload for ..\..\DFGame\CookedPC\EFFIGYTEMPLATES\PAWNQUIPGROUP_WARRIOR2_SF_LOC_INT.UPK
[0023.00] Log: Issuing preload for ..\..\DFGame\CookedPC\EFFIGYTEMPLATES\PAWNQUIPGROUP_WARRIOR2_SF.UPK
[0023.00] Log: Issuing preload for ..\..\DFGame\CookedPC\EFFIGYTEMPLATES\PAWNQUIPGROUP_HUNTRESS2_SF_LOC_INT.UPK
[0023.00] Log: Issuing preload for ..\..\DFGame\CookedPC\EFFIGYTEMPLATES\PAWNQUIPGROUP_HUNTRESS2_SF.UPK
[0023.00] Log: Issuing preload for ..\..\DFGame\CookedPC\EFFIGYTEMPLATES\PAWNQUIPGROUP_WARGAR2_SF_LOC_INT.UPK
[0023.00] Log: Issuing preload for ..\..\DFGame\CookedPC\EFFIGYTEMPLATES\PAWNQUIPGROUP_WARGAR2_SF.UPK
[0023.01] DevOnline: Can't free search results while the search is in progress
[0023.01] Log: Flushing async loaders.
[0023.28] Warning: Warning, Failed to load 'SwfMovie ?INT?GFxUI.IME.MoviePath?': Failed to find object 'SwfMovie ?INT?GFxUI.IME.MoviePath?'
[0023.28] Log: GFx attempted to load missing object [?INT?GFxUI.IME.MoviePath?]
[0023.28] DevOnline: Listening for lan beacon requests on 6777
[0027.73] DevOnline: Can't free search results while the search is in progress
[0027.73] DevOnline: Listening for lan beacon requests on 6777
[0031.73] DevOnline: Listening for lan beacon requests on 6777
[0036.73] DevOnline: Listening for lan beacon requests on 6777
[0040.73] DevOnline: Listening for lan beacon requests on 6777
[0045.73] DevOnline: Listening for lan beacon requests on 6777
[0049.73] DevOnline: Listening for lan beacon requests on 6777
[0054.73] DevOnline: Listening for lan beacon requests on 6777
[0058.73] DevOnline: Listening for lan beacon requests on 6777
[0063.73] DevOnline: Listening for lan beacon requests on 6777
[0067.73] DevOnline: Listening for lan beacon requests on 6777
[0072.73] DevOnline: Listening for lan beacon requests on 6777
[0076.73] DevOnline: Listening for lan beacon requests on 6777
[0081.73] DevOnline: Listening for lan beacon requests on 6777
[0085.74] DevOnline: Listening for lan beacon requests on 6777
[0090.74] DevOnline: Listening for lan beacon requests on 6777
[0094.74] DevOnline: Listening for lan beacon requests on 6777
[0099.74] DevOnline: Listening for lan beacon requests on 6777
[0103.73] DevOnline: Listening for lan beacon requests on 6777
[0108.73] DevOnline: Listening for lan beacon requests on 6777
[0112.74] DevOnline: Listening for lan beacon requests on 6777
[0117.74] DevOnline: Listening for lan beacon requests on 6777
[0121.74] DevOnline: Listening for lan beacon requests on 6777
[0126.74] DevOnline: Listening for lan beacon requests on 6777
[0130.74] DevOnline: Listening for lan beacon requests on 6777
[0135.74] DevOnline: Listening for lan beacon requests on 6777
[0139.74] DevOnline: Listening for lan beacon requests on 6777
[0144.74] DevOnline: Listening for lan beacon requests on 6777
[0148.74] DevOnline: Listening for lan beacon requests on 6777
[0153.74] DevOnline: Listening for lan beacon requests on 6777
[0157.74] DevOnline: Listening for lan beacon requests on 6777
[0162.74] DevOnline: Listening for lan beacon requests on 6777
[0166.74] DevOnline: Listening for lan beacon requests on 6777
[0171.74] DevOnline: Listening for lan beacon requests on 6777
[0175.74] DevOnline: Listening for lan beacon requests on 6777
[0180.74] DevOnline: Listening for lan beacon requests on 6777
[0184.74] DevOnline: Listening for lan beacon requests on 6777
[0189.74] DevOnline: Listening for lan beacon requests on 6777
[0193.74] DevOnline: Listening for lan beacon requests on 6777
[0198.74] DevOnline: Listening for lan beacon requests on 6777
[0202.74] DevOnline: Listening for lan beacon requests on 6777
[0207.74] DevOnline: Listening for lan beacon requests on 6777
[0211.74] DevOnline: Listening for lan beacon requests on 6777
[0216.74] DevOnline: Listening for lan beacon requests on 6777
[0220.74] DevOnline: Listening for lan beacon requests on 6777
[0225.74] DevOnline: Listening for lan beacon requests on 6777
[0229.74] DevOnline: Listening for lan beacon requests on 6777
[0234.74] DevOnline: Listening for lan beacon requests on 6777
[0238.74] DevOnline: Listening for lan beacon requests on 6777
[0243.74] DevOnline: Listening for lan beacon requests on 6777
[0247.74] DevOnline: Listening for lan beacon requests on 6777
[0252.74] DevOnline: Listening for lan beacon requests on 6777
[0256.74] DevOnline: Listening for lan beacon requests on 6777
[0261.74] DevOnline: Listening for lan beacon requests on 6777
[0265.74] DevOnline: Listening for lan beacon requests on 6777
[0270.74] DevOnline: Listening for lan beacon requests on 6777
[0274.74] DevOnline: Listening for lan beacon requests on 6777
[0279.74] DevOnline: Listening for lan beacon requests on 6777
[0283.74] DevOnline: Listening for lan beacon requests on 6777
[0288.74] DevOnline: Listening for lan beacon requests on 6777
[0292.74] DevOnline: Listening for lan beacon requests on 6777
[0297.74] DevOnline: Listening for lan beacon requests on 6777
[0301.74] DevOnline: Listening for lan beacon requests on 6777
[0306.74] DevOnline: Listening for lan beacon requests on 6777
[0310.74] DevOnline: Listening for lan beacon requests on 6777
[0315.74] DevOnline: Listening for lan beacon requests on 6777
[0319.74] DevOnline: Listening for lan beacon requests on 6777
[0324.74] DevOnline: Listening for lan beacon requests on 6777
[0328.74] DevOnline: Listening for lan beacon requests on 6777
[0333.74] DevOnline: Listening for lan beacon requests on 6777
[0337.74] DevOnline: Listening for lan beacon requests on 6777
[0341.74] DevOnline: Listening for lan beacon requests on 6777
[0343.42] DevOnline: Listening for lan beacon requests on 6777
[0344.78] DevOnline: Listening for lan beacon requests on 6777
[0344.78] DevOnline: RegisterLocalTalker(0) returned 0x80004005
[0344.78] Log: ShowLoadingMovie bShowMovie[1] LoadingMovieName[LoadingMovie] 
[0344.79] DevOnline: JoinOnlineGame: Lan game.
[0344.79] DevOnline: JoinOnlineGame  Return:0x00000000
[0344.79] Exit: UTcpNetDriver shut down
[0344.99] Log: LoadMap: 26.66.102.216/MultiplayerMenu?char=4?lvl=255?diff=4?charLock=2?game=DFGame.DFGameInfo_PACTUGC
[0345.00] DevOnline: UnregisterRemoteTalker(0x0000000000000000) returned 0x00000000
[0345.02] DevMemory: Virtual  memory allocation size: 293.31 MByte (307556352 Bytes)
[0345.44] Log: Creating Primary PhysX Scene.
[0345.44] Log: Bringing World MultiplayerMenu.TheWorld up for play (90) at 2025.10.12-19.50.47
[0345.45] Log: Bringing up level for play took: 0.002529
[0345.45] Log: ########### Finished loading level: 0.454374 seconds
[0345.57] DevOnline: Using cached profile data instead of reading
[0345.57] ScriptWarning: Accessed None 'GRI'
	DFOnlineDelegateManager MultiplayerMenu.TheWorld:PersistentLevel.DFOnlineDelegateManager_2
	Function DFGame.DFOnlineDelegateManager:Advertise_ODM_UpdateBroadcastedGameSettings:006D
[0345.57] ScriptWarning: Attempt to assign variable through None
	DFOnlineDelegateManager MultiplayerMenu.TheWorld:PersistentLevel.DFOnlineDelegateManager_2
	Function DFGame.DFOnlineDelegateManager:Advertise_ODM_UpdateBroadcastedGameSettings:0081
[0345.57] ScriptWarning: Accessed None 'PlayerReplicationInfo'
	DFOnlineDelegateManager MultiplayerMenu.TheWorld:PersistentLevel.DFOnlineDelegateManager_2
	Function DFGame.DFOnlineDelegateManager:Advertise_UI_UpdateGame:0096
[0345.57] Log: ShowLoadingMovie bShowMovie[0] LoadingMovieName[LoadingMovie] 
[0345.63] Log: client calling eventServerSetProfileIndices
[0345.63] Log: client calling eventServerSetProfileValues
[0345.64] Log: Issuing preload for ..\..\DFGame\CookedPC\EFFIGYTEMPLATES\PAWNQUIPGROUP_WARRIOR1_SF_LOC_INT.UPK
[0345.64] Log: Issuing preload for ..\..\DFGame\CookedPC\EFFIGYTEMPLATES\PAWNQUIPGROUP_WARRIOR1_SF.UPK
[0345.64] Log: Issuing preload for ..\..\DFGame\CookedPC\EFFIGYTEMPLATES\PAWNQUIPGROUP_HUNTRESS3_SF_LOC_INT.UPK
[0345.64] Log: Issuing preload for ..\..\DFGame\CookedPC\EFFIGYTEMPLATES\PAWNQUIPGROUP_HUNTRESS3_SF.UPK
[0345.64] Log: Issuing preload for ..\..\DFGame\CookedPC\EFFIGYTEMPLATES\PAWNQUIPGROUP_WARGAR1_SF_LOC_INT.UPK
[0345.64] Log: Issuing preload for ..\..\DFGame\CookedPC\EFFIGYTEMPLATES\PAWNQUIPGROUP_WARGAR1_SF.UPK
[0345.66] Log: Flushing async loaders.
[0345.96] Warning: Warning, Failed to load 'SwfMovie ?INT?GFxUI.IME.MoviePath?': Failed to find object 'SwfMovie ?INT?GFxUI.IME.MoviePath?'
[0345.96] Log: GFx attempted to load missing object [?INT?GFxUI.IME.MoviePath?]
[0345.99] ScriptWarning: Accessed None 'KeyRing'
	DFPlayerController_Menu MultiplayerMenu.TheWorld:PersistentLevel.DFPlayerController_Menu_3
	Function DFGame.DFPlayerController:ReplicatedEvent:0022
[0345.99] ScriptWarning: Attempt to assign variable through None
	DFPlayerController_Menu MultiplayerMenu.TheWorld:PersistentLevel.DFPlayerController_Menu_3
	Function DFGame.DFPlayerController:ReplicatedEvent:0036
[0346.28] Log: Changing subtitle setting, new value: 1
[0346.28] Log: Changing subtitle setting, new value: 1
[0346.30] Log: Changing subtitle setting, new value: 1
[0346.30] Log: Changing subtitle setting, new value: 1
[0346.32] Log: Changing subtitle setting, new value: 1
[0346.33] Log: Changing subtitle setting, new value: 1
[0346.35] Log: Changing subtitle setting, new value: 1
[0361.40] Log: ShowLoadingMovie bShowMovie[1] LoadingMovieName[LoadingMovie] 
[0361.42] NetComeGo: Close TcpipConnection_0 26.66.102.216:7777 10/12/25 19:51:03
[0361.42] Exit: UTcpNetDriver shut down
[0365.71] Log: LoadMap: 26.66.102.216/UGC-Persistent?char=4?lvl=255?diff=4?charLock=2?UGCKey=_PIE_TMPKEY?LoadCharacter_Server=0?LoadCharacter_Client=3?game=inXileUGC.inXileUGC_GameInfo_Coop
[0365.74] DevMemory: Virtual  memory allocation size: 293.39 MByte (307646464 Bytes)
[0366.53] Log: Creating Primary PhysX Scene.
[0366.53] Log: Bringing World UGC-Persistent.TheWorld up for play (90) at 2025.10.12-19.51.08
[0366.54] Log: Bringing up level for play took: 0.002493
[0366.54] Log: ########### Finished loading level: 0.824775 seconds
[0366.64] DevOnline: Using cached profile data instead of reading
[0366.64] ScriptWarning: Accessed None 'myHUD'
	DFHUD UGC-Persistent.TheWorld:PersistentLevel.DFHUD_0
	Function DFGame.DFHUD:IsInGameFullScreenSceneOpen:005F
[0366.66] DevStreaming: Unable to find streaming object 000_Hallway1
[0366.66] DevStreaming: Unable to find streaming object 000_StartRoom1
[0366.66] DevStreaming: Unable to find streaming object 005_R_DyfedInn
[0366.66] DevStreaming: Unable to find streaming object 003_R_Smithy
[0366.66] DevStreaming: Unable to find streaming object 007_R_ElderCourtyard
[0366.66] DevStreaming: Unable to find streaming object 002_S_Barn
[0366.66] DevStreaming: Unable to find streaming object 000_S_Demon
[0366.66] DevStreaming: Unable to find streaming object 000_EndRoom1
[0366.66] ScriptWarning: Accessed None 'GRI'
	DFOnlineDelegateManager UGC-Persistent.TheWorld:PersistentLevel.DFOnlineDelegateManager_3
	Function DFGame.DFOnlineDelegateManager:Advertise_ODM_UpdateBroadcastedGameSettings:006D
[0366.66] ScriptWarning: Attempt to assign variable through None
	DFOnlineDelegateManager UGC-Persistent.TheWorld:PersistentLevel.DFOnlineDelegateManager_3
	Function DFGame.DFOnlineDelegateManager:Advertise_ODM_UpdateBroadcastedGameSettings:0081
[0366.66] ScriptWarning: Accessed None 'PlayerReplicationInfo'
	DFOnlineDelegateManager UGC-Persistent.TheWorld:PersistentLevel.DFOnlineDelegateManager_3
	Function DFGame.DFOnlineDelegateManager:Advertise_UI_UpdateGame:0096
[0366.66] ScriptWarning: Accessed None 'myGRI'
	DFOnlineDelegateManager UGC-Persistent.TheWorld:PersistentLevel.DFOnlineDelegateManager_3
	Function DFGame.DFOnlineDelegateManager:Filter_UI_StoreLocalPACTSettings:00F3
[0366.66] ScriptWarning: Accessed None 'myGRI'
	DFOnlineDelegateManager UGC-Persistent.TheWorld:PersistentLevel.DFOnlineDelegateManager_3
	Function DFGame.DFOnlineDelegateManager:Filter_UI_StoreLocalPACTSettings:0155
[0366.66] ScriptWarning: Accessed None 'PlayerReplicationInfo'
	DFOnlineDelegateManager UGC-Persistent.TheWorld:PersistentLevel.DFOnlineDelegateManager_3
	Function DFGame.DFOnlineDelegateManager:UI_CancelHost:00F1
[0366.66] DevOnline: Listening for lan beacon requests on 6777
[0366.66] ScriptWarning: Accessed None 'PlayerReplicationInfo'
	DFOnlineDelegateManager UGC-Persistent.TheWorld:PersistentLevel.DFOnlineDelegateManager_3
	Function DFGame.DFOnlineDelegateManager:CancelHostOnEndOnlineGameComplete:0105
[0366.66] ScriptWarning: Accessed None 'GRI'
	DFOnlineDelegateManager UGC-Persistent.TheWorld:PersistentLevel.DFOnlineDelegateManager_3
	Function DFGame.DFOnlineDelegateManager:Advertise_ODM_UpdateBroadcastedGameSettings:006D
[0366.66] ScriptWarning: Attempt to assign variable through None
	DFOnlineDelegateManager UGC-Persistent.TheWorld:PersistentLevel.DFOnlineDelegateManager_3
	Function DFGame.DFOnlineDelegateManager:Advertise_ODM_UpdateBroadcastedGameSettings:0081
[0366.66] ScriptWarning: Accessed None 'PlayerReplicationInfo'
	DFOnlineDelegateManager UGC-Persistent.TheWorld:PersistentLevel.DFOnlineDelegateManager_3
	Function DFGame.DFOnlineDelegateManager:Advertise_UI_UpdateGame:0096
[0366.66] ScriptWarning: Accessed None 'GRI'
	DFOnlineDelegateManager UGC-Persistent.TheWorld:PersistentLevel.DFOnlineDelegateManager_3
	Function DFGame.DFOnlineDelegateManager:Advertise_ODM_UpdateBroadcastedGameSettings:006D
[0366.66] ScriptWarning: Attempt to assign variable through None
	DFOnlineDelegateManager UGC-Persistent.TheWorld:PersistentLevel.DFOnlineDelegateManager_3
	Function DFGame.DFOnlineDelegateManager:Advertise_ODM_UpdateBroadcastedGameSettings:0081
[0366.66] ScriptWarning: Accessed None 'PlayerReplicationInfo'
	DFOnlineDelegateManager UGC-Persistent.TheWorld:PersistentLevel.DFOnlineDelegateManager_3
	Function DFGame.DFOnlineDelegateManager:PerformDelayedHostGame:00BE
[0366.66] DevOnline: Listening for lan beacon requests on 6777
[0366.66] DevOnline: RegisterLocalTalker(0) returned 0x80004005
[0366.66] ScriptWarning: Accessed None 'myGRI'
	DFOnlineDelegateManager UGC-Persistent.TheWorld:PersistentLevel.DFOnlineDelegateManager_3
	Function DFGame.DFOnlineDelegateManager:Filter_UI_StoreLocalPACTSettings:0039
[0366.66] ScriptWarning: Accessed None 'myGRI'
	DFOnlineDelegateManager UGC-Persistent.TheWorld:PersistentLevel.DFOnlineDelegateManager_3
	Function DFGame.DFOnlineDelegateManager:Filter_UI_StoreLocalPACTSettings:009B
[0366.66] DevOnline: Listening for lan beacon requests on 6777
[0367.08] Log: ####    inXileUGCClientSetupUGCLevels with KeyIntArray.Length=363, [0]=626532864
[0367.08] Log: S:\SteamLibrary\steamapps\common\Hunted\BINARIES\WIN32\../../DFGame/
[0367.08] Log: SetupStreamingLevels():
[0367.08] Log: First Room LvlNdx=14, Start Room ExitDoorSide=3, UGCKey->UGCEntryLevelExitSide=1, requiredRot90=2
[0367.08] Log: STARTING UGC ROOM DATA at Xcol=2, yCol=2
[0367.08] Log:    ~~~ Next room aligned properly...
[0367.08] Log:    Processing UGC Room at Xcol=2, yCol=2
[0367.08] Log:    ~~~ Next room aligned properly...
[0367.08] Log:    Processing UGC Room at Xcol=3, yCol=2
[0367.08] Log:    ~~~ Next room aligned properly...
[0367.08] Log:    Processing UGC Room at Xcol=3, yCol=3
[0367.08] Log:    ~~~ Next room aligned properly...
[0367.08] Log:    Processing UGC Room at Xcol=2, yCol=3
[0367.08] Log:    ~~~ Next room aligned properly...
[0367.08] Log:    Processing UGC Room at Xcol=1, yCol=3
[0367.08] Log: END OF UGC ROOM DATA at Xcol=0, yCol=3
[0367.08] Log: ####    inXileUGCClientSetupUGCLevels Sent message to ServerAcknowledgeUGCKeyRecordsReceived.
[0367.08] Log: client calling eventServerSetProfileIndices
[0367.08] Log: client calling eventServerSetProfileValues
[0367.09] Log: Flushing async loaders.
[0367.21] Log: APPLY TRANSFORM LEVEL FROM TICK: LevelInfos(1).bOffsetsHaveBeenApplied=0
[0367.21] Log: APPLY TRANSFORM ROOM #1, rot.pitch=0, rot.yaw=32768, rot.roll=0;  Offset=0.000000,0.000000,0.000000
[0367.21] Log: APPLY TRANSFORM ROOM: UGCDungeonLayoutValues.LevelIndexCurr = 1
[0367.21] Log:  Flagging Level[1] to be Visible
[0367.65] Log: Changing subtitle setting, new value: 1
[0367.65] Log: Changing subtitle setting, new value: 1
[0367.67] Log: Changing subtitle setting, new value: 1
[0367.67] Log: Changing subtitle setting, new value: 1
[0367.68] Log: Changing subtitle setting, new value: 1
[0367.70] Log: Changing subtitle setting, new value: 1
[0367.71] Log: Changing subtitle setting, new value: 1
[0367.81] Log: FaceFX: WARNING Reference bone def_r_brow_A_NM_Driver_Zero could not be found in the skeleton 'CH_HeroMale02.Meshes.SK_HeroMale02'.
[0367.81] Log: FaceFX: WARNING Reference bone def_r_brow_A_NM_DriverExTM could not be found in the skeleton 'CH_HeroMale02.Meshes.SK_HeroMale02'.
[0367.81] Log: FaceFX: WARNING Reference bone def_r_brow_A_NM_Driver could not be found in the skeleton 'CH_HeroMale02.Meshes.SK_HeroMale02'.
[0367.81] Log: FaceFX: WARNING Reference bone def_l_brow_A_NM_Driver_Zero could not be found in the skeleton 'CH_HeroMale02.Meshes.SK_HeroMale02'.
[0367.81] Log: FaceFX: WARNING Reference bone def_l_brow_A_NM_DriverExTM could not be found in the skeleton 'CH_HeroMale02.Meshes.SK_HeroMale02'.
[0367.81] Log: FaceFX: WARNING Reference bone def_l_brow_A_NM_Driver could not be found in the skeleton 'CH_HeroMale02.Meshes.SK_HeroMale02'.
[0367.81] Log: FaceFX: WARNING Reference bone def_l_UpperCheek_NM_Driver_Zero could not be found in the skeleton 'CH_HeroMale02.Meshes.SK_HeroMale02'.
[0367.81] Log: FaceFX: WARNING Reference bone def_l_UpperCheek_NM_DriverExTM could not be found in the skeleton 'CH_HeroMale02.Meshes.SK_HeroMale02'.
[0367.81] Log: FaceFX: WARNING Reference bone def_l_UpperCheek_NM_Driver could not be found in the skeleton 'CH_HeroMale02.Meshes.SK_HeroMale02'.
[0367.81] Log: FaceFX: WARNING Reference bone def_r_UpperCheek_NM_Driver_Zero could not be found in the skeleton 'CH_HeroMale02.Meshes.SK_HeroMale02'.
[0367.81] Log: FaceFX: WARNING Reference bone def_r_UpperCheek_NM_DriverExTM could not be found in the skeleton 'CH_HeroMale02.Meshes.SK_HeroMale02'.
[0367.81] Log: FaceFX: WARNING Reference bone def_r_UpperCheek_NM_Driver could not be found in the skeleton 'CH_HeroMale02.Meshes.SK_HeroMale02'.
[0367.81] Log: FaceFX: WARNING Reference bone def_l_brow_C_NM_Driver_Zero could not be found in the skeleton 'CH_HeroMale02.Meshes.SK_HeroMale02'.
[0367.81] Log: FaceFX: WARNING Reference bone def_l_brow_C_NM_DriverExTM could not be found in the skeleton 'CH_HeroMale02.Meshes.SK_HeroMale02'.
[0367.81] Log: FaceFX: WARNING Reference bone def_l_brow_C_NM_Driver could not be found in the skeleton 'CH_HeroMale02.Meshes.SK_HeroMale02'.
[0367.81] Log: FaceFX: WARNING Reference bone def_l_brow_B_NM_Driver_Zero could not be found in the skeleton 'CH_HeroMale02.Meshes.SK_HeroMale02'.
[0367.81] Log: FaceFX: WARNING Reference bone def_l_brow_B_NM_DriverExTM could not be found in the skeleton 'CH_HeroMale02.Meshes.SK_HeroMale02'.
[0367.81] Log: FaceFX: WARNING Reference bone def_l_brow_B_NM_Driver could not be found in the skeleton 'CH_HeroMale02.Meshes.SK_HeroMale02'.
[0367.81] Log: FaceFX: WARNING Reference bone def_r_brow_B_NM_Driver_Zero could not be found in the skeleton 'CH_HeroMale02.Meshes.SK_HeroMale02'.
[0367.81] Log: FaceFX: WARNING Reference bone def_r_brow_B_NM_DriverExTM could not be found in the skeleton 'CH_HeroMale02.Meshes.SK_HeroMale02'.
[0367.81] Log: FaceFX: WARNING Reference bone def_r_brow_B_NM_Driver could not be found in the skeleton 'CH_HeroMale02.Meshes.SK_HeroMale02'.
[0367.81] Log: FaceFX: WARNING Reference bone def_r_brow_C_NM_Driver_Zero could not be found in the skeleton 'CH_HeroMale02.Meshes.SK_HeroMale02'.
[0367.81] Log: FaceFX: WARNING Reference bone def_r_brow_C_NM_DriverExTM could not be found in the skeleton 'CH_HeroMale02.Meshes.SK_HeroMale02'.
[0367.81] Log: FaceFX: WARNING Reference bone def_r_brow_C_NM_Driver could not be found in the skeleton 'CH_HeroMale02.Meshes.SK_HeroMale02'.
[0367.81] Log: FaceFX: WARNING Reference bone def_l_upperLip_NM_Driver_Zero could not be found in the skeleton 'CH_HeroMale02.Meshes.SK_HeroMale02'.
[0367.81] Log: FaceFX: WARNING Reference bone def_l_upperLip_NM_DriverExTM could not be found in the skeleton 'CH_HeroMale02.Meshes.SK_HeroMale02'.
[0367.81] Log: FaceFX: WARNING Reference bone def_l_upperLip_NM_Driver could not be found in the skeleton 'CH_HeroMale02.Meshes.SK_HeroMale02'.
[0367.81] Log: FaceFX: WARNING Reference bone def_r_upperLip_NM_Driver_Zero could not be found in the skeleton 'CH_HeroMale02.Meshes.SK_HeroMale02'.
[0367.81] Log: FaceFX: WARNING Reference bone def_r_upperLip_NM_DriverExTM could not be found in the skeleton 'CH_HeroMale02.Meshes.SK_HeroMale02'.
[0367.81] Log: FaceFX: WARNING Reference bone def_r_upperLip_NM_Driver could not be found in the skeleton 'CH_HeroMale02.Meshes.SK_HeroMale02'.
[0367.85] Log: ShowLoadingMovie bShowMovie[0] LoadingMovieName[LoadingMovie] 
[0367.85] Log: FaceFX: WARNING Reference bone def_r_brow_B_NM_Driver_Zero could not be found in the skeleton 'CH_HeroHuntress.Meshes.SK_Huntress_Set01'.
[0367.85] Log: FaceFX: WARNING Reference bone def_r_brow_B_NM_DriverExTM could not be found in the skeleton 'CH_HeroHuntress.Meshes.SK_Huntress_Set01'.
[0367.85] Log: FaceFX: WARNING Reference bone def_r_brow_B_NM_Driver could not be found in the skeleton 'CH_HeroHuntress.Meshes.SK_Huntress_Set01'.
[0367.85] Log: FaceFX: WARNING Reference bone def_r_brow_C_NM_Driver_Zero could not be found in the skeleton 'CH_HeroHuntress.Meshes.SK_Huntress_Set01'.
[0367.85] Log: FaceFX: WARNING Reference bone def_r_brow_C_NM_DriverExTM could not be found in the skeleton 'CH_HeroHuntress.Meshes.SK_Huntress_Set01'.
[0367.85] Log: FaceFX: WARNING Reference bone def_r_brow_C_NM_Driver could not be found in the skeleton 'CH_HeroHuntress.Meshes.SK_Huntress_Set01'.
[0367.85] Log: FaceFX: WARNING Reference bone def_r_brow_A_NM_Driver_Zero could not be found in the skeleton 'CH_HeroHuntress.Meshes.SK_Huntress_Set01'.
[0367.85] Log: FaceFX: WARNING Reference bone def_r_brow_A_NM_DriverExTM could not be found in the skeleton 'CH_HeroHuntress.Meshes.SK_Huntress_Set01'.
[0367.85] Log: FaceFX: WARNING Reference bone def_r_brow_A_NM_Driver could not be found in the skeleton 'CH_HeroHuntress.Meshes.SK_Huntress_Set01'.
[0367.85] Log: FaceFX: WARNING Reference bone def_l_brow_A_NM_Driver_Zero could not be found in the skeleton 'CH_HeroHuntress.Meshes.SK_Huntress_Set01'.
[0367.85] Log: FaceFX: WARNING Reference bone def_l_brow_A_NM_DriverExTM could not be found in the skeleton 'CH_HeroHuntress.Meshes.SK_Huntress_Set01'.
[0367.85] Log: FaceFX: WARNING Reference bone def_l_brow_A_NM_Driver could not be found in the skeleton 'CH_HeroHuntress.Meshes.SK_Huntress_Set01'.
[0367.85] Log: FaceFX: WARNING Reference bone def_l_brow_B_NM_Driver_Zero could not be found in the skeleton 'CH_HeroHuntress.Meshes.SK_Huntress_Set01'.
[0367.85] Log: FaceFX: WARNING Reference bone def_l_brow_B_NM_DriverExTM could not be found in the skeleton 'CH_HeroHuntress.Meshes.SK_Huntress_Set01'.
[0367.85] Log: FaceFX: WARNING Reference bone def_l_brow_B_NM_Driver could not be found in the skeleton 'CH_HeroHuntress.Meshes.SK_Huntress_Set01'.
[0367.85] Log: FaceFX: WARNING Reference bone def_l_brow_C_NM_Driver_Zero could not be found in the skeleton 'CH_HeroHuntress.Meshes.SK_Huntress_Set01'.
[0367.85] Log: FaceFX: WARNING Reference bone def_l_brow_C_NM_DriverExTM could not be found in the skeleton 'CH_HeroHuntress.Meshes.SK_Huntress_Set01'.
[0367.85] Log: FaceFX: WARNING Reference bone def_l_brow_C_NM_Driver could not be found in the skeleton 'CH_HeroHuntress.Meshes.SK_Huntress_Set01'.
[0367.85] Log: FaceFX: WARNING Reference bone def_l_UpperCheek_NM_Driver_Zero could not be found in the skeleton 'CH_HeroHuntress.Meshes.SK_Huntress_Set01'.
[0367.85] Log: FaceFX: WARNING Reference bone def_l_UpperCheek_NM_DriverExTM could not be found in the skeleton 'CH_HeroHuntress.Meshes.SK_Huntress_Set01'.
[0367.85] Log: FaceFX: WARNING Reference bone def_l_UpperCheek_NM_Driver could not be found in the skeleton 'CH_HeroHuntress.Meshes.SK_Huntress_Set01'.
[0367.85] Log: FaceFX: WARNING Reference bone def_l_innerCheek_NM_Driver_Zero could not be found in the skeleton 'CH_HeroHuntress.Meshes.SK_Huntress_Set01'.
[0367.85] Log: FaceFX: WARNING Reference bone def_l_innerCheek_NM_DriverExTM could not be found in the skeleton 'CH_HeroHuntress.Meshes.SK_Huntress_Set01'.
[0367.85] Log: FaceFX: WARNING Reference bone def_l_innerCheek_NM_Driver could not be found in the skeleton 'CH_HeroHuntress.Meshes.SK_Huntress_Set01'.
[0367.85] Log: FaceFX: WARNING Reference bone def_r_innerCheek_NM_Driver_Zero could not be found in the skeleton 'CH_HeroHuntress.Meshes.SK_Huntress_Set01'.
[0367.85] Log: FaceFX: WARNING Reference bone def_r_innerCheek_NM_DriverExTM could not be found in the skeleton 'CH_HeroHuntress.Meshes.SK_Huntress_Set01'.
[0367.85] Log: FaceFX: WARNING Reference bone def_r_innerCheek_NM_Driver could not be found in the skeleton 'CH_HeroHuntress.Meshes.SK_Huntress_Set01'.
[0367.85] Log: FaceFX: WARNING Reference bone def_r_UpperCheek_NM_Driver_Zero could not be found in the skeleton 'CH_HeroHuntress.Meshes.SK_Huntress_Set01'.
[0367.85] Log: FaceFX: WARNING Reference bone def_r_UpperCheek_NM_DriverExTM could not be found in the skeleton 'CH_HeroHuntress.Meshes.SK_Huntress_Set01'.
[0367.85] Log: FaceFX: WARNING Reference bone def_r_UpperCheek_NM_Driver could not be found in the skeleton 'CH_HeroHuntress.Meshes.SK_Huntress_Set01'.
[0367.85] Log: FaceFX: WARNING Reference bone def_l_upperLip_NM_Driver_Zero could not be found in the skeleton 'CH_HeroHuntress.Meshes.SK_Huntress_Set01'.
[0367.85] Log: FaceFX: WARNING Reference bone def_l_upperLip_NM_DriverExTM could not be found in the skeleton 'CH_HeroHuntress.Meshes.SK_Huntress_Set01'.
[0367.85] Log: FaceFX: WARNING Reference bone def_l_upperLip_NM_Driver could not be found in the skeleton 'CH_HeroHuntress.Meshes.SK_Huntress_Set01'.
[0367.85] Log: FaceFX: WARNING Reference bone def_r_upperLip_NM_Driver_Zero could not be found in the skeleton 'CH_HeroHuntress.Meshes.SK_Huntress_Set01'.
[0367.85] Log: FaceFX: WARNING Reference bone def_r_upperLip_NM_DriverExTM could not be found in the skeleton 'CH_HeroHuntress.Meshes.SK_Huntress_Set01'.
[0367.85] Log: FaceFX: WARNING Reference bone def_r_upperLip_NM_Driver could not be found in the skeleton 'CH_HeroHuntress.Meshes.SK_Huntress_Set01'.
[0367.88] Log: Skills: Adding skill to cache... <Strings:DFGame.Skill.RangedBow_BasicAttack_Name>
[0367.88] MP_Weapons_Native: SetAttackSkillObjectByName() failed, due to not having a prev. ASO - DFWeaponAttachment_Ranged_Bow_0
[0367.89] Log: bDFInventoryReady: 1,  bCrystalManagerReady: 1 
[0367.94] Log: Changing subtitle setting, new value: 1
[0367.99] Log: Changing subtitle setting, new value: 1
[0368.00] Log: Skills: Adding skill to cache... <Strings:DFGame.Skill.Melee_H_Name>
[0368.00] MP_Weapons_Native: SetAttackSkillObjectByName() failed, due to not having a prev. ASO - DFWeaponAttachment_Melee_0
[0370.17] Log: Before HALL TRANSORM: UGCDungeonLayoutValues.LevelIndexCurr=1
[0370.17] Log: APPLY TRANSFORM Hall: xformed exit door side=3, rot.roll=0, rot.pitch=0, rot.yaw=-16384;  Offset=3734.096313,-13177.570801,-781.000000
[0370.17] Log:  LevelData[0] setting bOffsetsApplied to TRUE
[0370.17] Log:  Flagging Level[0] to be Not Visible
[0370.17] Log:  Flagging Level[0] to be Visible
[0370.17] Log: Issuing preload for ..\..\DFGame\CookedPC\EFFIGYTEMPLATES\PAWNQUIPGROUP_WARRIOR1_SF_LOC_INT.UPK
[0370.17] Log: Issuing preload for ..\..\DFGame\CookedPC\EFFIGYTEMPLATES\PAWNQUIPGROUP_WARRIOR1_SF.UPK
[0370.17] Log: Issuing preload for ..\..\DFGame\CookedPC\EFFIGYTEMPLATES\PAWNQUIPGROUP_HUNTRESS2_SF_LOC_INT.UPK
[0370.17] Log: Issuing preload for ..\..\DFGame\CookedPC\EFFIGYTEMPLATES\PAWNQUIPGROUP_HUNTRESS2_SF.UPK
[0370.17] Log: Issuing preload for ..\..\DFGame\CookedPC\EFFIGYTEMPLATES\PAWNQUIPGROUP_WARGAR2_SF_LOC_INT.UPK
[0370.17] Log: Issuing preload for ..\..\DFGame\CookedPC\EFFIGYTEMPLATES\PAWNQUIPGROUP_WARGAR2_SF.UPK
[0370.18] Log: FKAggregateGeom::InstanceNovodexGeom: (Actor: 000_Hallway1.TheWorld:PersistentLevel.StaticMeshActor_241 Component: StaticMeshComponent_1808 StaticMesh: ES3_EnviroProps.Meshes.S_WebPlane) No geometries in FKAggregateGeom.
[0370.18] Log: URB_BodyInstance::InitBody : Could not create new Shape: Actor: 000_Hallway1.TheWorld:PersistentLevel.StaticMeshActor_241 Component: StaticMeshComponent_1808 StaticMesh: ES3_EnviroProps.Meshes.S_WebPlane
[0370.18] Log: FKAggregateGeom::InstanceNovodexGeom: (Actor: 000_Hallway1.TheWorld:PersistentLevel.StaticMeshActor_298 Component: StaticMeshComponent_1808 StaticMesh: ES3_EnviroProps.Meshes.S_WebPlane) No geometries in FKAggregateGeom.
[0370.18] Log: URB_BodyInstance::InitBody : Could not create new Shape: Actor: 000_Hallway1.TheWorld:PersistentLevel.StaticMeshActor_298 Component: StaticMeshComponent_1808 StaticMesh: ES3_EnviroProps.Meshes.S_WebPlane
[0370.18] Log: FKAggregateGeom::InstanceNovodexGeom: (Actor: 000_Hallway1.TheWorld:PersistentLevel.StaticMeshActor_191 Component: StaticMeshComponent_1808 StaticMesh: ES3_EnviroProps.Meshes.S_WebPlane) No geometries in FKAggregateGeom.
[0370.18] Log: URB_BodyInstance::InitBody : Could not create new Shape: Actor: 000_Hallway1.TheWorld:PersistentLevel.StaticMeshActor_191 Component: StaticMeshComponent_1808 StaticMesh: ES3_EnviroProps.Meshes.S_WebPlane
[0370.92] Log: ShowLoadingMovie bShowMovie[0] LoadingMovieName[LoadingMovie] 
[0371.64] DevOnline: Can't free search results while the search is in progress
[0371.64] DevOnline: Listening for lan beacon requests on 6777
[0374.06] ScriptWarning: Accessed None 'RunSound'
	DFSpecialMove_RoadieRun UGC-Persistent.TheWorld:PersistentLevel.DFSpecialMove_RoadieRun_0
	Function DFGame.DFSpecialMove_RoadieRun:StartSpecialMove:04EF
[0375.66] DevOnline: Listening for lan beacon requests on 6777
[0378.28] ScriptWarning: Accessed None 'RunSound'
	DFSpecialMove_RoadieRun UGC-Persistent.TheWorld:PersistentLevel.DFSpecialMove_RoadieRun_0
	Function DFGame.DFSpecialMove_RoadieRun:StopSpecialMove:0174
[0380.67] DevOnline: Listening for lan beacon requests on 6777
[0384.69] DevOnline: Listening for lan beacon requests on 6777
[0389.69] DevOnline: Listening for lan beacon requests on 6777
[0393.54] Log: APPLY TRANSFORM LEVEL from UpdateSTreamingLevels():
[0393.54] Log: APPLY TRANSFORM ROOM #2, rot.pitch=0, rot.yaw=16384, rot.roll=0;  Offset=4511.174316,-10934.225586,755.515381
[0393.54] Log: APPLY TRANSFORM ROOM: UGCDungeonLayoutValues.LevelIndexCurr = 2
[0393.54] Log:  LevelData[2] setting bOffsetsApplied to TRUE
[0393.54] Log:  Flagging Level[2] to be Not Visible
[0393.54] Log:  Flagging Level[2] to be Visible
[0393.70] DevOnline: Listening for lan beacon requests on 6777
[0398.71] DevOnline: Listening for lan beacon requests on 6777
[0400.93] Log: bDFInventoryReady: 1,  bCrystalManagerReady: 1 
[0402.05] ScriptWarning: Accessed None 'RunSound'
	DFSpecialMove_RoadieRun UGC-Persistent.TheWorld:PersistentLevel.DFSpecialMove_RoadieRun_1
	Function DFGame.DFSpecialMove_RoadieRun:StartSpecialMove:04EF
[0402.42] ScriptWarning: Accessed None 'RunSound'
	DFSpecialMove_RoadieRun UGC-Persistent.TheWorld:PersistentLevel.DFSpecialMove_RoadieRun_1
	Function DFGame.DFSpecialMove_RoadieRun:StopSpecialMove:0174
[0402.72] DevOnline: Listening for lan beacon requests on 6777
[0406.93] Log: Could not find FMC creator for PSC 000_Hallway1.TheWorld:PersistentLevel.DFPickupFactoryAlchemyObject_ShardContent_0.inXileParticleSystemComponent_95 completion callback, message None
[0407.72] DevOnline: Listening for lan beacon requests on 6777
[0411.74] DevOnline: Listening for lan beacon requests on 6777
[0414.76] Log: Changing subtitle setting, new value: 0
[0414.87] Warning: Warning, Failed to load 'SwfMovie ?INT?GFxUI.IME.MoviePath?': Failed to find object 'SwfMovie ?INT?GFxUI.IME.MoviePath?'
[0414.87] Log: GFx attempted to load missing object [?INT?GFxUI.IME.MoviePath?]
[0416.74] DevOnline: Listening for lan beacon requests on 6777
[0420.75] DevOnline: Listening for lan beacon requests on 6777
[0425.76] DevOnline: Listening for lan beacon requests on 6777
[0429.77] DevOnline: Listening for lan beacon requests on 6777
[0434.79] DevOnline: Listening for lan beacon requests on 6777
[0438.85] DevOnline: Listening for lan beacon requests on 6777
[0443.89] DevOnline: Can't free search results while the search is in progress
[0443.89] DevOnline: Listening for lan beacon requests on 6777
[0445.50] Log: Changing subtitle setting, new value: 1
[0448.32] DevOnline: Listening for lan beacon requests on 6777
[0449.82] ScriptWarning: Accessed None 'RunSound'
	DFSpecialMove_RoadieRun UGC-Persistent.TheWorld:PersistentLevel.DFSpecialMove_RoadieRun_1
	Function DFGame.DFSpecialMove_RoadieRun:StartSpecialMove:04EF
[0450.41] ScriptWarning: Accessed None 'RunSound'
	DFSpecialMove_RoadieRun UGC-Persistent.TheWorld:PersistentLevel.DFSpecialMove_RoadieRun_1
	Function DFGame.DFSpecialMove_RoadieRun:StopSpecialMove:0174
[0451.77] ScriptWarning: Accessed None 'RunSound'
	DFSpecialMove_RoadieRun UGC-Persistent.TheWorld:PersistentLevel.DFSpecialMove_RoadieRun_1
	Function DFGame.DFSpecialMove_RoadieRun:StartSpecialMove:04EF
[0452.94] DevOnline: Listening for lan beacon requests on 6777
[0454.85] ScriptWarning: Accessed None 'RunSound'
	DFSpecialMove_RoadieRun UGC-Persistent.TheWorld:PersistentLevel.DFSpecialMove_RoadieRun_1
	Function DFGame.DFSpecialMove_RoadieRun:StopSpecialMove:0174
[0456.95] DevOnline: Listening for lan beacon requests on 6777
[0461.97] DevOnline: Listening for lan beacon requests on 6777
[0462.21] ScriptWarning: Accessed None 'CurrentWeaponAttachment'
	DFWeaponAttachment_Ranged_Bow UGC-Persistent.TheWorld:PersistentLevel.DFWeaponAttachment_Ranged_Bow_0
	Function DFGame.DFWeaponAttachment:Cleanup:0152
[0462.38] Log: Skills: Adding skill to cache... <Strings:DFGame.Skill.RangedBow_BasicAttackFast_Name>
[0462.38] MP_Weapons_Native: SetAttackSkillObjectByName() failed, due to not having a prev. ASO - DFWeaponAttachment_Ranged_Bow_1
[0462.46] MP_Weapons_Native: SetAttackSkillObjectByName() failed, due to not having a prev. ASO - DFWeaponAttachment_Melee_1
[0464.90] Log: Before HALL TRANSORM: UGCDungeonLayoutValues.LevelIndexCurr=2
[0464.90] Log: APPLY TRANSFORM Hall: xformed exit door side=0, rot.roll=0, rot.pitch=0, rot.yaw=0;  Offset=7984.265137,-19945.962891,-1671.484680
[0464.90] Log:  LevelData[0] setting bOffsetsApplied to TRUE
[0464.90] Log:  Flagging Level[0] to be Not Visible
[0464.90] Log:  Flagging Level[0] to be Visible
[0464.91] Log: FKAggregateGeom::InstanceNovodexGeom: (Actor: 000_Hallway1.TheWorld:PersistentLevel.StaticMeshActor_241 Component: StaticMeshComponent_1808 StaticMesh: ES3_EnviroProps.Meshes.S_WebPlane) No geometries in FKAggregateGeom.
[0464.91] Log: URB_BodyInstance::InitBody : Could not create new Shape: Actor: 000_Hallway1.TheWorld:PersistentLevel.StaticMeshActor_241 Component: StaticMeshComponent_1808 StaticMesh: ES3_EnviroProps.Meshes.S_WebPlane
[0464.91] Log: FKAggregateGeom::InstanceNovodexGeom: (Actor: 000_Hallway1.TheWorld:PersistentLevel.StaticMeshActor_298 Component: StaticMeshComponent_1808 StaticMesh: ES3_EnviroProps.Meshes.S_WebPlane) No geometries in FKAggregateGeom.
[0464.91] Log: URB_BodyInstance::InitBody : Could not create new Shape: Actor: 000_Hallway1.TheWorld:PersistentLevel.StaticMeshActor_298 Component: StaticMeshComponent_1808 StaticMesh: ES3_EnviroProps.Meshes.S_WebPlane
[0464.91] Log: FKAggregateGeom::InstanceNovodexGeom: (Actor: 000_Hallway1.TheWorld:PersistentLevel.StaticMeshActor_191 Component: StaticMeshComponent_1808 StaticMesh: ES3_EnviroProps.Meshes.S_WebPlane) No geometries in FKAggregateGeom.
[0464.91] Log: URB_BodyInstance::InitBody : Could not create new Shape: Actor: 000_Hallway1.TheWorld:PersistentLevel.StaticMeshActor_191 Component: StaticMeshComponent_1808 StaticMesh: ES3_EnviroProps.Meshes.S_WebPlane
[0465.99] DevOnline: Listening for lan beacon requests on 6777
[0466.48] ScriptWarning: Accessed None 'RunSound'
	DFSpecialMove_RoadieRun UGC-Persistent.TheWorld:PersistentLevel.DFSpecialMove_RoadieRun_1
	Function DFGame.DFSpecialMove_RoadieRun:StartSpecialMove:04EF
[0467.94] ScriptWarning: Accessed None 'RunSound'
	DFSpecialMove_RoadieRun UGC-Persistent.TheWorld:PersistentLevel.DFSpecialMove_RoadieRun_1
	Function DFGame.DFSpecialMove_RoadieRun:StopSpecialMove:0174
[0471.00] DevOnline: Listening for lan beacon requests on 6777
[0471.83] Log: Skills: Adding skill to cache... Melee Attack
[0471.83] MP_Weapons_Native: SetAttackSkillObjectByName() failed, due to not having a prev. ASO - DFWeaponAttachment_Melee_2
[0471.85] Log: Skills: Adding skill to cache... Fireball Attack
[0471.85] MP_Weapons_Native: SetAttackSkillObjectByName() failed, due to not having a prev. ASO - DFWeaponAttachment_Ranged_Spell_0
[0471.91] Log: Skills: Adding skill to cache... Ranged Attack
[0471.91] MP_Weapons_Native: SetAttackSkillObjectByName() failed, due to not having a prev. ASO - DFWeaponAttachment_Ranged_Bow_2
[0473.76] MP_Weapons_Native: SetAttackSkillObjectByName() failed, due to not having a prev. ASO - DFWeaponAttachment_Ranged_Spell_1
[0475.00] DevOnline: Listening for lan beacon requests on 6777
[0477.30] Log: Skills: Adding skill to cache... Melee Attack
[0478.51] Log: Skills: Adding skill to cache... <Strings:DFGame.Skill.Melee_L_Name>
[0479.05] Log: Skills: Adding skill to cache... <Strings:DFGame.Skill.Melee_LL_Name>
[0479.14] Log: DFPawn_Nid_0::UpdateMeleeCollisionChecks ERROR - AnimLinkup->BoneToTrackTable for bone 58 returning INDEX_NONE
[0479.15] Log: DFPawn_Nid_0::UpdateMeleeCollisionChecks ERROR - AnimLinkup->BoneToTrackTable for bone 58 returning INDEX_NONE
[0479.17] Log: DFPawn_Nid_0::UpdateMeleeCollisionChecks ERROR - AnimLinkup->BoneToTrackTable for bone 58 returning INDEX_NONE
[0479.19] Log: DFPawn_Nid_0::UpdateMeleeCollisionChecks ERROR - AnimLinkup->BoneToTrackTable for bone 58 returning INDEX_NONE
[0479.20] Log: DFPawn_Nid_0::UpdateMeleeCollisionChecks ERROR - AnimLinkup->BoneToTrackTable for bone 58 returning INDEX_NONE
[0479.22] Log: DFPawn_Nid_0::UpdateMeleeCollisionChecks ERROR - AnimLinkup->BoneToTrackTable for bone 58 returning INDEX_NONE
[0479.24] Log: DFPawn_Nid_0::UpdateMeleeCollisionChecks ERROR - AnimLinkup->BoneToTrackTable for bone 58 returning INDEX_NONE
[0479.25] Log: DFPawn_Nid_0::UpdateMeleeCollisionChecks ERROR - AnimLinkup->BoneToTrackTable for bone 58 returning INDEX_NONE
[0479.27] Log: Skills: Adding skill to cache... 
[0479.27] Log: DFPawn_Nid_0::UpdateMeleeCollisionChecks ERROR - AnimLinkup->BoneToTrackTable for bone 58 returning INDEX_NONE
[0479.29] Log: DFPawn_Nid_0::UpdateMeleeCollisionChecks ERROR - AnimLinkup->BoneToTrackTable for bone 58 returning INDEX_NONE
[0479.31] Log: DFPawn_Nid_0::UpdateMeleeCollisionChecks ERROR - AnimLinkup->BoneToTrackTable for bone 58 returning INDEX_NONE
[0479.32] Log: DFPawn_Nid_0::UpdateMeleeCollisionChecks ERROR - AnimLinkup->BoneToTrackTable for bone 58 returning INDEX_NONE
[0479.34] Log: DFPawn_Nid_0::UpdateMeleeCollisionChecks ERROR - AnimLinkup->BoneToTrackTable for bone 58 returning INDEX_NONE
[0479.36] Log: DFPawn_Nid_0::UpdateMeleeCollisionChecks ERROR - AnimLinkup->BoneToTrackTable for bone 58 returning INDEX_NONE
[0479.37] Log: DFPawn_Nid_0::UpdateMeleeCollisionChecks ERROR - AnimLinkup->BoneToTrackTable for bone 58 returning INDEX_NONE
[0479.39] Log: DFPawn_Nid_0::UpdateMeleeCollisionChecks ERROR - AnimLinkup->BoneToTrackTable for bone 58 returning INDEX_NONE
[0479.41] Log: DFPawn_Nid_0::UpdateMeleeCollisionChecks ERROR - AnimLinkup->BoneToTrackTable for bone 58 returning INDEX_NONE
[0479.42] Log: DFPawn_Nid_0::UpdateMeleeCollisionChecks ERROR - AnimLinkup->BoneToTrackTable for bone 58 returning INDEX_NONE
[0479.44] Log: DFPawn_Nid_0::UpdateMeleeCollisionChecks ERROR - AnimLinkup->BoneToTrackTable for bone 58 returning INDEX_NONE
[0479.46] Log: DFPawn_Nid_0::UpdateMeleeCollisionChecks ERROR - AnimLinkup->BoneToTrackTable for bone 58 returning INDEX_NONE
[0479.48] Log: DFPawn_Nid_0::UpdateMeleeCollisionChecks ERROR - AnimLinkup->BoneToTrackTable for bone 58 returning INDEX_NONE
[0479.49] Log: DFPawn_Nid_0::UpdateMeleeCollisionChecks ERROR - AnimLinkup->BoneToTrackTable for bone 58 returning INDEX_NONE
[0479.51] Log: DFPawn_Nid_0::UpdateMeleeCollisionChecks ERROR - AnimLinkup->BoneToTrackTable for bone 58 returning INDEX_NONE
[0479.53] Log: DFPawn_Nid_0::UpdateMeleeCollisionChecks ERROR - AnimLinkup->BoneToTrackTable for bone 58 returning INDEX_NONE
[0479.54] Log: DFPawn_Nid_0::UpdateMeleeCollisionChecks ERROR - AnimLinkup->BoneToTrackTable for bone 58 returning INDEX_NONE
[0479.56] Log: DFPawn_Nid_0::UpdateMeleeCollisionChecks ERROR - AnimLinkup->BoneToTrackTable for bone 58 returning INDEX_NONE
[0479.58] Log: DFPawn_Nid_0::UpdateMeleeCollisionChecks ERROR - AnimLinkup->BoneToTrackTable for bone 58 returning INDEX_NONE
[0479.59] Log: DFPawn_Nid_0::UpdateMeleeCollisionChecks ERROR - AnimLinkup->BoneToTrackTable for bone 58 returning INDEX_NONE
[0479.61] Log: DFPawn_Nid_0::UpdateMeleeCollisionChecks ERROR - AnimLinkup->BoneToTrackTable for bone 58 returning INDEX_NONE
[0479.63] Log: DFPawn_Nid_0::UpdateMeleeCollisionChecks ERROR - AnimLinkup->BoneToTrackTable for bone 58 returning INDEX_NONE
[0479.64] Log: DFPawn_Nid_0::UpdateMeleeCollisionChecks ERROR - AnimLinkup->BoneToTrackTable for bone 58 returning INDEX_NONE
[0479.66] Log: DFPawn_Nid_0::UpdateMeleeCollisionChecks ERROR - AnimLinkup->BoneToTrackTable for bone 58 returning INDEX_NONE
[0479.68] Log: DFPawn_Nid_0::UpdateMeleeCollisionChecks ERROR - AnimLinkup->BoneToTrackTable for bone 58 returning INDEX_NONE
[0479.70] Log: DFPawn_Nid_0::UpdateMeleeCollisionChecks ERROR - AnimLinkup->BoneToTrackTable for bone 58 returning INDEX_NONE
[0479.71] Log: DFPawn_Nid_0::UpdateMeleeCollisionChecks ERROR - AnimLinkup->BoneToTrackTable for bone 58 returning INDEX_NONE
[0479.73] Log: DFPawn_Nid_0::UpdateMeleeCollisionChecks ERROR - AnimLinkup->BoneToTrackTable for bone 58 returning INDEX_NONE
[0479.75] Log: DFPawn_Nid_0::UpdateMeleeCollisionChecks ERROR - AnimLinkup->BoneToTrackTable for bone 58 returning INDEX_NONE
[0479.76] Log: DFPawn_Nid_0::UpdateMeleeCollisionChecks ERROR - AnimLinkup->BoneToTrackTable for bone 58 returning INDEX_NONE
[0479.78] Log: DFPawn_Nid_0::UpdateMeleeCollisionChecks ERROR - AnimLinkup->BoneToTrackTable for bone 58 returning INDEX_NONE
[0479.80] Log: DFPawn_Nid_0::UpdateMeleeCollisionChecks ERROR - AnimLinkup->BoneToTrackTable for bone 58 returning INDEX_NONE
[0479.81] Log: DFPawn_Nid_0::UpdateMeleeCollisionChecks ERROR - AnimLinkup->BoneToTrackTable for bone 58 returning INDEX_NONE
[0479.83] Log: DFPawn_Nid_0::UpdateMeleeCollisionChecks ERROR - AnimLinkup->BoneToTrackTable for bone 58 returning INDEX_NONE
[0479.85] Log: DFPawn_Nid_0::UpdateMeleeCollisionChecks ERROR - AnimLinkup->BoneToTrackTable for bone 58 returning INDEX_NONE
[0479.86] Log: DFPawn_Nid_0::UpdateMeleeCollisionChecks ERROR - AnimLinkup->BoneToTrackTable for bone 58 returning INDEX_NONE
[0479.88] Log: DFPawn_Nid_0::UpdateMeleeCollisionChecks ERROR - AnimLinkup->BoneToTrackTable for bone 58 returning INDEX_NONE
[0479.90] Log: DFPawn_Nid_0::UpdateMeleeCollisionChecks ERROR - AnimLinkup->BoneToTrackTable for bone 58 returning INDEX_NONE
[0479.92] Log: DFPawn_Nid_0::UpdateMeleeCollisionChecks ERROR - AnimLinkup->BoneToTrackTable for bone 58 returning INDEX_NONE
[0479.93] Log: DFPawn_Nid_0::UpdateMeleeCollisionChecks ERROR - AnimLinkup->BoneToTrackTable for bone 58 returning INDEX_NONE
[0479.95] Log: DFPawn_Nid_0::UpdateMeleeCollisionChecks ERROR - AnimLinkup->BoneToTrackTable for bone 58 returning INDEX_NONE
[0479.97] Log: DFPawn_Nid_0::UpdateMeleeCollisionChecks ERROR - AnimLinkup->BoneToTrackTable for bone 58 returning INDEX_NONE
[0479.98] Log: DFPawn_Nid_0::UpdateMeleeCollisionChecks ERROR - AnimLinkup->BoneToTrackTable for bone 58 returning INDEX_NONE
[0480.00] DevOnline: Listening for lan beacon requests on 6777
[0480.00] Log: DFPawn_Nid_0::UpdateMeleeCollisionChecks ERROR - AnimLinkup->BoneToTrackTable for bone 58 returning INDEX_NONE
[0480.02] Log: DFPawn_Nid_0::UpdateMeleeCollisionChecks ERROR - AnimLinkup->BoneToTrackTable for bone 58 returning INDEX_NONE
[0480.04] Log: DFPawn_Nid_0::UpdateMeleeCollisionChecks ERROR - AnimLinkup->BoneToTrackTable for bone 58 returning INDEX_NONE
[0480.05] Log: DFPawn_Nid_0::UpdateMeleeCollisionChecks ERROR - AnimLinkup->BoneToTrackTable for bone 58 returning INDEX_NONE
[0480.07] Log: DFPawn_Nid_0::UpdateMeleeCollisionChecks ERROR - AnimLinkup->BoneToTrackTable for bone 58 returning INDEX_NONE
[0480.09] Log: DFPawn_Nid_0::UpdateMeleeCollisionChecks ERROR - AnimLinkup->BoneToTrackTable for bone 58 returning INDEX_NONE
[0480.10] Log: DFPawn_Nid_0::UpdateMeleeCollisionChecks ERROR - AnimLinkup->BoneToTrackTable for bone 58 returning INDEX_NONE
[0480.12] Log: DFPawn_Nid_0::UpdateMeleeCollisionChecks ERROR - AnimLinkup->BoneToTrackTable for bone 58 returning INDEX_NONE
[0480.14] Log: DFPawn_Nid_0::UpdateMeleeCollisionChecks ERROR - AnimLinkup->BoneToTrackTable for bone 58 returning INDEX_NONE
[0480.15] Log: DFPawn_Nid_0::UpdateMeleeCollisionChecks ERROR - AnimLinkup->BoneToTrackTable for bone 58 returning INDEX_NONE
[0480.17] Log: DFPawn_Nid_0::UpdateMeleeCollisionChecks ERROR - AnimLinkup->BoneToTrackTable for bone 58 returning INDEX_NONE
[0480.19] Log: DFPawn_Nid_0::UpdateMeleeCollisionChecks ERROR - AnimLinkup->BoneToTrackTable for bone 58 returning INDEX_NONE
[0480.21] Log: DFPawn_Nid_0::UpdateMeleeCollisionChecks ERROR - AnimLinkup->BoneToTrackTable for bone 58 returning INDEX_NONE
[0480.22] Log: DFPawn_Nid_0::UpdateMeleeCollisionChecks ERROR - AnimLinkup->BoneToTrackTable for bone 58 returning INDEX_NONE
[0480.24] Log: DFPawn_Nid_0::UpdateMeleeCollisionChecks ERROR - AnimLinkup->BoneToTrackTable for bone 58 returning INDEX_NONE
[0480.25] Log: DFPawn_Nid_0::UpdateMeleeCollisionChecks ERROR - AnimLinkup->BoneToTrackTable for bone 58 returning INDEX_NONE
[0480.27] Log: DFPawn_Nid_0::UpdateMeleeCollisionChecks ERROR - AnimLinkup->BoneToTrackTable for bone 58 returning INDEX_NONE
[0480.29] Log: DFPawn_Nid_0::UpdateMeleeCollisionChecks ERROR - AnimLinkup->BoneToTrackTable for bone 58 returning INDEX_NONE
[0480.31] Log: DFPawn_Nid_0::UpdateMeleeCollisionChecks ERROR - AnimLinkup->BoneToTrackTable for bone 58 returning INDEX_NONE
[0480.32] Log: DFPawn_Nid_0::UpdateMeleeCollisionChecks ERROR - AnimLinkup->BoneToTrackTable for bone 58 returning INDEX_NONE
[0480.34] Log: DFPawn_Nid_0::UpdateMeleeCollisionChecks ERROR - AnimLinkup->BoneToTrackTable for bone 58 returning INDEX_NONE
[0480.36] Log: DFPawn_Nid_0::UpdateMeleeCollisionChecks ERROR - AnimLinkup->BoneToTrackTable for bone 58 returning INDEX_NONE
[0480.37] Log: DFPawn_Nid_0::UpdateMeleeCollisionChecks ERROR - AnimLinkup->BoneToTrackTable for bone 58 returning INDEX_NONE
[0480.39] Log: DFPawn_Nid_0::UpdateMeleeCollisionChecks ERROR - AnimLinkup->BoneToTrackTable for bone 58 returning INDEX_NONE
[0480.41] Log: DFPawn_Nid_0::UpdateMeleeCollisionChecks ERROR - AnimLinkup->BoneToTrackTable for bone 58 returning INDEX_NONE
[0480.42] Log: DFPawn_Nid_0::UpdateMeleeCollisionChecks ERROR - AnimLinkup->BoneToTrackTable for bone 58 returning INDEX_NONE
[0480.44] Log: DFPawn_Nid_0::UpdateMeleeCollisionChecks ERROR - AnimLinkup->BoneToTrackTable for bone 58 returning INDEX_NONE
[0480.46] Log: DFPawn_Nid_0::UpdateMeleeCollisionChecks ERROR - AnimLinkup->BoneToTrackTable for bone 58 returning INDEX_NONE
[0480.47] Log: DFPawn_Nid_0::UpdateMeleeCollisionChecks ERROR - AnimLinkup->BoneToTrackTable for bone 58 returning INDEX_NONE
[0480.49] Log: DFPawn_Nid_0::UpdateMeleeCollisionChecks ERROR - AnimLinkup->BoneToTrackTable for bone 58 returning INDEX_NONE
[0480.51] Log: DFPawn_Nid_0::UpdateMeleeCollisionChecks ERROR - AnimLinkup->BoneToTrackTable for bone 58 returning INDEX_NONE
[0480.53] Log: DFPawn_Nid_0::UpdateMeleeCollisionChecks ERROR - AnimLinkup->BoneToTrackTable for bone 58 returning INDEX_NONE
[0480.54] Log: DFPawn_Nid_0::UpdateMeleeCollisionChecks ERROR - AnimLinkup->BoneToTrackTable for bone 58 returning INDEX_NONE
[0480.56] Log: DFPawn_Nid_0::UpdateMeleeCollisionChecks ERROR - AnimLinkup->BoneToTrackTable for bone 58 returning INDEX_NONE
[0480.58] Log: DFPawn_Nid_0::UpdateMeleeCollisionChecks ERROR - AnimLinkup->BoneToTrackTable for bone 58 returning INDEX_NONE
[0480.59] Log: DFPawn_Nid_0::UpdateMeleeCollisionChecks ERROR - AnimLinkup->BoneToTrackTable for bone 58 returning INDEX_NONE
[0480.61] Log: DFPawn_Nid_0::UpdateMeleeCollisionChecks ERROR - AnimLinkup->BoneToTrackTable for bone 58 returning INDEX_NONE
[0480.63] Log: DFPawn_Nid_0::UpdateMeleeCollisionChecks ERROR - AnimLinkup->BoneToTrackTable for bone 58 returning INDEX_NONE
[0480.64] Log: DFPawn_Nid_0::UpdateMeleeCollisionChecks ERROR - AnimLinkup->BoneToTrackTable for bone 58 returning INDEX_NONE
[0480.66] Log: DFPawn_Nid_0::UpdateMeleeCollisionChecks ERROR - AnimLinkup->BoneToTrackTable for bone 58 returning INDEX_NONE
[0480.68] Log: DFPawn_Nid_0::UpdateMeleeCollisionChecks ERROR - AnimLinkup->BoneToTrackTable for bone 58 returning INDEX_NONE
[0480.70] Log: DFPawn_Nid_0::UpdateMeleeCollisionChecks ERROR - AnimLinkup->BoneToTrackTable for bone 58 returning INDEX_NONE
[0480.71] Log: DFPawn_Nid_0::UpdateMeleeCollisionChecks ERROR - AnimLinkup->BoneToTrackTable for bone 58 returning INDEX_NONE
[0480.73] Log: DFPawn_Nid_0::UpdateMeleeCollisionChecks ERROR - AnimLinkup->BoneToTrackTable for bone 58 returning INDEX_NONE
[0480.75] Log: DFPawn_Nid_0::UpdateMeleeCollisionChecks ERROR - AnimLinkup->BoneToTrackTable for bone 58 returning INDEX_NONE
[0480.76] Log: DFPawn_Nid_0::UpdateMeleeCollisionChecks ERROR - AnimLinkup->BoneToTrackTable for bone 58 returning INDEX_NONE
[0480.78] Log: DFPawn_Nid_0::UpdateMeleeCollisionChecks ERROR - AnimLinkup->BoneToTrackTable for bone 58 returning INDEX_NONE
[0480.80] Log: DFPawn_Nid_0::UpdateMeleeCollisionChecks ERROR - AnimLinkup->BoneToTrackTable for bone 58 returning INDEX_NONE
[0480.81] Log: DFPawn_Nid_0::UpdateMeleeCollisionChecks ERROR - AnimLinkup->BoneToTrackTable for bone 58 returning INDEX_NONE
[0480.83] Log: DFPawn_Nid_0::UpdateMeleeCollisionChecks ERROR - AnimLinkup->BoneToTrackTable for bone 58 returning INDEX_NONE
[0480.85] Log: DFPawn_Nid_0::UpdateMeleeCollisionChecks ERROR - AnimLinkup->BoneToTrackTable for bone 58 returning INDEX_NONE
[0480.87] Log: DFPawn_Nid_0::UpdateMeleeCollisionChecks ERROR - AnimLinkup->BoneToTrackTable for bone 58 returning INDEX_NONE
[0480.88] Log: DFPawn_Nid_0::UpdateMeleeCollisionChecks ERROR - AnimLinkup->BoneToTrackTable for bone 58 returning INDEX_NONE
[0480.90] Log: DFPawn_Nid_0::UpdateMeleeCollisionChecks ERROR - AnimLinkup->BoneToTrackTable for bone 58 returning INDEX_NONE
[0480.92] Log: DFPawn_Nid_0::UpdateMeleeCollisionChecks ERROR - AnimLinkup->BoneToTrackTable for bone 58 returning INDEX_NONE
[0480.93] Log: DFPawn_Nid_0::UpdateMeleeCollisionChecks ERROR - AnimLinkup->BoneToTrackTable for bone 58 returning INDEX_NONE
[0480.95] Log: DFPawn_Nid_0::UpdateMeleeCollisionChecks ERROR - AnimLinkup->BoneToTrackTable for bone 58 returning INDEX_NONE
[0480.97] Log: AActor::SetBase : Bone (BuffLight) not found on DFPawn_Nid_1 for inXileForgedMeshActorSpawnable_0!
[0480.97] Log: DFPawn_Nid_0::UpdateMeleeCollisionChecks ERROR - AnimLinkup->BoneToTrackTable for bone 58 returning INDEX_NONE
[0480.98] Log: AActor::SetBase : Bone (BuffLight) not found on DFPawn_Nid_0 for inXileForgedMeshActorSpawnable_1!
[0480.98] Log: DFPawn_Nid_0::UpdateMeleeCollisionChecks ERROR - AnimLinkup->BoneToTrackTable for bone 58 returning INDEX_NONE
[0481.00] Log: DFPawn_Nid_0::UpdateMeleeCollisionChecks ERROR - AnimLinkup->BoneToTrackTable for bone 58 returning INDEX_NONE
[0481.02] Log: DFPawn_Nid_0::UpdateMeleeCollisionChecks ERROR - AnimLinkup->BoneToTrackTable for bone 58 returning INDEX_NONE
[0481.03] Log: DFPawn_Nid_0::UpdateMeleeCollisionChecks ERROR - AnimLinkup->BoneToTrackTable for bone 58 returning INDEX_NONE
[0481.05] Log: DFPawn_Nid_0::UpdateMeleeCollisionChecks ERROR - AnimLinkup->BoneToTrackTable for bone 58 returning INDEX_NONE
[0481.07] Log: DFPawn_Nid_0::UpdateMeleeCollisionChecks ERROR - AnimLinkup->BoneToTrackTable for bone 58 returning INDEX_NONE
[0481.09] Log: DFPawn_Nid_0::UpdateMeleeCollisionChecks ERROR - AnimLinkup->BoneToTrackTable for bone 58 returning INDEX_NONE
[0481.10] Log: DFPawn_Nid_0::UpdateMeleeCollisionChecks ERROR - AnimLinkup->BoneToTrackTable for bone 58 returning INDEX_NONE
[0481.12] Log: DFPawn_Nid_0::UpdateMeleeCollisionChecks ERROR - AnimLinkup->BoneToTrackTable for bone 58 returning INDEX_NONE
[0481.14] Log: DFPawn_Nid_0::UpdateMeleeCollisionChecks ERROR - AnimLinkup->BoneToTrackTable for bone 58 returning INDEX_NONE
[0481.15] Log: DFPawn_Nid_0::UpdateMeleeCollisionChecks ERROR - AnimLinkup->BoneToTrackTable for bone 58 returning INDEX_NONE
[0481.17] Log: DFPawn_Nid_0::UpdateMeleeCollisionChecks ERROR - AnimLinkup->BoneToTrackTable for bone 58 returning INDEX_NONE
[0481.19] Log: DFPawn_Nid_0::UpdateMeleeCollisionChecks ERROR - AnimLinkup->BoneToTrackTable for bone 58 returning INDEX_NONE
[0481.20] Log: DFPawn_Nid_0::UpdateMeleeCollisionChecks ERROR - AnimLinkup->BoneToTrackTable for bone 58 returning INDEX_NONE
[0481.22] Log: DFPawn_Nid_0::UpdateMeleeCollisionChecks ERROR - AnimLinkup->BoneToTrackTable for bone 58 returning INDEX_NONE
[0481.24] Log: DFPawn_Nid_0::UpdateMeleeCollisionChecks ERROR - AnimLinkup->BoneToTrackTable for bone 58 returning INDEX_NONE
[0481.26] Log: DFPawn_Nid_0::UpdateMeleeCollisionChecks ERROR - AnimLinkup->BoneToTrackTable for bone 58 returning INDEX_NONE
[0481.27] Log: DFPawn_Nid_0::UpdateMeleeCollisionChecks ERROR - AnimLinkup->BoneToTrackTable for bone 58 returning INDEX_NONE
[0481.29] Log: DFPawn_Nid_0::UpdateMeleeCollisionChecks ERROR - AnimLinkup->BoneToTrackTable for bone 58 returning INDEX_NONE
[0481.31] Log: DFPawn_Nid_0::UpdateMeleeCollisionChecks ERROR - AnimLinkup->BoneToTrackTable for bone 58 returning INDEX_NONE
[0481.32] Log: DFPawn_Nid_0::UpdateMeleeCollisionChecks ERROR - AnimLinkup->BoneToTrackTable for bone 58 returning INDEX_NONE
[0481.34] Log: DFPawn_Nid_0::UpdateMeleeCollisionChecks ERROR - AnimLinkup->BoneToTrackTable for bone 58 returning INDEX_NONE
[0481.36] Log: DFPawn_Nid_0::UpdateMeleeCollisionChecks ERROR - AnimLinkup->BoneToTrackTable for bone 58 returning INDEX_NONE
[0481.37] Log: DFPawn_Nid_0::UpdateMeleeCollisionChecks ERROR - AnimLinkup->BoneToTrackTable for bone 58 returning INDEX_NONE
[0481.39] Log: DFPawn_Nid_0::UpdateMeleeCollisionChecks ERROR - AnimLinkup->BoneToTrackTable for bone 58 returning INDEX_NONE
[0481.41] Log: DFPawn_Nid_0::UpdateMeleeCollisionChecks ERROR - AnimLinkup->BoneToTrackTable for bone 58 returning INDEX_NONE
[0481.43] Log: DFPawn_Nid_0::UpdateMeleeCollisionChecks ERROR - AnimLinkup->BoneToTrackTable for bone 58 returning INDEX_NONE
[0481.44] Log: DFPawn_Nid_0::UpdateMeleeCollisionChecks ERROR - AnimLinkup->BoneToTrackTable for bone 58 returning INDEX_NONE
[0481.46] Log: DFPawn_Nid_0::UpdateMeleeCollisionChecks ERROR - AnimLinkup->BoneToTrackTable for bone 58 returning INDEX_NONE
[0481.48] Log: DFPawn_Nid_0::UpdateMeleeCollisionChecks ERROR - AnimLinkup->BoneToTrackTable for bone 58 returning INDEX_NONE
[0481.49] Log: DFPawn_Nid_0::UpdateMeleeCollisionChecks ERROR - AnimLinkup->BoneToTrackTable for bone 58 returning INDEX_NONE
[0481.51] Log: DFPawn_Nid_0::UpdateMeleeCollisionChecks ERROR - AnimLinkup->BoneToTrackTable for bone 58 returning INDEX_NONE
[0481.53] Log: DFPawn_Nid_0::UpdateMeleeCollisionChecks ERROR - AnimLinkup->BoneToTrackTable for bone 58 returning INDEX_NONE
[0481.54] Log: DFPawn_Nid_0::UpdateMeleeCollisionChecks ERROR - AnimLinkup->BoneToTrackTable for bone 58 returning INDEX_NONE
[0481.56] Log: DFPawn_Nid_0::UpdateMeleeCollisionChecks ERROR - AnimLinkup->BoneToTrackTable for bone 58 returning INDEX_NONE
[0481.58] Log: DFPawn_Nid_0::UpdateMeleeCollisionChecks ERROR - AnimLinkup->BoneToTrackTable for bone 58 returning INDEX_NONE
[0481.59] Log: DFPawn_Nid_0::UpdateMeleeCollisionChecks ERROR - AnimLinkup->BoneToTrackTable for bone 58 returning INDEX_NONE
[0481.61] Log: DFPawn_Nid_0::UpdateMeleeCollisionChecks ERROR - AnimLinkup->BoneToTrackTable for bone 58 returning INDEX_NONE
[0481.63] Log: DFPawn_Nid_0::UpdateMeleeCollisionChecks ERROR - AnimLinkup->BoneToTrackTable for bone 58 returning INDEX_NONE
[0481.64] Log: DFPawn_Nid_0::UpdateMeleeCollisionChecks ERROR - AnimLinkup->BoneToTrackTable for bone 58 returning INDEX_NONE
[0481.66] Log: DFPawn_Nid_0::UpdateMeleeCollisionChecks ERROR - AnimLinkup->BoneToTrackTable for bone 58 returning INDEX_NONE
[0481.68] Log: DFPawn_Nid_0::UpdateMeleeCollisionChecks ERROR - AnimLinkup->BoneToTrackTable for bone 58 returning INDEX_NONE
[0481.70] Log: DFPawn_Nid_0::UpdateMeleeCollisionChecks ERROR - AnimLinkup->BoneToTrackTable for bone 58 returning INDEX_NONE
[0481.71] Log: DFPawn_Nid_0::UpdateMeleeCollisionChecks ERROR - AnimLinkup->BoneToTrackTable for bone 58 returning INDEX_NONE
[0481.73] Log: DFPawn_Nid_0::UpdateMeleeCollisionChecks ERROR - AnimLinkup->BoneToTrackTable for bone 58 returning INDEX_NONE
[0481.75] Log: DFPawn_Nid_0::UpdateMeleeCollisionChecks ERROR - AnimLinkup->BoneToTrackTable for bone 58 returning INDEX_NONE
[0481.76] Log: DFPawn_Nid_0::UpdateMeleeCollisionChecks ERROR - AnimLinkup->BoneToTrackTable for bone 58 returning INDEX_NONE
[0481.78] Log: DFPawn_Nid_0::UpdateMeleeCollisionChecks ERROR - AnimLinkup->BoneToTrackTable for bone 58 returning INDEX_NONE
[0481.80] Log: DFPawn_Nid_0::UpdateMeleeCollisionChecks ERROR - AnimLinkup->BoneToTrackTable for bone 58 returning INDEX_NONE
[0481.81] Log: DFPawn_Nid_0::UpdateMeleeCollisionChecks ERROR - AnimLinkup->BoneToTrackTable for bone 58 returning INDEX_NONE
[0481.83] Log: DFPawn_Nid_0::UpdateMeleeCollisionChecks ERROR - AnimLinkup->BoneToTrackTable for bone 58 returning INDEX_NONE
[0481.85] Log: DFPawn_Nid_0::UpdateMeleeCollisionChecks ERROR - AnimLinkup->BoneToTrackTable for bone 58 returning INDEX_NONE
[0481.87] Log: DFPawn_Nid_0::UpdateMeleeCollisionChecks ERROR - AnimLinkup->BoneToTrackTable for bone 58 returning INDEX_NONE
[0481.88] Log: DFPawn_Nid_0::UpdateMeleeCollisionChecks ERROR - AnimLinkup->BoneToTrackTable for bone 58 returning INDEX_NONE
[0481.90] Log: DFPawn_Nid_0::UpdateMeleeCollisionChecks ERROR - AnimLinkup->BoneToTrackTable for bone 58 returning INDEX_NONE
[0481.92] Log: DFPawn_Nid_0::UpdateMeleeCollisionChecks ERROR - AnimLinkup->BoneToTrackTable for bone 58 returning INDEX_NONE
[0481.93] Log: DFPawn_Nid_0::UpdateMeleeCollisionChecks ERROR - AnimLinkup->BoneToTrackTable for bone 58 returning INDEX_NONE
[0481.95] Log: DFPawn_Nid_0::UpdateMeleeCollisionChecks ERROR - AnimLinkup->BoneToTrackTable for bone 58 returning INDEX_NONE
[0481.97] Log: DFPawn_Nid_0::UpdateMeleeCollisionChecks ERROR - AnimLinkup->BoneToTrackTable for bone 58 returning INDEX_NONE
[0481.98] Log: DFPawn_Nid_0::UpdateMeleeCollisionChecks ERROR - AnimLinkup->BoneToTrackTable for bone 58 returning INDEX_NONE
[0482.00] Log: DFPawn_Nid_0::UpdateMeleeCollisionChecks ERROR - AnimLinkup->BoneToTrackTable for bone 58 returning INDEX_NONE
[0482.02] Log: Skills: Adding skill to cache... Melee Attack
[0482.02] Log: DFPawn_Nid_0::UpdateMeleeCollisionChecks ERROR - AnimLinkup->BoneToTrackTable for bone 58 returning INDEX_NONE
[0482.03] Log: Skills: Adding skill to cache... Melee Attack
[0483.02] ScriptWarning: Accessed None 'CurrentWeaponAttachment'
	DFWeaponAttachment_Melee UGC-Persistent.TheWorld:PersistentLevel.DFWeaponAttachment_Melee_1
	Function DFGame.DFWeaponAttachment:Cleanup:0152
[0483.17] Log: AActor::SetBase : Bone (BuffLight) not found on DFPawn_Nid_0 for inXileForgedMeshActorSpawnable_2!
[0483.20] Log: AActor::SetBase : Bone (BuffLight) not found on DFPawn_Nid_3 for inXileForgedMeshActorSpawnable_3!
[0483.37] Log: Skills: Adding skill to cache... Spell_Lightning1_Name
[0483.37] MP_Weapons_Native: SetAttackSkillObjectByName() failed, due to not having a prev. ASO - DFWeaponAttachment_Ranged_Spell_2
[0484.02] DevOnline: Listening for lan beacon requests on 6777
[0489.03] DevOnline: Listening for lan beacon requests on 6777
[0491.56] Error: ApplyNewRBState() called for kinematic actor DFDroppedPickup_0
[0491.56] Error: ApplyNewRBState() called for kinematic actor DFDroppedPickup_1
[0491.56] Error: ApplyNewRBState() called for kinematic actor DFDroppedPickup_2
[0491.59] MP_Weapons_Native: SetAttackSkillObjectByName() failed, due to not having a prev. ASO - DFWeaponAttachment_Melee_3
[0491.63] Error: ApplyNewRBState() called for kinematic actor DFDroppedPickup_0
[0491.63] Error: ApplyNewRBState() called for kinematic actor DFDroppedPickup_1
[0491.63] Error: ApplyNewRBState() called for kinematic actor DFDroppedPickup_2
[0493.04] DevOnline: Listening for lan beacon requests on 6777
[0498.05] DevOnline: Listening for lan beacon requests on 6777
[0502.07] DevOnline: Listening for lan beacon requests on 6777
[0504.91] Error: ApplyNewRBState() called for kinematic actor DFDroppedPickup_3
[0504.91] Error: ApplyNewRBState() called for kinematic actor DFDroppedPickup_4
[0504.91] Error: ApplyNewRBState() called for kinematic actor DFDroppedPickup_5
[0504.94] MP_Weapons_Native: SetAttackSkillObjectByName() failed, due to not having a prev. ASO - DFWeaponAttachment_Melee_4
[0504.97] Error: ApplyNewRBState() called for kinematic actor DFDroppedPickup_3
[0504.97] Error: ApplyNewRBState() called for kinematic actor DFDroppedPickup_4
[0504.97] Error: ApplyNewRBState() called for kinematic actor DFDroppedPickup_5
[0507.07] DevOnline: Can't free search results while the search is in progress
[0507.07] DevOnline: Listening for lan beacon requests on 6777
[0508.73] Log: AActor::SetBase : Bone (BuffLight) not found on DFPawn_Nid_5 for inXileForgedMeshActorSpawnable_4!
[0511.08] DevOnline: Listening for lan beacon requests on 6777
[0516.08] DevOnline: Listening for lan beacon requests on 6777
[0516.24] Log: Could not find FMC creator for PSC UGC-Persistent.TheWorld:PersistentLevel.DFPawn_Hero_Female_0.inXileParticleSystemComponent_230 completion callback, message None
[0517.78] Log: Skills: Adding skill to cache... 
[0518.30] Log: Could not find FMC creator for PSC UGC-Persistent.TheWorld:PersistentLevel.DFPawn_Hero_Female_0.inXileParticleSystemComponent_231 completion callback, message None
[0520.10] DevOnline: Listening for lan beacon requests on 6777
[0521.71] Log: Could not find FMC creator for PSC UGC-Persistent.TheWorld:PersistentLevel.DFPawn_Hero_Male_0.inXileParticleSystemComponent_34 completion callback, message None
[0525.10] DevOnline: Listening for lan beacon requests on 6777
[0529.12] DevOnline: Listening for lan beacon requests on 6777
[0529.85] Log: AActor::SyncActorToRBPhysics: Invalid or Missing BodyInstance in CollisionComponent. (check to make certain your object actually has a collision volume) for: DFForgedMeshProjectile_Arrow UGC-Persistent.TheWorld:PersistentLevel.DFForgedMeshProjectile_Arrow_25  CollisionComp: No StaticMeshComponent Assigned  CylinderComponent_84 DetailedInfo: No_Detailed_Info_Specified
[0531.37] Error: ApplyNewRBState() called for kinematic actor DFDroppedPickup_6
[0531.37] Error: ApplyNewRBState() called for kinematic actor DFDroppedPickup_8
[0531.44] Error: ApplyNewRBState() called for kinematic actor DFDroppedPickup_6
[0531.44] Error: ApplyNewRBState() called for kinematic actor DFDroppedPickup_8
[0533.98] Log: Could not find FMC creator for PSC UGC-Persistent.TheWorld:PersistentLevel.DFPawn_Hero_Male_0.inXileParticleSystemComponent_136 completion callback, message None
[0534.12] DevOnline: Listening for lan beacon requests on 6777
[0536.34] Log: AActor::SetBase : Bone (BuffLight) not found on DFPawn_Nid_2 for inXileForgedMeshActorSpawnable_6!
[0538.13] DevOnline: Listening for lan beacon requests on 6777
[0543.14] DevOnline: Listening for lan beacon requests on 6777
[0547.15] DevOnline: Listening for lan beacon requests on 6777
[0552.17] DevOnline: Listening for lan beacon requests on 6777
[0556.18] DevOnline: Listening for lan beacon requests on 6777
[0559.73] Error: ApplyNewRBState() called for kinematic actor DFDroppedPickup_9
[0559.79] Error: ApplyNewRBState() called for kinematic actor DFDroppedPickup_9
[0561.18] DevOnline: Listening for lan beacon requests on 6777
[0563.91] MP_Weapons_Native: SetAttackSkillObjectByName() failed, due to not having a prev. ASO - DFWeaponAttachment_Ranged_Spell_3
[0565.18] DevOnline: Listening for lan beacon requests on 6777
[0565.67] Error: ApplyNewRBState() called for kinematic actor DFDroppedPickup_10
[0565.67] Error: ApplyNewRBState() called for kinematic actor DFDroppedPickup_11
[0565.74] Error: ApplyNewRBState() called for kinematic actor DFDroppedPickup_10
[0565.74] Error: ApplyNewRBState() called for kinematic actor DFDroppedPickup_11
[0566.45] Log: Could not find FMC creator for PSC UGC-Persistent.TheWorld:PersistentLevel.DFPawn_Hero_Female_0.inXileParticleSystemComponent_44 completion callback, message None
[0569.17] Log: Could not find FMC creator for PSC UGC-Persistent.TheWorld:PersistentLevel.DFPawn_Hero_Male_0.inXileParticleSystemComponent_588 completion callback, message None
[0570.20] DevOnline: Listening for lan beacon requests on 6777
[0571.16] Error: ApplyNewRBState() called for kinematic actor DFDroppedPickup_12
[0571.16] Error: ApplyNewRBState() called for kinematic actor DFDroppedPickup_13
[0571.16] Error: ApplyNewRBState() called for kinematic actor DFDroppedPickup_14
[0571.21] MP_Weapons_Native: SetAttackSkillObjectByName() failed, due to not having a prev. ASO - DFWeaponAttachment_Ranged_Bow_3
[0571.23] Error: ApplyNewRBState() called for kinematic actor DFDroppedPickup_12
[0571.23] Error: ApplyNewRBState() called for kinematic actor DFDroppedPickup_13
[0571.23] Error: ApplyNewRBState() called for kinematic actor DFDroppedPickup_14
[0571.96] Log: Could not find FMC creator for PSC UGC-Persistent.TheWorld:PersistentLevel.DFPawn_Hero_Male_0.inXileParticleSystemComponent_589 completion callback, message None
[0574.21] DevOnline: Listening for lan beacon requests on 6777
[0575.66] ScriptWarning: Accessed None 'CurrentWeaponAttachment'
	DFWeaponAttachment_Ranged_Spell UGC-Persistent.TheWorld:PersistentLevel.DFWeaponAttachment_Ranged_Spell_2
	Function DFGame.DFWeaponAttachment:Cleanup:0152
[0575.91] MP_Weapons_Native: SetAttackSkillObjectByName() failed, due to not having a prev. ASO - DFWeaponAttachment_Melee_5
[0576.55] ScriptWarning: Accessed None 'RunSound'
	DFSpecialMove_RoadieRun UGC-Persistent.TheWorld:PersistentLevel.DFSpecialMove_RoadieRun_1
	Function DFGame.DFSpecialMove_RoadieRun:StartSpecialMove:04EF
[0577.01] ScriptWarning: Accessed None 'RunSound'
	DFSpecialMove_RoadieRun UGC-Persistent.TheWorld:PersistentLevel.DFSpecialMove_RoadieRun_1
	Function DFGame.DFSpecialMove_RoadieRun:StopSpecialMove:0174
[0578.13] Log: Skills: Adding skill to cache... <Strings:DFGame.Skill.Melee_LLL_Name>
[0578.66] Log: Skills: Adding skill to cache... Melee Attack
[0579.21] DevOnline: Listening for lan beacon requests on 6777
[0581.01] ScriptWarning: Accessed None 'RunSound'
	DFSpecialMove_RoadieRun UGC-Persistent.TheWorld:PersistentLevel.DFSpecialMove_RoadieRun_1
	Function DFGame.DFSpecialMove_RoadieRun:StartSpecialMove:04EF
[0582.32] ScriptWarning: Accessed None 'RunSound'
	DFSpecialMove_RoadieRun UGC-Persistent.TheWorld:PersistentLevel.DFSpecialMove_RoadieRun_1
	Function DFGame.DFSpecialMove_RoadieRun:StopSpecialMove:0174
[0583.11] Log: DFPawn_Hero_Female_0::UpdateMeleeCollisionChecks ERROR - AnimLinkup->BoneToTrackTable for bone 130 returning INDEX_NONE
[0583.13] Log: DFPawn_Hero_Female_0::UpdateMeleeCollisionChecks ERROR - AnimLinkup->BoneToTrackTable for bone 130 returning INDEX_NONE
[0583.15] Log: DFPawn_Hero_Female_0::UpdateMeleeCollisionChecks ERROR - AnimLinkup->BoneToTrackTable for bone 130 returning INDEX_NONE
[0583.16] Log: DFPawn_Hero_Female_0::UpdateMeleeCollisionChecks ERROR - AnimLinkup->BoneToTrackTable for bone 130 returning INDEX_NONE
[0583.18] Log: DFPawn_Hero_Female_0::UpdateMeleeCollisionChecks ERROR - AnimLinkup->BoneToTrackTable for bone 130 returning INDEX_NONE
[0583.20] Log: DFPawn_Hero_Female_0::UpdateMeleeCollisionChecks ERROR - AnimLinkup->BoneToTrackTable for bone 130 returning INDEX_NONE
[0583.21] Log: DFPawn_Hero_Female_0::UpdateMeleeCollisionChecks ERROR - AnimLinkup->BoneToTrackTable for bone 130 returning INDEX_NONE
[0583.23] DevOnline: Listening for lan beacon requests on 6777
[0583.23] Log: DFPawn_Hero_Female_0::UpdateMeleeCollisionChecks ERROR - AnimLinkup->BoneToTrackTable for bone 130 returning INDEX_NONE
[0583.25] Log: DFPawn_Hero_Female_0::UpdateMeleeCollisionChecks ERROR - AnimLinkup->BoneToTrackTable for bone 130 returning INDEX_NONE
[0583.27] Log: DFPawn_Hero_Female_0::UpdateMeleeCollisionChecks ERROR - AnimLinkup->BoneToTrackTable for bone 130 returning INDEX_NONE
[0583.28] Log: DFPawn_Hero_Female_0::UpdateMeleeCollisionChecks ERROR - AnimLinkup->BoneToTrackTable for bone 130 returning INDEX_NONE
[0583.30] Log: DFPawn_Hero_Female_0::UpdateMeleeCollisionChecks ERROR - AnimLinkup->BoneToTrackTable for bone 130 returning INDEX_NONE
[0583.32] Log: DFPawn_Hero_Female_0::UpdateMeleeCollisionChecks ERROR - AnimLinkup->BoneToTrackTable for bone 130 returning INDEX_NONE
[0583.33] Log: DFPawn_Hero_Female_0::UpdateMeleeCollisionChecks ERROR - AnimLinkup->BoneToTrackTable for bone 130 returning INDEX_NONE
[0583.35] Log: DFPawn_Hero_Female_0::UpdateMeleeCollisionChecks ERROR - AnimLinkup->BoneToTrackTable for bone 130 returning INDEX_NONE
[0583.37] Log: DFPawn_Hero_Female_0::UpdateMeleeCollisionChecks ERROR - AnimLinkup->BoneToTrackTable for bone 130 returning INDEX_NONE
[0583.39] Log: DFPawn_Hero_Female_0::UpdateMeleeCollisionChecks ERROR - AnimLinkup->BoneToTrackTable for bone 130 returning INDEX_NONE
[0583.40] Log: DFPawn_Hero_Female_0::UpdateMeleeCollisionChecks ERROR - AnimLinkup->BoneToTrackTable for bone 130 returning INDEX_NONE
[0583.42] Log: DFPawn_Hero_Female_0::UpdateMeleeCollisionChecks ERROR - AnimLinkup->BoneToTrackTable for bone 130 returning INDEX_NONE
[0583.43] Log: DFPawn_Hero_Female_0::UpdateMeleeCollisionChecks ERROR - AnimLinkup->BoneToTrackTable for bone 130 returning INDEX_NONE
[0583.45] Log: DFPawn_Hero_Female_0::UpdateMeleeCollisionChecks ERROR - AnimLinkup->BoneToTrackTable for bone 130 returning INDEX_NONE
[0583.47] Log: DFPawn_Hero_Female_0::UpdateMeleeCollisionChecks ERROR - AnimLinkup->BoneToTrackTable for bone 130 returning INDEX_NONE
[0583.49] Log: DFPawn_Hero_Female_0::UpdateMeleeCollisionChecks ERROR - AnimLinkup->BoneToTrackTable for bone 130 returning INDEX_NONE
[0583.50] Log: DFPawn_Hero_Female_0::UpdateMeleeCollisionChecks ERROR - AnimLinkup->BoneToTrackTable for bone 130 returning INDEX_NONE
[0588.23] DevOnline: Listening for lan beacon requests on 6777
[0591.54] Error: ApplyNewRBState() called for kinematic actor DFDroppedPickup_15
[0591.60] Error: ApplyNewRBState() called for kinematic actor DFDroppedPickup_15
[0592.25] DevOnline: Listening for lan beacon requests on 6777
[0593.91] Error: ApplyNewRBState() called for kinematic actor DFDroppedPickup_16
[0593.91] Error: ApplyNewRBState() called for kinematic actor DFDroppedPickup_17
[0593.96] MP_Weapons_Native: SetAttackSkillObjectByName() failed, due to not having a prev. ASO - DFWeaponAttachment_Ranged_Bow_4
[0593.98] Error: ApplyNewRBState() called for kinematic actor DFDroppedPickup_16
[0593.98] Error: ApplyNewRBState() called for kinematic actor DFDroppedPickup_17
[0593.98] Error: ApplyNewRBState() called for kinematic actor DFDroppedPickup_18
[0597.26] DevOnline: Listening for lan beacon requests on 6777
[0601.28] DevOnline: Listening for lan beacon requests on 6777
[0601.35] Error: ApplyNewRBState() called for kinematic actor DFDroppedPickup_19
[0601.35] Error: ApplyNewRBState() called for kinematic actor DFDroppedPickup_20
[0601.35] Error: ApplyNewRBState() called for kinematic actor DFDroppedPickup_21
[0601.42] Error: ApplyNewRBState() called for kinematic actor DFDroppedPickup_19
[0601.42] Error: ApplyNewRBState() called for kinematic actor DFDroppedPickup_20
[0601.42] Error: ApplyNewRBState() called for kinematic actor DFDroppedPickup_21
[0604.79] ScriptWarning: Accessed None 'RunSound'
	DFSpecialMove_RoadieRun UGC-Persistent.TheWorld:PersistentLevel.DFSpecialMove_RoadieRun_1
	Function DFGame.DFSpecialMove_RoadieRun:StartSpecialMove:04EF
[0606.28] DevOnline: Listening for lan beacon requests on 6777
[0607.86] ScriptWarning: Accessed None 'RunSound'
	DFSpecialMove_RoadieRun UGC-Persistent.TheWorld:PersistentLevel.DFSpecialMove_RoadieRun_1
	Function DFGame.DFSpecialMove_RoadieRun:StopSpecialMove:0174
[0609.47] Log: Skills: Adding skill to cache... Ranged Explosive Attack
[0609.47] MP_Weapons_Native: SetAttackSkillObjectByName() failed, due to not having a prev. ASO - DFWeaponAttachment_Ranged_Bow_5
[0609.55] Log: Skills: Adding skill to cache... Melee Attack
[0609.55] MP_Weapons_Native: SetAttackSkillObjectByName() failed, due to not having a prev. ASO - DFWeaponAttachment_Melee_6
[0609.60] Log: Skills: Adding skill to cache... Ranged Attack
[0609.60] MP_Weapons_Native: SetAttackSkillObjectByName() failed, due to not having a prev. ASO - DFWeaponAttachment_Ranged_Bow_6
[0610.28] DevOnline: Listening for lan beacon requests on 6777
[0611.45] MP_Weapons_Native: SetAttackSkillObjectByName() failed, due to not having a prev. ASO - DFWeaponAttachment_Ranged_Bow_7
[0611.50] MP_Weapons_Native: SetAttackSkillObjectByName() failed, due to not having a prev. ASO - DFWeaponAttachment_Melee_7
[0611.93] ScriptWarning: Accessed None 'RunSound'
	DFSpecialMove_RoadieRun UGC-Persistent.TheWorld:PersistentLevel.DFSpecialMove_RoadieRun_1
	Function DFGame.DFSpecialMove_RoadieRun:StartSpecialMove:04EF
[0615.30] DevOnline: Listening for lan beacon requests on 6777
[0615.55] ScriptWarning: Accessed None 'RunSound'
	DFSpecialMove_RoadieRun UGC-Persistent.TheWorld:PersistentLevel.DFSpecialMove_RoadieRun_1
	Function DFGame.DFSpecialMove_RoadieRun:StopSpecialMove:0174
[0615.72] Error: ApplyNewRBState() called for kinematic actor DFDroppedPickup_22
[0615.72] Error: ApplyNewRBState() called for kinematic actor DFDroppedPickup_23
[0615.72] Error: ApplyNewRBState() called for kinematic actor DFDroppedPickup_24
[0615.79] Error: ApplyNewRBState() called for kinematic actor DFDroppedPickup_22
[0615.79] Error: ApplyNewRBState() called for kinematic actor DFDroppedPickup_23
[0615.79] Error: ApplyNewRBState() called for kinematic actor DFDroppedPickup_24
[0616.84] ScriptWarning: Accessed None 'CurrentWeaponAttachment'
	DFWeaponAttachment_Melee UGC-Persistent.TheWorld:PersistentLevel.DFWeaponAttachment_Melee_5
	Function DFGame.DFWeaponAttachment:Cleanup:0152
[0617.23] MP_Weapons_Native: SetAttackSkillObjectByName() failed, due to not having a prev. ASO - DFWeaponAttachment_Ranged_Spell_4
[0619.32] DevOnline: Listening for lan beacon requests on 6777
[0619.76] Log: Could not find FMC creator for PSC UGC-Persistent.TheWorld:PersistentLevel.DFPawn_Hero_Female_0.inXileParticleSystemComponent_804 completion callback, message None
[0620.88] Log: Could not find FMC creator for PSC UGC-Persistent.TheWorld:PersistentLevel.DFPawn_Nid_11.inXileParticleSystemComponent_769 completion callback, message None
[0621.84] Log: Could not find FMC creator for PSC UGC-Persistent.TheWorld:PersistentLevel.DFPawn_Hero_Female_0.inXileParticleSystemComponent_805 completion callback, message None
[0623.06] ScriptWarning: Accessed None 'RunSound'
	DFSpecialMove_RoadieRun UGC-Persistent.TheWorld:PersistentLevel.DFSpecialMove_RoadieRun_1
	Function DFGame.DFSpecialMove_RoadieRun:StartSpecialMove:04EF
[0623.16] ScriptWarning: Accessed None 'RunSound'
	DFSpecialMove_RoadieRun UGC-Persistent.TheWorld:PersistentLevel.DFSpecialMove_RoadieRun_1
	Function DFGame.DFSpecialMove_RoadieRun:StopSpecialMove:0174
[0623.38] Log: Skills: Adding skill to cache... Melee Attack
[0624.33] DevOnline: Listening for lan beacon requests on 6777
[0624.38] Log: Skills: Adding skill to cache... Melee Attack
[0624.40] Log: Skills: Adding skill to cache... Melee Attack
[0625.38] Log: Skills: Adding skill to cache... Melee Attack
[0627.08] Log: Could not find FMC creator for PSC UGC-Persistent.TheWorld:PersistentLevel.DFPawn_Nid_11.inXileParticleSystemComponent_769 completion callback, message None
[0628.33] DevOnline: Listening for lan beacon requests on 6777
[0631.04] Error: ApplyNewRBState() called for kinematic actor DFDroppedPickup_26
[0631.06] Error: ApplyNewRBState() called for kinematic actor DFDroppedPickup_Shield_0
[0631.11] Error: ApplyNewRBState() called for kinematic actor DFDroppedPickup_26
[0631.13] Error: ApplyNewRBState() called for kinematic actor DFDroppedPickup_Shield_0
[0633.35] DevOnline: Listening for lan beacon requests on 6777
[0637.35] DevOnline: Listening for lan beacon requests on 6777
[0638.45] Log: Could not find FMC creator for PSC UGC-Persistent.TheWorld:PersistentLevel.DFPawn_Nid_8.inXileParticleSystemComponent_744 completion callback, message None
[0639.59] Error: ApplyNewRBState() called for kinematic actor DFDroppedPickup_Shield_1
[0639.65] Error: ApplyNewRBState() called for kinematic actor DFDroppedPickup_Shield_1
[0642.37] DevOnline: Listening for lan beacon requests on 6777
[0645.94] Error: ApplyNewRBState() called for kinematic actor DFDroppedPickup_30
[0645.94] Error: ApplyNewRBState() called for kinematic actor DFDroppedPickup_31
[0646.01] Error: ApplyNewRBState() called for kinematic actor DFDroppedPickup_30
[0646.01] Error: ApplyNewRBState() called for kinematic actor DFDroppedPickup_31
[0646.38] DevOnline: Listening for lan beacon requests on 6777
[0649.78] Error: ApplyNewRBState() called for kinematic actor DFDroppedPickup_33
[0649.78] Error: ApplyNewRBState() called for kinematic actor DFDroppedPickup_34
[0649.78] Error: ApplyNewRBState() called for kinematic actor DFDroppedPickup_35
[0649.81] MP_Weapons_Native: SetAttackSkillObjectByName() failed, due to not having a prev. ASO - DFWeaponAttachment_Ranged_Bow_8
[0649.84] Error: ApplyNewRBState() called for kinematic actor DFDroppedPickup_33
[0649.84] Error: ApplyNewRBState() called for kinematic actor DFDroppedPickup_34
[0649.84] Error: ApplyNewRBState() called for kinematic actor DFDroppedPickup_35
[0651.39] DevOnline: Listening for lan beacon requests on 6777
[0651.88] Log: Could not find FMC creator for PSC UGC-Persistent.TheWorld:PersistentLevel.DFPawn_Nid_13.inXileParticleSystemComponent_946 completion callback, message None
[0655.39] DevOnline: Listening for lan beacon requests on 6777
[0658.42] Error: ApplyNewRBState() called for kinematic actor DFDroppedPickup_36
[0658.42] Error: ApplyNewRBState() called for kinematic actor DFDroppedPickup_37
[0658.42] Error: ApplyNewRBState() called for kinematic actor DFDroppedPickup_38
[0658.49] Error: ApplyNewRBState() called for kinematic actor DFDroppedPickup_36
[0658.49] Error: ApplyNewRBState() called for kinematic actor DFDroppedPickup_37
[0658.49] Error: ApplyNewRBState() called for kinematic actor DFDroppedPickup_38
[0660.40] DevOnline: Listening for lan beacon requests on 6777
[0664.42] DevOnline: Listening for lan beacon requests on 6777
[0666.54] Log: Skills: Adding skill to cache... Ranged Attack
[0666.54] MP_Weapons_Native: SetAttackSkillObjectByName() failed, due to not having a prev. ASO - DFWeaponAttachment_Ranged_Bow_9
[0666.61] MP_Weapons_Native: SetAttackSkillObjectByName() failed, due to not having a prev. ASO - DFWeaponAttachment_Ranged_Bow_10
[0666.67] Log: Skills: Adding skill to cache... Melee Attack
[0666.67] MP_Weapons_Native: SetAttackSkillObjectByName() failed, due to not having a prev. ASO - DFWeaponAttachment_Melee_8
[0667.16] Log: Skills: Adding skill to cache... Melee_Berserk1_Name
[0668.50] MP_Weapons_Native: SetAttackSkillObjectByName() failed, due to not having a prev. ASO - DFWeaponAttachment_Ranged_Bow_11
[0668.78] Log: Could not find FMC creator for PSC UGC-Persistent.TheWorld:PersistentLevel.DFPawn_Nid_14.inXileParticleSystemComponent_981 completion callback, message None
[0668.79] Log: Could not find FMC creator for PSC UGC-Persistent.TheWorld:PersistentLevel.DFPawn_Nid_15.inXileParticleSystemComponent_990 completion callback, message None
[0669.42] DevOnline: Listening for lan beacon requests on 6777
[0671.57] Error: ApplyNewRBState() called for kinematic actor DFDroppedPickup_39
[0671.57] Error: ApplyNewRBState() called for kinematic actor DFDroppedPickup_40
[0671.61] MP_Weapons_Native: SetAttackSkillObjectByName() failed, due to not having a prev. ASO - DFWeaponAttachment_Ranged_Bow_12
[0671.64] Error: ApplyNewRBState() called for kinematic actor DFDroppedPickup_39
[0671.64] Error: ApplyNewRBState() called for kinematic actor DFDroppedPickup_40
[0672.08] Log: Could not find FMC creator for PSC UGC-Persistent.TheWorld:PersistentLevel.DFPawn_Nid_16.inXileParticleSystemComponent_1017 completion callback, message None
[0673.42] DevOnline: Listening for lan beacon requests on 6777
[0675.64] Log: Could not find FMC creator for PSC UGC-Persistent.TheWorld:PersistentLevel.DFPawn_Nid_15.inXileParticleSystemComponent_990 completion callback, message None
[0677.18] Error: ApplyNewRBState() called for kinematic actor DFDroppedPickup_42
[0677.18] Error: ApplyNewRBState() called for kinematic actor DFDroppedPickup_43
[0677.25] Error: ApplyNewRBState() called for kinematic actor DFDroppedPickup_42
[0677.25] Error: ApplyNewRBState() called for kinematic actor DFDroppedPickup_43
[0678.42] DevOnline: Listening for lan beacon requests on 6777
[0678.69] Log: Skills: Adding skill to cache... Melee Attack
[0678.71] Log: Skills: Adding skill to cache... Melee Attack
[0679.62] Log: Skills: Adding skill to cache... Melee Attack
[0682.44] DevOnline: Listening for lan beacon requests on 6777
[0683.06] Log: Could not find FMC creator for PSC UGC-Persistent.TheWorld:PersistentLevel.DFPawn_Nid_17.inXileParticleSystemComponent_1045 completion callback, message None
[0683.89] Error: ApplyNewRBState() called for kinematic actor DFDroppedPickup_Shield_2
[0683.89] Error: ApplyNewRBState() called for kinematic actor DFDroppedPickup_45
[0683.89] Error: ApplyNewRBState() called for kinematic actor DFDroppedPickup_46
[0683.96] Error: ApplyNewRBState() called for kinematic actor DFDroppedPickup_Shield_2
[0683.96] Error: ApplyNewRBState() called for kinematic actor DFDroppedPickup_45
[0683.96] Error: ApplyNewRBState() called for kinematic actor DFDroppedPickup_46
[0687.44] DevOnline: Listening for lan beacon requests on 6777
[0691.45] DevOnline: Listening for lan beacon requests on 6777
[0692.42] Log: Could not find FMC creator for PSC UGC-Persistent.TheWorld:PersistentLevel.DFPawn_Hero_Male_0.inXileParticleSystemComponent_34 completion callback, message None
[0696.47] DevOnline: Listening for lan beacon requests on 6777
[0697.86] Log: Could not find FMC creator for PSC UGC-Persistent.TheWorld:PersistentLevel.DFPawn_Nid_15.inXileParticleSystemComponent_990 completion callback, message None
[0700.49] DevOnline: Listening for lan beacon requests on 6777
[0701.49] Error: ApplyNewRBState() called for kinematic actor DFDroppedPickup_47
[0701.55] Error: ApplyNewRBState() called for kinematic actor DFDroppedPickup_47
[0705.49] DevOnline: Can't free search results while the search is in progress
[0705.49] DevOnline: Listening for lan beacon requests on 6777
[0706.77] Error: ApplyNewRBState() called for kinematic actor DFDroppedPickup_49
[0706.77] Error: ApplyNewRBState() called for kinematic actor DFDroppedPickup_51
[0706.84] Error: ApplyNewRBState() called for kinematic actor DFDroppedPickup_49
[0706.84] Error: ApplyNewRBState() called for kinematic actor DFDroppedPickup_51
[0707.74] Log: ADFDialogManager::PlayConversationFromScript, Conversation not found: conv_TieCaddoc
[0708.56] Log: Changing subtitle setting, new value: 0
[0708.60] Warning: Warning, Failed to load 'SwfMovie ?INT?GFxUI.IME.MoviePath?': Failed to find object 'SwfMovie ?INT?GFxUI.IME.MoviePath?'
[0708.60] Log: GFx attempted to load missing object [?INT?GFxUI.IME.MoviePath?]
[0709.50] DevOnline: Listening for lan beacon requests on 6777
[0709.67] Warning: Warning, Failed to load 'SwfMovie ?INT?GFxUI.IME.MoviePath?': Failed to find object 'SwfMovie ?INT?GFxUI.IME.MoviePath?'
[0709.67] Log: GFx attempted to load missing object [?INT?GFxUI.IME.MoviePath?]
[0710.34] Warning: Warning, Failed to load 'SwfMovie ?INT?GFxUI.IME.MoviePath?': Failed to find object 'SwfMovie ?INT?GFxUI.IME.MoviePath?'
[0710.34] Log: GFx attempted to load missing object [?INT?GFxUI.IME.MoviePath?]
[0714.52] DevOnline: Listening for lan beacon requests on 6777
[0718.52] DevOnline: Listening for lan beacon requests on 6777
[0723.73] DevOnline: Listening for lan beacon requests on 6777
[0724.02] DevOnline: Async task ''Async profile file write'' started at 18253648.689071
[0724.05] Warning: Warning, Failed to load 'SwfMovie ?INT?GFxUI.IME.MoviePath?': Failed to find object 'SwfMovie ?INT?GFxUI.IME.MoviePath?'
[0724.05] Log: GFx attempted to load missing object [?INT?GFxUI.IME.MoviePath?]
[0724.58] ScriptWarning: Attempt to remove element -1 in an 0-element array 'menuPath'
	DFOnlineDelegateManager UGC-Persistent.TheWorld:PersistentLevel.DFOnlineDelegateManager_3
	Function DFGame.DFOnlineDelegateManager:Menu_ODM_SetCurrentMenu:00C8
[0724.60] Warning: Warning, Failed to load 'SwfMovie ?INT?GFxUI.IME.MoviePath?': Failed to find object 'SwfMovie ?INT?GFxUI.IME.MoviePath?'
[0724.60] Log: GFx attempted to load missing object [?INT?GFxUI.IME.MoviePath?]
[0725.92] Log: Changing subtitle setting, new value: 1
[0727.75] DevOnline: Listening for lan beacon requests on 6777
[0732.74] DevOnline: Listening for lan beacon requests on 6777
[0734.34] ScriptWarning: Accessed None 'CurrentWeaponAttachment'
	DFWeaponAttachment_Ranged_Spell UGC-Persistent.TheWorld:PersistentLevel.DFWeaponAttachment_Ranged_Spell_4
	Function DFGame.DFWeaponAttachment:Cleanup:0152
[0734.61] MP_Weapons_Native: SetAttackSkillObjectByName() failed, due to not having a prev. ASO - DFWeaponAttachment_Melee_9
[0736.74] DevOnline: Listening for lan beacon requests on 6777
[0741.76] DevOnline: Listening for lan beacon requests on 6777
[0743.32] Error: ApplyNewRBState() called for kinematic actor DFDroppedPickup_52
[0743.39] Error: ApplyNewRBState() called for kinematic actor DFDroppedPickup_52
[0745.76] DevOnline: Listening for lan beacon requests on 6777
[0749.79] ScriptWarning: Accessed None 'RunSound'
	DFSpecialMove_RoadieRun UGC-Persistent.TheWorld:PersistentLevel.DFSpecialMove_RoadieRun_1
	Function DFGame.DFSpecialMove_RoadieRun:StartSpecialMove:04EF
[0750.78] DevOnline: Listening for lan beacon requests on 6777
[0753.32] ScriptWarning: Accessed None 'RunSound'
	DFSpecialMove_RoadieRun UGC-Persistent.TheWorld:PersistentLevel.DFSpecialMove_RoadieRun_1
	Function DFGame.DFSpecialMove_RoadieRun:StopSpecialMove:0174
[0754.79] DevOnline: Listening for lan beacon requests on 6777
[0759.79] DevOnline: Listening for lan beacon requests on 6777
[0760.68] ScriptWarning: Accessed None 'RunSound'
	DFSpecialMove_RoadieRun UGC-Persistent.TheWorld:PersistentLevel.DFSpecialMove_RoadieRun_1
	Function DFGame.DFSpecialMove_RoadieRun:StartSpecialMove:04EF
[0763.82] DevOnline: Listening for lan beacon requests on 6777
[0764.63] Log: APPLY TRANSFORM LEVEL from UpdateSTreamingLevels():
[0764.63] Log: APPLY TRANSFORM ROOM #3, rot.pitch=0, rot.yaw=49152, rot.roll=0;  Offset=2427.436035,7216.986328,1757.030762
[0764.63] Log: APPLY TRANSFORM ROOM: UGCDungeonLayoutValues.LevelIndexCurr = 3
[0764.63] Log:  LevelData[3] setting bOffsetsApplied to TRUE
[0764.63] Log:  Flagging Level[3] to be Not Visible
[0764.63] Log:  Flagging Level[3] to be Visible
[0766.09] ScriptWarning: Accessed None 'RunSound'
	DFSpecialMove_RoadieRun UGC-Persistent.TheWorld:PersistentLevel.DFSpecialMove_RoadieRun_1
	Function DFGame.DFSpecialMove_RoadieRun:StopSpecialMove:0174
[0768.09] Log: Could not find FMC creator for PSC 000_Hallway1.TheWorld:PersistentLevel.DFPickupFactoryAlchemyObject_ShardContent_0.inXileParticleSystemComponent_178 completion callback, message None
[0768.82] DevOnline: Listening for lan beacon requests on 6777
[0772.48] Log: Changing subtitle setting, new value: 0
[0772.59] Warning: Warning, Failed to load 'SwfMovie ?INT?GFxUI.IME.MoviePath?': Failed to find object 'SwfMovie ?INT?GFxUI.IME.MoviePath?'
[0772.59] Log: GFx attempted to load missing object [?INT?GFxUI.IME.MoviePath?]
[0772.83] DevOnline: Listening for lan beacon requests on 6777
[0777.84] DevOnline: Listening for lan beacon requests on 6777
[0781.84] DevOnline: Listening for lan beacon requests on 6777
[0786.84] DevOnline: Listening for lan beacon requests on 6777
[0790.85] DevOnline: Listening for lan beacon requests on 6777
[0795.87] DevOnline: Listening for lan beacon requests on 6777
[0799.88] DevOnline: Listening for lan beacon requests on 6777
[0804.89] DevOnline: Listening for lan beacon requests on 6777
[0808.90] DevOnline: Listening for lan beacon requests on 6777
[0810.35] Log: Changing subtitle setting, new value: 1
[0813.92] DevOnline: Listening for lan beacon requests on 6777
[0814.09] ScriptWarning: Accessed None 'RunSound'
	DFSpecialMove_RoadieRun UGC-Persistent.TheWorld:PersistentLevel.DFSpecialMove_RoadieRun_1
	Function DFGame.DFSpecialMove_RoadieRun:StartSpecialMove:04EF
[0815.14] ScriptWarning: Accessed None 'RunSound'
	DFSpecialMove_RoadieRun UGC-Persistent.TheWorld:PersistentLevel.DFSpecialMove_RoadieRun_1
	Function DFGame.DFSpecialMove_RoadieRun:StopSpecialMove:0174
[0815.63] ScriptWarning: Accessed None 'RunSound'
	DFSpecialMove_RoadieRun UGC-Persistent.TheWorld:PersistentLevel.DFSpecialMove_RoadieRun_1
	Function DFGame.DFSpecialMove_RoadieRun:StartSpecialMove:04EF
[0816.78] ScriptWarning: Accessed None 'RunSound'
	DFSpecialMove_RoadieRun UGC-Persistent.TheWorld:PersistentLevel.DFSpecialMove_RoadieRun_1
	Function DFGame.DFSpecialMove_RoadieRun:StopSpecialMove:0174
[0817.93] DevOnline: Listening for lan beacon requests on 6777
[0822.95] DevOnline: Listening for lan beacon requests on 6777
[0826.18] ScriptWarning: Accessed None 'RunSound'
	DFSpecialMove_RoadieRun UGC-Persistent.TheWorld:PersistentLevel.DFSpecialMove_RoadieRun_1
	Function DFGame.DFSpecialMove_RoadieRun:StartSpecialMove:04EF
[0826.26] ScriptWarning: Accessed None 'RunSound'
	DFSpecialMove_RoadieRun UGC-Persistent.TheWorld:PersistentLevel.DFSpecialMove_RoadieRun_1
	Function DFGame.DFSpecialMove_RoadieRun:StopSpecialMove:0174
[0826.97] DevOnline: Listening for lan beacon requests on 6777
[0828.14] Log: Before HALL TRANSORM: UGCDungeonLayoutValues.LevelIndexCurr=3
[0828.14] Log: APPLY TRANSFORM Hall: xformed exit door side=1, rot.roll=0, rot.pitch=0, rot.yaw=16384;  Offset=15957.343262,-17386.992188,-2612.969238
[0828.14] Log:  LevelData[0] setting bOffsetsApplied to TRUE
[0828.14] Log:  Flagging Level[0] to be Not Visible
[0828.14] Log:  Flagging Level[0] to be Visible
[0828.15] Log: FKAggregateGeom::InstanceNovodexGeom: (Actor: 000_Hallway1.TheWorld:PersistentLevel.StaticMeshActor_241 Component: StaticMeshComponent_1808 StaticMesh: ES3_EnviroProps.Meshes.S_WebPlane) No geometries in FKAggregateGeom.
[0828.15] Log: URB_BodyInstance::InitBody : Could not create new Shape: Actor: 000_Hallway1.TheWorld:PersistentLevel.StaticMeshActor_241 Component: StaticMeshComponent_1808 StaticMesh: ES3_EnviroProps.Meshes.S_WebPlane
[0828.15] Log: FKAggregateGeom::InstanceNovodexGeom: (Actor: 000_Hallway1.TheWorld:PersistentLevel.StaticMeshActor_298 Component: StaticMeshComponent_1808 StaticMesh: ES3_EnviroProps.Meshes.S_WebPlane) No geometries in FKAggregateGeom.
[0828.15] Log: URB_BodyInstance::InitBody : Could not create new Shape: Actor: 000_Hallway1.TheWorld:PersistentLevel.StaticMeshActor_298 Component: StaticMeshComponent_1808 StaticMesh: ES3_EnviroProps.Meshes.S_WebPlane
[0828.15] Log: FKAggregateGeom::InstanceNovodexGeom: (Actor: 000_Hallway1.TheWorld:PersistentLevel.StaticMeshActor_191 Component: StaticMeshComponent_1808 StaticMesh: ES3_EnviroProps.Meshes.S_WebPlane) No geometries in FKAggregateGeom.
[0828.15] Log: URB_BodyInstance::InitBody : Could not create new Shape: Actor: 000_Hallway1.TheWorld:PersistentLevel.StaticMeshActor_191 Component: StaticMeshComponent_1808 StaticMesh: ES3_EnviroProps.Meshes.S_WebPlane
[0829.80] MP_Weapons_Native: SetAttackSkillObjectByName() failed, due to not having a prev. ASO - DFWeaponAttachment_Ranged_Bow_13
[0831.97] DevOnline: Listening for lan beacon requests on 6777
[0832.83] MP_Weapons_Native: SetAttackSkillObjectByName() failed, due to not having a prev. ASO - DFWeaponAttachment_Ranged_Spell_5
[0835.95] MP_Weapons_Native: SetAttackSkillObjectByName() failed, due to not having a prev. ASO - DFWeaponAttachment_Melee_10
[0835.98] DevOnline: Listening for lan beacon requests on 6777
[0836.02] MP_Weapons_Native: SetAttackSkillObjectByName() failed, due to not having a prev. ASO - DFWeaponAttachment_Ranged_Bow_14
[0836.09] Log: Skills: Adding skill to cache... Melee Attack
[0836.09] MP_Weapons_Native: SetAttackSkillObjectByName() failed, due to not having a prev. ASO - DFWeaponAttachment_Melee_11
[0836.62] Log: Skills: Adding skill to cache... Melee_Berserk1_Name
[0836.93] MP_Weapons_Native: SetAttackSkillObjectByName() failed, due to not having a prev. ASO - DFWeaponAttachment_Ranged_Bow_15
[0837.38] ScriptWarning: Accessed None 'CurrentWeaponAttachment'
	DFWeaponAttachment_Melee UGC-Persistent.TheWorld:PersistentLevel.DFWeaponAttachment_Melee_9
	Function DFGame.DFWeaponAttachment:Cleanup:0152
[0837.77] Log: Skills: Adding skill to cache... Spell_FireBomb_Name
[0837.77] MP_Weapons_Native: SetAttackSkillObjectByName() failed, due to not having a prev. ASO - DFWeaponAttachment_Ranged_Spell_6
[0839.77] Log: Skills: Adding skill to cache... 
[0840.99] DevOnline: Listening for lan beacon requests on 6777
[0842.24] Log: Could not find FMC creator for PSC UGC-Persistent.TheWorld:PersistentLevel.DFPawn_Nid_20.inXileParticleSystemComponent_1332 completion callback, message None
[0844.78] Error: ApplyNewRBState() called for kinematic actor DFDroppedPickup_55
[0844.84] Error: ApplyNewRBState() called for kinematic actor DFDroppedPickup_55
[0845.00] DevOnline: Listening for lan beacon requests on 6777
[0846.96] Error: ApplyNewRBState() called for kinematic actor DFDroppedPickup_56
[0846.96] Error: ApplyNewRBState() called for kinematic actor DFDroppedPickup_57
[0847.03] Error: ApplyNewRBState() called for kinematic actor DFDroppedPickup_56
[0847.03] Error: ApplyNewRBState() called for kinematic actor DFDroppedPickup_57
[0848.03] MP_Weapons_Native: SetAttackSkillObjectByName() failed, due to not having a prev. ASO - DFWeaponAttachment_Ranged_Bow_16
[0850.00] DevOnline: Can't free search results while the search is in progress
[0850.00] DevOnline: Listening for lan beacon requests on 6777
[0854.01] DevOnline: Listening for lan beacon requests on 6777
[0854.05] Error: ApplyNewRBState() called for kinematic actor DFDroppedPickup_58
[0854.05] Error: ApplyNewRBState() called for kinematic actor DFDroppedPickup_59
[0854.05] Error: ApplyNewRBState() called for kinematic actor DFDroppedPickup_60
[0854.11] Error: ApplyNewRBState() called for kinematic actor DFDroppedPickup_58
[0854.11] Error: ApplyNewRBState() called for kinematic actor DFDroppedPickup_59
[0854.11] Error: ApplyNewRBState() called for kinematic actor DFDroppedPickup_60
[0855.69] Log: Could not find FMC creator for PSC UGC-Persistent.TheWorld:PersistentLevel.DFPawn_Nid_21.inXileParticleSystemComponent_1415 completion callback, message None
[0859.01] DevOnline: Listening for lan beacon requests on 6777
[0863.02] DevOnline: Listening for lan beacon requests on 6777
[0863.49] Error: ApplyNewRBState() called for kinematic actor DFDroppedPickup_61
[0863.49] Error: ApplyNewRBState() called for kinematic actor DFDroppedPickup_62
[0863.49] Error: ApplyNewRBState() called for kinematic actor DFDroppedPickup_63
[0863.52] MP_Weapons_Native: SetAttackSkillObjectByName() failed, due to not having a prev. ASO - DFWeaponAttachment_Melee_12
[0863.55] Error: ApplyNewRBState() called for kinematic actor DFDroppedPickup_61
[0863.55] Error: ApplyNewRBState() called for kinematic actor DFDroppedPickup_62
[0863.56] Error: ApplyNewRBState() called for kinematic actor DFDroppedPickup_63
[0866.95] Log: Could not find FMC creator for PSC UGC-Persistent.TheWorld:PersistentLevel.DFPawn_Hero_Male_0.inXileParticleSystemComponent_1308 completion callback, message None
[0868.03] DevOnline: Listening for lan beacon requests on 6777
[0869.54] Log: ToggleVertexInfluences: (CH_Gibs_Enemy01.Meshes.SK_Gib_Nid) FlushRenderingCommands Took 14.551699 ms
[0869.78] Log: Could not find FMC creator for PSC UGC-Persistent.TheWorld:PersistentLevel.DFPawn_Hero_Male_0.inXileParticleSystemComponent_1309 completion callback, message None
[0871.50] Log: Skills: Adding skill to cache... Melee Attack
[0871.56] Error: ApplyNewRBState() called for kinematic actor DFDroppedPickup_64
[0871.62] Error: ApplyNewRBState() called for kinematic actor DFDroppedPickup_64
[0872.03] DevOnline: Listening for lan beacon requests on 6777
[0872.42] Log: Skills: Adding skill to cache... Melee Attack
[0873.25] Log: Skills: Adding skill to cache... Melee Attack
[0875.78] ScriptWarning: Accessed None 'RunSound'
	DFSpecialMove_RoadieRun UGC-Persistent.TheWorld:PersistentLevel.DFSpecialMove_RoadieRun_1
	Function DFGame.DFSpecialMove_RoadieRun:StartSpecialMove:04EF
[0875.88] ScriptWarning: Accessed None 'RunSound'
	DFSpecialMove_RoadieRun UGC-Persistent.TheWorld:PersistentLevel.DFSpecialMove_RoadieRun_1
	Function DFGame.DFSpecialMove_RoadieRun:StopSpecialMove:0174
[0877.03] DevOnline: Listening for lan beacon requests on 6777
[0881.05] DevOnline: Listening for lan beacon requests on 6777
[0886.06] DevOnline: Listening for lan beacon requests on 6777
[0888.54] MP_Weapons_Native: SetAttackSkillObjectByName() failed, due to not having a prev. ASO - DFWeaponAttachment_Melee_13
[0890.08] DevOnline: Listening for lan beacon requests on 6777
[0890.20] Log: Skills: Adding skill to cache... 
[0890.91] Log: Could not find FMC creator for PSC UGC-Persistent.TheWorld:PersistentLevel.DFPawn_Hero_Female_0.inXileParticleSystemComponent_1344 completion callback, message None
[0894.12] Log: Skills: Adding skill to cache... Spell_Lightning2_Name
[0895.10] DevOnline: Listening for lan beacon requests on 6777
[0899.10] DevOnline: Listening for lan beacon requests on 6777
[0902.18] Error: ApplyNewRBState() called for kinematic actor DFDroppedPickup_69
[0902.18] Error: ApplyNewRBState() called for kinematic actor DFDroppedPickup_70
[0902.18] Error: ApplyNewRBState() called for kinematic actor DFDroppedPickup_71
[0902.23] MP_Weapons_Native: SetAttackSkillObjectByName() failed, due to not having a prev. ASO - DFWeaponAttachment_Melee_14
[0902.25] Error: ApplyNewRBState() called for kinematic actor DFDroppedPickup_69
[0902.25] Error: ApplyNewRBState() called for kinematic actor DFDroppedPickup_70
[0902.25] Error: ApplyNewRBState() called for kinematic actor DFDroppedPickup_71
[0904.11] DevOnline: Listening for lan beacon requests on 6777
[0908.11] DevOnline: Listening for lan beacon requests on 6777
[0913.11] DevOnline: Listening for lan beacon requests on 6777
[0917.11] DevOnline: Listening for lan beacon requests on 6777
[0922.13] DevOnline: Listening for lan beacon requests on 6777
[0924.74] Error: ApplyNewRBState() called for kinematic actor DFDroppedPickup_72
[0924.74] Error: ApplyNewRBState() called for kinematic actor DFDroppedPickup_74
[0924.81] Error: ApplyNewRBState() called for kinematic actor DFDroppedPickup_72
[0924.81] Error: ApplyNewRBState() called for kinematic actor DFDroppedPickup_74
[0926.13] DevOnline: Listening for lan beacon requests on 6777
[0926.61] Error: ApplyNewRBState() called for kinematic actor DFDroppedPickup_75
[0931.15] DevOnline: Listening for lan beacon requests on 6777
[0932.86] MP_Weapons_Native: SetAttackSkillObjectByName() failed, due to not having a prev. ASO - DFWeaponAttachment_Ranged_Spell_7
[0932.95] Log: Skills: Adding skill to cache... Ranged Attack
[0932.95] MP_Weapons_Native: SetAttackSkillObjectByName() failed, due to not having a prev. ASO - DFWeaponAttachment_Ranged_Bow_17
[0933.00] MP_Weapons_Native: SetAttackSkillObjectByName() failed, due to not having a prev. ASO - DFWeaponAttachment_Ranged_Bow_18
[0933.69] ScriptWarning: Accessed None 'CurrentWeaponAttachment'
	DFWeaponAttachment_Ranged_Spell UGC-Persistent.TheWorld:PersistentLevel.DFWeaponAttachment_Ranged_Spell_6
	Function DFGame.DFWeaponAttachment:Cleanup:0152
[0933.79] MP_Weapons_Native: SetAttackSkillObjectByName() failed, due to not having a prev. ASO - DFWeaponAttachment_Ranged_Spell_8
[0933.98] MP_Weapons_Native: SetAttackSkillObjectByName() failed, due to not having a prev. ASO - DFWeaponAttachment_Melee_15
[0935.15] DevOnline: Listening for lan beacon requests on 6777
[0938.91] Log: Could not find FMC creator for PSC UGC-Persistent.TheWorld:PersistentLevel.DFPawn_Hero_Male_0.inXileParticleSystemComponent_1308 completion callback, message None
[0940.16] DevOnline: Listening for lan beacon requests on 6777
[0941.49] Error: ApplyNewRBState() called for kinematic actor DFDroppedPickup_76
[0941.55] Error: ApplyNewRBState() called for kinematic actor DFDroppedPickup_76
[0941.81] Log: Could not find FMC creator for PSC UGC-Persistent.TheWorld:PersistentLevel.DFPawn_Hero_Male_0.inXileParticleSystemComponent_1309 completion callback, message None
[0943.62] Log: AActor::SetBase : Bone (BuffLight) not found on DFPawn_Nid_23 for inXileForgedMeshActorSpawnable_11!
[0944.16] DevOnline: Listening for lan beacon requests on 6777
[0944.86] ScriptWarning: Accessed None 'RunSound'
	DFSpecialMove_RoadieRun UGC-Persistent.TheWorld:PersistentLevel.DFSpecialMove_RoadieRun_1
	Function DFGame.DFSpecialMove_RoadieRun:StartSpecialMove:04EF
[0946.74] ScriptWarning: Accessed None 'RunSound'
	DFSpecialMove_RoadieRun UGC-Persistent.TheWorld:PersistentLevel.DFSpecialMove_RoadieRun_1
	Function DFGame.DFSpecialMove_RoadieRun:StopSpecialMove:0174
[0949.18] DevOnline: Listening for lan beacon requests on 6777
[0949.79] ScriptWarning: Accessed None 'CurrentWeaponAttachment'
	DFWeaponAttachment_Melee UGC-Persistent.TheWorld:PersistentLevel.DFWeaponAttachment_Melee_15
	Function DFGame.DFWeaponAttachment:Cleanup:0152
[0950.15] MP_Weapons_Native: SetAttackSkillObjectByName() failed, due to not having a prev. ASO - DFWeaponAttachment_Ranged_Spell_9
[0951.37] Error: ApplyNewRBState() called for kinematic actor DFDroppedPickup_78
[0951.42] MP_Weapons_Native: SetAttackSkillObjectByName() failed, due to not having a prev. ASO - DFWeaponAttachment_Ranged_Bow_19
[0951.43] Error: ApplyNewRBState() called for kinematic actor DFDroppedPickup_77
[0951.43] Error: ApplyNewRBState() called for kinematic actor DFDroppedPickup_78
[0953.20] DevOnline: Listening for lan beacon requests on 6777
[0958.21] DevOnline: Listening for lan beacon requests on 6777
[0962.21] DevOnline: Listening for lan beacon requests on 6777
[0964.94] Log: Could not find FMC creator for PSC UGC-Persistent.TheWorld:PersistentLevel.DFPawn_Nid_24.inXileParticleSystemComponent_1806 completion callback, message None
[0967.23] DevOnline: Listening for lan beacon requests on 6777
[0971.23] DevOnline: Listening for lan beacon requests on 6777
[0973.75] Error: ApplyNewRBState() called for kinematic actor DFDroppedPickup_80
[0973.75] Error: ApplyNewRBState() called for kinematic actor DFDroppedPickup_81
[0973.75] Error: ApplyNewRBState() called for kinematic actor DFDroppedPickup_82
[0973.82] Error: ApplyNewRBState() called for kinematic actor DFDroppedPickup_80
[0973.82] Error: ApplyNewRBState() called for kinematic actor DFDroppedPickup_81
[0973.82] Error: ApplyNewRBState() called for kinematic actor DFDroppedPickup_82
[0974.72] Log: Could not find FMC creator for PSC UGC-Persistent.TheWorld:PersistentLevel.DFPawn_Hero_Female_0.inXileParticleSystemComponent_1965 completion callback, message None
[0976.23] DevOnline: Can't free search results while the search is in progress
[0976.23] DevOnline: Listening for lan beacon requests on 6777
[0976.87] Log: Could not find FMC creator for PSC UGC-Persistent.TheWorld:PersistentLevel.DFPawn_Hero_Female_0.inXileParticleSystemComponent_1966 completion callback, message None
[0979.45] Log: Could not find FMC creator for PSC UGC-Persistent.TheWorld:PersistentLevel.DFPawn_Hero_Female_0.inXileParticleSystemComponent_44 completion callback, message None
[0980.23] DevOnline: Listening for lan beacon requests on 6777
[0984.22] Log: Could not find FMC creator for PSC UGC-Persistent.TheWorld:PersistentLevel.DFPawn_Hero_Male_0.inXileParticleSystemComponent_1308 completion callback, message None
[0985.25] DevOnline: Listening for lan beacon requests on 6777
[0988.74] Log: Could not find FMC creator for PSC UGC-Persistent.TheWorld:PersistentLevel.DFPawn_Hero_Male_0.inXileParticleSystemComponent_1309 completion callback, message None
[0989.26] DevOnline: Listening for lan beacon requests on 6777
[0994.28] DevOnline: Listening for lan beacon requests on 6777
[0995.06] Log: Could not find FMC creator for PSC UGC-Persistent.TheWorld:PersistentLevel.DFPawn_Hero_Female_0.inXileParticleSystemComponent_1965 completion callback, message None
[0997.08] Log: Could not find FMC creator for PSC UGC-Persistent.TheWorld:PersistentLevel.DFPawn_Hero_Female_0.inXileParticleSystemComponent_1966 completion callback, message None
[0997.38] Log: Skills: Adding skill to cache... 
[0998.28] DevOnline: Listening for lan beacon requests on 6777
[1003.28] DevOnline: Listening for lan beacon requests on 6777
[1003.92] Log: AActor::SetBase : Bone (BuffLight) not found on DFPawn_Nid_26 for inXileForgedMeshActorSpawnable_14!
[1006.88] Error: ApplyNewRBState() called for kinematic actor DFDroppedPickup_83
[1006.88] Error: ApplyNewRBState() called for kinematic actor DFDroppedPickup_84
[1006.94] Error: ApplyNewRBState() called for kinematic actor DFDroppedPickup_83
[1006.94] Error: ApplyNewRBState() called for kinematic actor DFDroppedPickup_84
[1007.30] DevOnline: Listening for lan beacon requests on 6777
[1012.30] DevOnline: Can't free search results while the search is in progress
[1012.30] DevOnline: Listening for lan beacon requests on 6777
[1014.59] Error: ApplyNewRBState() called for kinematic actor DFDroppedPickup_85
[1014.59] Error: ApplyNewRBState() called for kinematic actor DFDroppedPickup_86
[1014.59] Error: ApplyNewRBState() called for kinematic actor DFDroppedPickup_87
[1014.64] MP_Weapons_Native: SetAttackSkillObjectByName() failed, due to not having a prev. ASO - DFWeaponAttachment_Ranged_Bow_20
[1014.66] Error: ApplyNewRBState() called for kinematic actor DFDroppedPickup_85
[1014.66] Error: ApplyNewRBState() called for kinematic actor DFDroppedPickup_86
[1014.72] Error: ApplyNewRBState() called for kinematic actor DFDroppedPickup_87
[1016.32] DevOnline: Listening for lan beacon requests on 6777
[1019.08] Error: ApplyNewRBState() called for kinematic actor DFDroppedPickup_88
[1019.08] Error: ApplyNewRBState() called for kinematic actor DFDroppedPickup_89
[1019.15] Error: ApplyNewRBState() called for kinematic actor DFDroppedPickup_88
[1019.15] Error: ApplyNewRBState() called for kinematic actor DFDroppedPickup_89
[1021.33] DevOnline: Listening for lan beacon requests on 6777
[1025.35] DevOnline: Listening for lan beacon requests on 6777
[1029.25] ScriptWarning: Accessed None 'CurrentWeaponAttachment'
	DFWeaponAttachment_Ranged_Spell UGC-Persistent.TheWorld:PersistentLevel.DFWeaponAttachment_Ranged_Spell_9
	Function DFGame.DFWeaponAttachment:Cleanup:0152
[1029.52] MP_Weapons_Native: SetAttackSkillObjectByName() failed, due to not having a prev. ASO - DFWeaponAttachment_Melee_16
[1030.35] DevOnline: Listening for lan beacon requests on 6777
[1032.15] Error: ApplyNewRBState() called for kinematic actor DFDroppedPickup_90
[1032.21] Error: ApplyNewRBState() called for kinematic actor DFDroppedPickup_90
[1034.37] DevOnline: Listening for lan beacon requests on 6777
[1037.72] Error: ApplyNewRBState() called for kinematic actor DFDroppedPickup_92
[1037.79] MP_Weapons_Native: SetAttackSkillObjectByName() failed, due to not having a prev. ASO - DFWeaponAttachment_Ranged_Bow_21
[1037.79] Error: ApplyNewRBState() called for kinematic actor DFDroppedPickup_92
[1039.37] DevOnline: Listening for lan beacon requests on 6777
[1042.52] Error: ApplyNewRBState() called for kinematic actor DFDroppedPickup_93
[1042.59] Error: ApplyNewRBState() called for kinematic actor DFDroppedPickup_93
[1043.37] DevOnline: Listening for lan beacon requests on 6777
[1044.70] Error: ApplyNewRBState() called for kinematic actor DFDroppedPickup_94
[1044.77] Error: ApplyNewRBState() called for kinematic actor DFDroppedPickup_94
[1045.87] MP_Weapons_Native: SetAttackSkillObjectByName() failed, due to not having a prev. ASO - DFWeaponAttachment_Ranged_Bow_22
[1045.89] Log: Skills: Adding skill to cache... Melee Attack
[1045.89] MP_Weapons_Native: SetAttackSkillObjectByName() failed, due to not having a prev. ASO - DFWeaponAttachment_Melee_17
[1045.96] Log: Skills: Adding skill to cache... Fireball Attack
[1045.96] MP_Weapons_Native: SetAttackSkillObjectByName() failed, due to not having a prev. ASO - DFWeaponAttachment_Ranged_Spell_10
[1046.09] Warning: DFNodeTurnInPlace_Player_147 - Failed, with animsequence 'inj_TurnL90' on SkeletalMeshComponent: 'inXileForgedMeshComponent_693' whose owner is: 'DFPawn_Minotaur_0' and is of type 'ForgedMeshComponent'
[1046.33] ScriptWarning: Accessed None 'CurrentWeaponAttachment'
	DFWeaponAttachment_Melee UGC-Persistent.TheWorld:PersistentLevel.DFWeaponAttachment_Melee_16
	Function DFGame.DFWeaponAttachment:Cleanup:0152
[1046.72] MP_Weapons_Native: SetAttackSkillObjectByName() failed, due to not having a prev. ASO - DFWeaponAttachment_Ranged_Spell_11
[1047.85] ScriptWarning: Accessed None 'CurrentWeaponAttachment'
	DFWeaponAttachment_Ranged_Spell UGC-Persistent.TheWorld:PersistentLevel.DFWeaponAttachment_Ranged_Spell_11
	Function DFGame.DFWeaponAttachment:Cleanup:0152
[1047.89] MP_Weapons_Native: SetAttackSkillObjectByName() failed, due to not having a prev. ASO - DFWeaponAttachment_Ranged_Spell_12
[1048.11] MP_Weapons_Native: SetAttackSkillObjectByName() failed, due to not having a prev. ASO - DFWeaponAttachment_Melee_18
[1048.38] DevOnline: Listening for lan beacon requests on 6777
[1049.13] ScriptWarning: Accessed None 'CurrentWeaponAttachment'
	DFWeaponAttachment_Melee UGC-Persistent.TheWorld:PersistentLevel.DFWeaponAttachment_Melee_18
	Function DFGame.DFWeaponAttachment:Cleanup:0152
[1049.53] MP_Weapons_Native: SetAttackSkillObjectByName() failed, due to not having a prev. ASO - DFWeaponAttachment_Ranged_Spell_13
[1052.38] DevOnline: Listening for lan beacon requests on 6777
[1054.28] ScriptWarning: Accessed None 'ChargeSound'
	DFSpecialMove_ChargeMove UGC-Persistent.TheWorld:PersistentLevel.DFSpecialMove_ChargeMove_0
	Function DFGame.DFSpecialMove_ChargeMove:StartSpecialMove:009F
[1054.29] ScriptWarning: Accessed None 'ChargeSound'
	DFSpecialMove_ChargeMove UGC-Persistent.TheWorld:PersistentLevel.DFSpecialMove_ChargeMove_0
	Function DFGame.DFSpecialMove_ChargeMove:StopSpecialMove:009C
[1054.29] ScriptWarning: Accessed None 'ChargeSound'
	DFSpecialMove_ChargeMove UGC-Persistent.TheWorld:PersistentLevel.DFSpecialMove_ChargeMove_0
	Function DFGame.DFSpecialMove_ChargeMove:StartSpecialMove:009F
[1054.70] ScriptWarning: Accessed None 'ChargeSound'
	DFSpecialMove_ChargeMove UGC-Persistent.TheWorld:PersistentLevel.DFSpecialMove_ChargeMove_0
	Function DFGame.DFSpecialMove_ChargeMove:StopSpecialMove:009C
[1055.06] Log: Could not find FMC creator for PSC UGC-Persistent.TheWorld:PersistentLevel.DFPawn_Hero_Male_0.inXileParticleSystemComponent_2251 completion callback, message None
[1055.77] Warning: DFNodeTurnInPlace_Player_147 - Failed, with animsequence 'inj_TurnL90' on SkeletalMeshComponent: 'inXileForgedMeshComponent_693' whose owner is: 'DFPawn_Minotaur_0' and is of type 'ForgedMeshComponent'
[1055.90] Warning: DFNodeTurnInPlace_Player_147 - Failed, with animsequence 'inj_TurnL90' on SkeletalMeshComponent: 'inXileForgedMeshComponent_693' whose owner is: 'DFPawn_Minotaur_0' and is of type 'ForgedMeshComponent'
[1055.90] Warning: DFNodeTurnInPlace_Player_147 - Failed, with animsequence 'inj_TurnL180' on SkeletalMeshComponent: 'inXileForgedMeshComponent_693' whose owner is: 'DFPawn_Minotaur_0' and is of type 'ForgedMeshComponent'
[1056.67] Log: Skills: Adding skill to cache... Melee Attack
[1056.67] Warning: DFNodeTurnInPlace_Player_147 - Failed, with animsequence 'inj_TurnL90' on SkeletalMeshComponent: 'inXileForgedMeshComponent_693' whose owner is: 'DFPawn_Minotaur_0' and is of type 'ForgedMeshComponent'
[1056.67] Warning: DFNodeTurnInPlace_Player_147 - Failed, with animsequence 'inj_TurnL180' on SkeletalMeshComponent: 'inXileForgedMeshComponent_693' whose owner is: 'DFPawn_Minotaur_0' and is of type 'ForgedMeshComponent'
[1057.39] DevOnline: Listening for lan beacon requests on 6777
[1057.97] Log: Could not find FMC creator for PSC UGC-Persistent.TheWorld:PersistentLevel.DFPawn_Hero_Male_0.inXileParticleSystemComponent_2252 completion callback, message None
[1061.38] Log: Could not find FMC creator for PSC UGC-Persistent.TheWorld:PersistentLevel.DFPawn_Hero_Female_0.inXileParticleSystemComponent_2267 completion callback, message None
[1061.40] DevOnline: Listening for lan beacon requests on 6777
[1063.48] Log: Could not find FMC creator for PSC UGC-Persistent.TheWorld:PersistentLevel.DFPawn_Hero_Female_0.inXileParticleSystemComponent_2268 completion callback, message None
[1065.46] ScriptWarning: Accessed None 'ChargeSound'
	DFSpecialMove_ChargeMove UGC-Persistent.TheWorld:PersistentLevel.DFSpecialMove_ChargeMove_0
	Function DFGame.DFSpecialMove_ChargeMove:StartSpecialMove:009F
[1065.92] ScriptWarning: Accessed None 'ChargeSound'
	DFSpecialMove_ChargeMove UGC-Persistent.TheWorld:PersistentLevel.DFSpecialMove_ChargeMove_0
	Function DFGame.DFSpecialMove_ChargeMove:StopSpecialMove:009C
[1066.41] DevOnline: Listening for lan beacon requests on 6777
[1067.16] Warning: DFNodeTurnInPlace_Player_147 - Failed, with animsequence 'inj_TurnR180' on SkeletalMeshComponent: 'inXileForgedMeshComponent_693' whose owner is: 'DFPawn_Minotaur_0' and is of type 'ForgedMeshComponent'
[1067.16] Warning: DFNodeTurnInPlace_Player_147 - Failed, with animsequence 'inj_TurnL180' on SkeletalMeshComponent: 'inXileForgedMeshComponent_693' whose owner is: 'DFPawn_Minotaur_0' and is of type 'ForgedMeshComponent'
[1067.70] Log: Could not find FMC creator for PSC UGC-Persistent.TheWorld:PersistentLevel.DFPawn_Hero_Female_0.inXileParticleSystemComponent_44 completion callback, message None
[1070.43] DevOnline: Listening for lan beacon requests on 6777
[1073.07] Error: ApplyNewRBState() called for kinematic actor DFDroppedPickup_95
[1073.07] Error: ApplyNewRBState() called for kinematic actor DFDroppedPickup_96
[1073.07] Error: ApplyNewRBState() called for kinematic actor DFDroppedPickup_97
[1073.12] MP_Weapons_Native: SetAttackSkillObjectByName() failed, due to not having a prev. ASO - DFWeaponAttachment_Ranged_Bow_23
[1073.14] Error: ApplyNewRBState() called for kinematic actor DFDroppedPickup_95
[1073.14] Error: ApplyNewRBState() called for kinematic actor DFDroppedPickup_96
[1073.14] Error: ApplyNewRBState() called for kinematic actor DFDroppedPickup_97
[1075.45] DevOnline: Listening for lan beacon requests on 6777
[1075.49] ScriptWarning: Accessed None 'ChargeSound'
	DFSpecialMove_ChargeMove UGC-Persistent.TheWorld:PersistentLevel.DFSpecialMove_ChargeMove_0
	Function DFGame.DFSpecialMove_ChargeMove:StartSpecialMove:009F
[1075.51] ScriptWarning: Accessed None 'ChargeSound'
	DFSpecialMove_ChargeMove UGC-Persistent.TheWorld:PersistentLevel.DFSpecialMove_ChargeMove_0
	Function DFGame.DFSpecialMove_ChargeMove:StopSpecialMove:009C
[1075.51] ScriptWarning: Accessed None 'ChargeSound'
	DFSpecialMove_ChargeMove UGC-Persistent.TheWorld:PersistentLevel.DFSpecialMove_ChargeMove_0
	Function DFGame.DFSpecialMove_ChargeMove:StartSpecialMove:009F
[1076.53] ScriptWarning: Accessed None 'ChargeSound'
	DFSpecialMove_ChargeMove UGC-Persistent.TheWorld:PersistentLevel.DFSpecialMove_ChargeMove_0
	Function DFGame.DFSpecialMove_ChargeMove:StopSpecialMove:009C
[1077.62] Warning: DFNodeTurnInPlace_Player_147 - Failed, with animsequence 'inj_TurnR180' on SkeletalMeshComponent: 'inXileForgedMeshComponent_693' whose owner is: 'DFPawn_Minotaur_0' and is of type 'ForgedMeshComponent'
[1077.62] Warning: DFNodeTurnInPlace_Player_147 - Failed, with animsequence 'inj_TurnL180' on SkeletalMeshComponent: 'inXileForgedMeshComponent_693' whose owner is: 'DFPawn_Minotaur_0' and is of type 'ForgedMeshComponent'
[1079.44] DevOnline: Listening for lan beacon requests on 6777
[1081.77] Warning: DFNodeTurnInPlace_Player_147 - Failed, with animsequence 'inj_TurnR90' on SkeletalMeshComponent: 'inXileForgedMeshComponent_693' whose owner is: 'DFPawn_Minotaur_0' and is of type 'ForgedMeshComponent'
[1081.77] Warning: DFNodeTurnInPlace_Player_147 - Failed, with animsequence 'inj_TurnL180' on SkeletalMeshComponent: 'inXileForgedMeshComponent_693' whose owner is: 'DFPawn_Minotaur_0' and is of type 'ForgedMeshComponent'
[1084.46] DevOnline: Listening for lan beacon requests on 6777
[1087.01] Warning: DFNodeTurnInPlace_Player_147 - Failed, with animsequence 'inj_TurnR90' on SkeletalMeshComponent: 'inXileForgedMeshComponent_693' whose owner is: 'DFPawn_Minotaur_0' and is of type 'ForgedMeshComponent'
[1087.01] Warning: DFNodeTurnInPlace_Player_147 - Failed, with animsequence 'inj_TurnL180' on SkeletalMeshComponent: 'inXileForgedMeshComponent_693' whose owner is: 'DFPawn_Minotaur_0' and is of type 'ForgedMeshComponent'
[1087.75] Error: ApplyNewRBState() called for kinematic actor DFDroppedPickup_99
[1087.75] Error: ApplyNewRBState() called for kinematic actor DFDroppedPickup_100
[1087.82] Error: ApplyNewRBState() called for kinematic actor DFDroppedPickup_99
[1087.82] Error: ApplyNewRBState() called for kinematic actor DFDroppedPickup_100
[1088.48] DevOnline: Listening for lan beacon requests on 6777
[1091.04] ScriptWarning: Accessed None 'ChargeSound'
	DFSpecialMove_ChargeMove UGC-Persistent.TheWorld:PersistentLevel.DFSpecialMove_ChargeMove_0
	Function DFGame.DFSpecialMove_ChargeMove:StartSpecialMove:009F
[1091.85] ScriptWarning: Accessed None 'ChargeSound'
	DFSpecialMove_ChargeMove UGC-Persistent.TheWorld:PersistentLevel.DFSpecialMove_ChargeMove_0
	Function DFGame.DFSpecialMove_ChargeMove:StopSpecialMove:009C
[1092.94] Warning: DFNodeTurnInPlace_Player_147 - Failed, with animsequence 'inj_TurnL90' on SkeletalMeshComponent: 'inXileForgedMeshComponent_693' whose owner is: 'DFPawn_Minotaur_0' and is of type 'ForgedMeshComponent'
[1092.94] Warning: DFNodeTurnInPlace_Player_147 - Failed, with animsequence 'inj_TurnL180' on SkeletalMeshComponent: 'inXileForgedMeshComponent_693' whose owner is: 'DFPawn_Minotaur_0' and is of type 'ForgedMeshComponent'
[1093.48] DevOnline: Can't free search results while the search is in progress
[1093.48] DevOnline: Listening for lan beacon requests on 6777
[1093.82] Warning: DFNodeTurnInPlace_Player_147 - Failed, with animsequence 'inj_TurnL90' on SkeletalMeshComponent: 'inXileForgedMeshComponent_693' whose owner is: 'DFPawn_Minotaur_0' and is of type 'ForgedMeshComponent'
[1093.82] Warning: DFNodeTurnInPlace_Player_147 - Failed, with animsequence 'inj_TurnL180' on SkeletalMeshComponent: 'inXileForgedMeshComponent_693' whose owner is: 'DFPawn_Minotaur_0' and is of type 'ForgedMeshComponent'
[1093.82] Warning: DFNodeTurnInPlace_Player_147 - Failed, with animsequence 'inj_TurnL90' on SkeletalMeshComponent: 'inXileForgedMeshComponent_693' whose owner is: 'DFPawn_Minotaur_0' and is of type 'ForgedMeshComponent'
[1093.82] Warning: DFNodeTurnInPlace_Player_147 - Failed, with animsequence 'inj_TurnL180' on SkeletalMeshComponent: 'inXileForgedMeshComponent_693' whose owner is: 'DFPawn_Minotaur_0' and is of type 'ForgedMeshComponent'
[1094.32] Warning: DFNodeTurnInPlace_Player_147 - Failed, with animsequence 'inj_TurnL90' on SkeletalMeshComponent: 'inXileForgedMeshComponent_693' whose owner is: 'DFPawn_Minotaur_0' and is of type 'ForgedMeshComponent'
[1094.32] Warning: DFNodeTurnInPlace_Player_147 - Failed, with animsequence 'inj_TurnL180' on SkeletalMeshComponent: 'inXileForgedMeshComponent_693' whose owner is: 'DFPawn_Minotaur_0' and is of type 'ForgedMeshComponent'
[1094.32] Warning: DFNodeTurnInPlace_Player_147 - Failed, with animsequence 'inj_TurnL90' on SkeletalMeshComponent: 'inXileForgedMeshComponent_693' whose owner is: 'DFPawn_Minotaur_0' and is of type 'ForgedMeshComponent'
[1094.32] Warning: DFNodeTurnInPlace_Player_147 - Failed, with animsequence 'inj_TurnL180' on SkeletalMeshComponent: 'inXileForgedMeshComponent_693' whose owner is: 'DFPawn_Minotaur_0' and is of type 'ForgedMeshComponent'
[1096.36] Error: ApplyNewRBState() called for kinematic actor DFDroppedPickup_101
[1096.36] Error: ApplyNewRBState() called for kinematic actor DFDroppedPickup_102
[1096.36] Error: ApplyNewRBState() called for kinematic actor DFDroppedPickup_103
[1096.43] Error: ApplyNewRBState() called for kinematic actor DFDroppedPickup_101
[1096.43] Error: ApplyNewRBState() called for kinematic actor DFDroppedPickup_102
[1096.43] Error: ApplyNewRBState() called for kinematic actor DFDroppedPickup_103
[1097.49] DevOnline: Listening for lan beacon requests on 6777
[1102.50] DevOnline: Listening for lan beacon requests on 6777
[1103.56] Log: Could not find FMC creator for PSC UGC-Persistent.TheWorld:PersistentLevel.DFPawn_Hero_Male_0.inXileParticleSystemComponent_2251 completion callback, message None
[1106.44] Log: Could not find FMC creator for PSC UGC-Persistent.TheWorld:PersistentLevel.DFPawn_Hero_Male_0.inXileParticleSystemComponent_2252 completion callback, message None
[1106.51] DevOnline: Listening for lan beacon requests on 6777
[1111.53] DevOnline: Listening for lan beacon requests on 6777
[1114.58] MP_Weapons_Native: SetAttackSkillObjectByName() failed, due to not having a prev. ASO - DFWeaponAttachment_Ranged_Spell_14
[1115.53] DevOnline: Listening for lan beacon requests on 6777
[1120.54] DevOnline: Listening for lan beacon requests on 6777
[1124.56] DevOnline: Listening for lan beacon requests on 6777
[1129.56] DevOnline: Listening for lan beacon requests on 6777
[1131.08] Error: ApplyNewRBState() called for kinematic actor DFDroppedPickup_105
[1131.15] Error: ApplyNewRBState() called for kinematic actor DFDroppedPickup_105
[1132.05] Log: ADFDialogManager::PlayConversationFromScript, Conversation not found: conv_TieElara
[1133.58] DevOnline: Listening for lan beacon requests on 6777
[1138.58] DevOnline: Listening for lan beacon requests on 6777
[1142.60] DevOnline: Listening for lan beacon requests on 6777
[1147.60] DevOnline: Listening for lan beacon requests on 6777
[1149.71] MP_Weapons_Native: SetAttackSkillObjectByName() failed, due to not having a prev. ASO - DFWeaponAttachment_Ranged_Bow_24
[1151.61] DevOnline: Listening for lan beacon requests on 6777
[1156.61] DevOnline: Listening for lan beacon requests on 6777
[1160.63] DevOnline: Listening for lan beacon requests on 6777
[1165.65] DevOnline: Listening for lan beacon requests on 6777
[1169.65] DevOnline: Listening for lan beacon requests on 6777
[1170.07] ScriptWarning: Accessed None 'RunSound'
	DFSpecialMove_RoadieRun UGC-Persistent.TheWorld:PersistentLevel.DFSpecialMove_RoadieRun_1
	Function DFGame.DFSpecialMove_RoadieRun:StartSpecialMove:04EF
[1170.09] ScriptWarning: Accessed None 'RunSound'
	DFSpecialMove_RoadieRun UGC-Persistent.TheWorld:PersistentLevel.DFSpecialMove_RoadieRun_1
	Function DFGame.DFSpecialMove_RoadieRun:StopSpecialMove:0174
[1171.09] ScriptWarning: Accessed None 'RunSound'
	DFSpecialMove_RoadieRun UGC-Persistent.TheWorld:PersistentLevel.DFSpecialMove_RoadieRun_1
	Function DFGame.DFSpecialMove_RoadieRun:StartSpecialMove:04EF
[1171.14] ScriptWarning: Accessed None 'RunSound'
	DFSpecialMove_RoadieRun UGC-Persistent.TheWorld:PersistentLevel.DFSpecialMove_RoadieRun_1
	Function DFGame.DFSpecialMove_RoadieRun:StopSpecialMove:0174
[1172.06] Log: APPLY TRANSFORM LEVEL from UpdateSTreamingLevels():
[1172.06] Log: APPLY TRANSFORM ROOM #4, rot.pitch=0, rot.yaw=16384, rot.roll=0;  Offset=20019.146484,-4736.137695,-2189.453857
[1172.06] Log: APPLY TRANSFORM ROOM: UGCDungeonLayoutValues.LevelIndexCurr = 4
[1172.06] Log:  LevelData[4] setting bOffsetsApplied to TRUE
[1172.06] Log:  Flagging Level[4] to be Not Visible
[1172.06] Log:  Flagging Level[4] to be Visible
[1174.65] DevOnline: Listening for lan beacon requests on 6777
[1175.48] Log: Could not find FMC creator for PSC 000_Hallway1.TheWorld:PersistentLevel.DFPickupFactoryAlchemyObject_ShardContent_0.inXileParticleSystemComponent_1298 completion callback, message None
[1178.67] DevOnline: Listening for lan beacon requests on 6777
[1182.63] Log: Changing subtitle setting, new value: 0
[1182.74] Warning: Warning, Failed to load 'SwfMovie ?INT?GFxUI.IME.MoviePath?': Failed to find object 'SwfMovie ?INT?GFxUI.IME.MoviePath?'
[1182.74] Log: GFx attempted to load missing object [?INT?GFxUI.IME.MoviePath?]
[1183.68] DevOnline: Listening for lan beacon requests on 6777
[1187.69] DevOnline: Listening for lan beacon requests on 6777
[1192.69] DevOnline: Listening for lan beacon requests on 6777
[1196.71] DevOnline: Listening for lan beacon requests on 6777
[1201.73] DevOnline: Listening for lan beacon requests on 6777
[1205.74] DevOnline: Listening for lan beacon requests on 6777
[1210.76] DevOnline: Listening for lan beacon requests on 6777
[1214.76] DevOnline: Listening for lan beacon requests on 6777
[1215.53] Log: Changing subtitle setting, new value: 1
[1219.78] DevOnline: Listening for lan beacon requests on 6777
[1223.79] DevOnline: Listening for lan beacon requests on 6777
[1226.05] Log: Changing subtitle setting, new value: 0
[1226.15] Warning: Warning, Failed to load 'SwfMovie ?INT?GFxUI.IME.MoviePath?': Failed to find object 'SwfMovie ?INT?GFxUI.IME.MoviePath?'
[1226.15] Log: GFx attempted to load missing object [?INT?GFxUI.IME.MoviePath?]
[1228.81] DevOnline: Listening for lan beacon requests on 6777
[1232.82] DevOnline: Listening for lan beacon requests on 6777
[1237.84] DevOnline: Listening for lan beacon requests on 6777
[1241.86] DevOnline: Listening for lan beacon requests on 6777
[1242.29] Log: Changing subtitle setting, new value: 1
[1244.62] ScriptWarning: Accessed None 'RunSound'
	DFSpecialMove_RoadieRun UGC-Persistent.TheWorld:PersistentLevel.DFSpecialMove_RoadieRun_1
	Function DFGame.DFSpecialMove_RoadieRun:StartSpecialMove:04EF
[1246.86] DevOnline: Can't free search results while the search is in progress
[1246.86] DevOnline: Listening for lan beacon requests on 6777
[1247.09] ScriptWarning: Accessed None 'RunSound'
	DFSpecialMove_RoadieRun UGC-Persistent.TheWorld:PersistentLevel.DFSpecialMove_RoadieRun_1
	Function DFGame.DFSpecialMove_RoadieRun:StopSpecialMove:0174
[1250.87] DevOnline: Listening for lan beacon requests on 6777
[1255.88] DevOnline: Listening for lan beacon requests on 6777
[1258.49] Log: Before HALL TRANSORM: UGCDungeonLayoutValues.LevelIndexCurr=4
[1258.49] Log: APPLY TRANSFORM Hall: xformed exit door side=2, rot.roll=0, rot.pitch=0, rot.yaw=32768;  Offset=14297.870605,-9933.544922,-3714.453857
[1258.49] Log:  LevelData[0] setting bOffsetsApplied to TRUE
[1258.49] Log:  Flagging Level[0] to be Not Visible
[1258.49] Log:  Flagging Level[0] to be Visible
[1258.51] Log: FKAggregateGeom::InstanceNovodexGeom: (Actor: 000_Hallway1.TheWorld:PersistentLevel.StaticMeshActor_241 Component: StaticMeshComponent_1808 StaticMesh: ES3_EnviroProps.Meshes.S_WebPlane) No geometries in FKAggregateGeom.
[1258.51] Log: URB_BodyInstance::InitBody : Could not create new Shape: Actor: 000_Hallway1.TheWorld:PersistentLevel.StaticMeshActor_241 Component: StaticMeshComponent_1808 StaticMesh: ES3_EnviroProps.Meshes.S_WebPlane
[1258.51] Log: FKAggregateGeom::InstanceNovodexGeom: (Actor: 000_Hallway1.TheWorld:PersistentLevel.StaticMeshActor_298 Component: StaticMeshComponent_1808 StaticMesh: ES3_EnviroProps.Meshes.S_WebPlane) No geometries in FKAggregateGeom.
[1258.51] Log: URB_BodyInstance::InitBody : Could not create new Shape: Actor: 000_Hallway1.TheWorld:PersistentLevel.StaticMeshActor_298 Component: StaticMeshComponent_1808 StaticMesh: ES3_EnviroProps.Meshes.S_WebPlane
[1258.51] Log: FKAggregateGeom::InstanceNovodexGeom: (Actor: 000_Hallway1.TheWorld:PersistentLevel.StaticMeshActor_191 Component: StaticMeshComponent_1808 StaticMesh: ES3_EnviroProps.Meshes.S_WebPlane) No geometries in FKAggregateGeom.
[1258.51] Log: URB_BodyInstance::InitBody : Could not create new Shape: Actor: 000_Hallway1.TheWorld:PersistentLevel.StaticMeshActor_191 Component: StaticMeshComponent_1808 StaticMesh: ES3_EnviroProps.Meshes.S_WebPlane
[1259.90] DevOnline: Listening for lan beacon requests on 6777
[1263.38] Error: ApplyNewRBState() called for kinematic actor DFDroppedPickup_107
[1263.45] Error: ApplyNewRBState() called for kinematic actor DFDroppedPickup_107
[1264.90] DevOnline: Listening for lan beacon requests on 6777
[1265.38] MP_Weapons_Native: SetAttackSkillObjectByName() failed, due to not having a prev. ASO - DFWeaponAttachment_Ranged_Bow_25
[1265.39] Log: Skills: Adding skill to cache... Melee Attack
[1265.39] MP_Weapons_Native: SetAttackSkillObjectByName() failed, due to not having a prev. ASO - DFWeaponAttachment_Melee_19
[1265.44] MP_Weapons_Native: SetAttackSkillObjectByName() failed, due to not having a prev. ASO - DFWeaponAttachment_Melee_20
[1266.29] MP_Weapons_Native: SetAttackSkillObjectByName() failed, due to not having a prev. ASO - DFWeaponAttachment_Melee_21
[1266.53] Log: Skills: Adding skill to cache... Catapult Attack
[1267.58] Log: Could not find FMC creator for PSC UGC-Persistent.TheWorld:PersistentLevel.DFPawn_Nid_32.inXileParticleSystemComponent_2605 completion callback, message None
[1268.32] Log: Skills: Adding skill to cache... Melee Attack
[1268.61] Log: Skills: Adding skill to cache... Melee Attack
[1268.90] DevOnline: Listening for lan beacon requests on 6777
[1271.29] MP_Weapons_Native: SetAttackSkillObjectByName() failed, due to not having a prev. ASO - DFWeaponAttachment_Ranged_Spell_15
[1273.90] DevOnline: Listening for lan beacon requests on 6777
[1274.07] MP_Weapons_Native: SetAttackSkillObjectByName() failed, due to not having a prev. ASO - DFWeaponAttachment_Melee_22
[1275.02] Error: ApplyNewRBState() called for kinematic actor DFDroppedPickup_Shield_7
[1275.02] Error: ApplyNewRBState() called for kinematic actor DFDroppedPickup_108
[1275.02] Error: ApplyNewRBState() called for kinematic actor DFDroppedPickup_109
[1275.09] Error: ApplyNewRBState() called for kinematic actor DFDroppedPickup_Shield_7
[1275.09] Error: ApplyNewRBState() called for kinematic actor DFDroppedPickup_108
[1275.09] Error: ApplyNewRBState() called for kinematic actor DFDroppedPickup_109
[1277.92] DevOnline: Listening for lan beacon requests on 6777
[1278.83] Log: Could not find FMC creator for PSC UGC-Persistent.TheWorld:PersistentLevel.DFPawn_Nid_32.inXileParticleSystemComponent_2605 completion callback, message None
[1279.02] Error: ApplyNewRBState() called for kinematic actor DFDroppedPickup_Shield_8
[1279.02] Error: ApplyNewRBState() called for kinematic actor DFDroppedPickup_111
[1279.02] Error: ApplyNewRBState() called for kinematic actor DFDroppedPickup_112
[1279.09] Error: ApplyNewRBState() called for kinematic actor DFDroppedPickup_Shield_8
[1279.09] Error: ApplyNewRBState() called for kinematic actor DFDroppedPickup_111
[1279.09] Error: ApplyNewRBState() called for kinematic actor DFDroppedPickup_112
[1282.93] DevOnline: Listening for lan beacon requests on 6777
[1286.43] MP_Weapons_Native: SetAttackSkillObjectByName() failed, due to not having a prev. ASO - DFWeaponAttachment_Melee_23
[1286.95] DevOnline: Listening for lan beacon requests on 6777
[1287.38] Error: ApplyNewRBState() called for kinematic actor DFDroppedPickup_113
[1287.44] Error: ApplyNewRBState() called for kinematic actor DFDroppedPickup_113
[1289.41] Error: ApplyNewRBState() called for kinematic actor DFDroppedPickup_Shield_9
[1291.97] DevOnline: Listening for lan beacon requests on 6777
[1294.56] MP_Weapons_Native: SetAttackSkillObjectByName() failed, due to not having a prev. ASO - DFWeaponAttachment_Ranged_Bow_26
[1295.53] Error: ApplyNewRBState() called for kinematic actor DFDroppedPickup_115
[1295.53] Error: ApplyNewRBState() called for kinematic actor DFDroppedPickup_116
[1295.53] Error: ApplyNewRBState() called for kinematic actor DFDroppedPickup_117
[1295.59] Error: ApplyNewRBState() called for kinematic actor DFDroppedPickup_115
[1295.59] Error: ApplyNewRBState() called for kinematic actor DFDroppedPickup_116
[1295.59] Error: ApplyNewRBState() called for kinematic actor DFDroppedPickup_117
[1295.99] DevOnline: Listening for lan beacon requests on 6777
[1296.04] Log: Skills: Adding skill to cache... Melee Attack
[1296.95] ScriptWarning: Accessed None 'CurrentWeaponAttachment'
	DFWeaponAttachment_Ranged_Spell UGC-Persistent.TheWorld:PersistentLevel.DFWeaponAttachment_Ranged_Spell_13
	Function DFGame.DFWeaponAttachment:Cleanup:0152
[1297.24] MP_Weapons_Native: SetAttackSkillObjectByName() failed, due to not having a prev. ASO - DFWeaponAttachment_Melee_24
[1300.99] DevOnline: Listening for lan beacon requests on 6777
[1304.66] Log: DFPawn_Hero_Female_0::UpdateMeleeCollisionChecks ERROR - AnimLinkup->BoneToTrackTable for bone 130 returning INDEX_NONE
[1304.68] Log: DFPawn_Hero_Female_0::UpdateMeleeCollisionChecks ERROR - AnimLinkup->BoneToTrackTable for bone 130 returning INDEX_NONE
[1304.70] Log: DFPawn_Hero_Female_0::UpdateMeleeCollisionChecks ERROR - AnimLinkup->BoneToTrackTable for bone 130 returning INDEX_NONE
[1304.71] Log: DFPawn_Hero_Female_0::UpdateMeleeCollisionChecks ERROR - AnimLinkup->BoneToTrackTable for bone 130 returning INDEX_NONE
[1304.73] Log: DFPawn_Hero_Female_0::UpdateMeleeCollisionChecks ERROR - AnimLinkup->BoneToTrackTable for bone 130 returning INDEX_NONE
[1304.75] Log: DFPawn_Hero_Female_0::UpdateMeleeCollisionChecks ERROR - AnimLinkup->BoneToTrackTable for bone 130 returning INDEX_NONE
[1304.76] Log: DFPawn_Hero_Female_0::UpdateMeleeCollisionChecks ERROR - AnimLinkup->BoneToTrackTable for bone 130 returning INDEX_NONE
[1304.78] Log: DFPawn_Hero_Female_0::UpdateMeleeCollisionChecks ERROR - AnimLinkup->BoneToTrackTable for bone 130 returning INDEX_NONE
[1304.80] Log: DFPawn_Hero_Female_0::UpdateMeleeCollisionChecks ERROR - AnimLinkup->BoneToTrackTable for bone 130 returning INDEX_NONE
[1304.81] Log: DFPawn_Hero_Female_0::UpdateMeleeCollisionChecks ERROR - AnimLinkup->BoneToTrackTable for bone 130 returning INDEX_NONE
[1304.83] Log: DFPawn_Hero_Female_0::UpdateMeleeCollisionChecks ERROR - AnimLinkup->BoneToTrackTable for bone 130 returning INDEX_NONE
[1304.85] Log: DFPawn_Hero_Female_0::UpdateMeleeCollisionChecks ERROR - AnimLinkup->BoneToTrackTable for bone 130 returning INDEX_NONE
[1304.87] Log: DFPawn_Hero_Female_0::UpdateMeleeCollisionChecks ERROR - AnimLinkup->BoneToTrackTable for bone 130 returning INDEX_NONE
[1304.88] Log: DFPawn_Hero_Female_0::UpdateMeleeCollisionChecks ERROR - AnimLinkup->BoneToTrackTable for bone 130 returning INDEX_NONE
[1304.90] Log: DFPawn_Hero_Female_0::UpdateMeleeCollisionChecks ERROR - AnimLinkup->BoneToTrackTable for bone 130 returning INDEX_NONE
[1304.92] Log: DFPawn_Hero_Female_0::UpdateMeleeCollisionChecks ERROR - AnimLinkup->BoneToTrackTable for bone 130 returning INDEX_NONE
[1304.93] Log: DFPawn_Hero_Female_0::UpdateMeleeCollisionChecks ERROR - AnimLinkup->BoneToTrackTable for bone 130 returning INDEX_NONE
[1304.95] Log: DFPawn_Hero_Female_0::UpdateMeleeCollisionChecks ERROR - AnimLinkup->BoneToTrackTable for bone 130 returning INDEX_NONE
[1304.97] Log: DFPawn_Hero_Female_0::UpdateMeleeCollisionChecks ERROR - AnimLinkup->BoneToTrackTable for bone 130 returning INDEX_NONE
[1304.98] Log: DFPawn_Hero_Female_0::UpdateMeleeCollisionChecks ERROR - AnimLinkup->BoneToTrackTable for bone 130 returning INDEX_NONE
[1305.00] DevOnline: Listening for lan beacon requests on 6777
[1305.00] Log: DFPawn_Hero_Female_0::UpdateMeleeCollisionChecks ERROR - AnimLinkup->BoneToTrackTable for bone 130 returning INDEX_NONE
[1305.02] Log: DFPawn_Hero_Female_0::UpdateMeleeCollisionChecks ERROR - AnimLinkup->BoneToTrackTable for bone 130 returning INDEX_NONE
[1305.03] Log: DFPawn_Hero_Female_0::UpdateMeleeCollisionChecks ERROR - AnimLinkup->BoneToTrackTable for bone 130 returning INDEX_NONE
[1305.05] Log: DFPawn_Hero_Female_0::UpdateMeleeCollisionChecks ERROR - AnimLinkup->BoneToTrackTable for bone 130 returning INDEX_NONE
[1305.07] Log: DFPawn_Hero_Female_0::UpdateMeleeCollisionChecks ERROR - AnimLinkup->BoneToTrackTable for bone 130 returning INDEX_NONE
[1305.09] Log: DFPawn_Hero_Female_0::UpdateMeleeCollisionChecks ERROR - AnimLinkup->BoneToTrackTable for bone 130 returning INDEX_NONE
[1305.10] Log: DFPawn_Hero_Female_0::UpdateMeleeCollisionChecks ERROR - AnimLinkup->BoneToTrackTable for bone 130 returning INDEX_NONE
[1305.12] Log: DFPawn_Hero_Female_0::UpdateMeleeCollisionChecks ERROR - AnimLinkup->BoneToTrackTable for bone 130 returning INDEX_NONE
[1305.14] Log: DFPawn_Hero_Female_0::UpdateMeleeCollisionChecks ERROR - AnimLinkup->BoneToTrackTable for bone 130 returning INDEX_NONE
[1305.15] Log: DFPawn_Hero_Female_0::UpdateMeleeCollisionChecks ERROR - AnimLinkup->BoneToTrackTable for bone 130 returning INDEX_NONE
[1305.17] Log: DFPawn_Hero_Female_0::UpdateMeleeCollisionChecks ERROR - AnimLinkup->BoneToTrackTable for bone 130 returning INDEX_NONE
[1305.19] Log: DFPawn_Hero_Female_0::UpdateMeleeCollisionChecks ERROR - AnimLinkup->BoneToTrackTable for bone 130 returning INDEX_NONE
[1305.20] Log: DFPawn_Hero_Female_0::UpdateMeleeCollisionChecks ERROR - AnimLinkup->BoneToTrackTable for bone 130 returning INDEX_NONE
[1305.22] Log: DFPawn_Hero_Female_0::UpdateMeleeCollisionChecks ERROR - AnimLinkup->BoneToTrackTable for bone 130 returning INDEX_NONE
[1305.24] Log: DFPawn_Hero_Female_0::UpdateMeleeCollisionChecks ERROR - AnimLinkup->BoneToTrackTable for bone 130 returning INDEX_NONE
[1305.26] Log: DFPawn_Hero_Female_0::UpdateMeleeCollisionChecks ERROR - AnimLinkup->BoneToTrackTable for bone 130 returning INDEX_NONE
[1305.27] Log: DFPawn_Hero_Female_0::UpdateMeleeCollisionChecks ERROR - AnimLinkup->BoneToTrackTable for bone 130 returning INDEX_NONE
[1305.75] Log: DFPawn_Hero_Female_0::UpdateMeleeCollisionChecks ERROR - AnimLinkup->BoneToTrackTable for bone 130 returning INDEX_NONE
[1305.76] Log: DFPawn_Hero_Female_0::UpdateMeleeCollisionChecks ERROR - AnimLinkup->BoneToTrackTable for bone 130 returning INDEX_NONE
[1305.78] Log: DFPawn_Hero_Female_0::UpdateMeleeCollisionChecks ERROR - AnimLinkup->BoneToTrackTable for bone 130 returning INDEX_NONE
[1305.80] Log: DFPawn_Hero_Female_0::UpdateMeleeCollisionChecks ERROR - AnimLinkup->BoneToTrackTable for bone 130 returning INDEX_NONE
[1305.81] Log: DFPawn_Hero_Female_0::UpdateMeleeCollisionChecks ERROR - AnimLinkup->BoneToTrackTable for bone 130 returning INDEX_NONE
[1305.83] Log: DFPawn_Hero_Female_0::UpdateMeleeCollisionChecks ERROR - AnimLinkup->BoneToTrackTable for bone 130 returning INDEX_NONE
[1305.85] Log: DFPawn_Hero_Female_0::UpdateMeleeCollisionChecks ERROR - AnimLinkup->BoneToTrackTable for bone 130 returning INDEX_NONE
[1305.87] Log: DFPawn_Hero_Female_0::UpdateMeleeCollisionChecks ERROR - AnimLinkup->BoneToTrackTable for bone 130 returning INDEX_NONE
[1305.88] Log: DFPawn_Hero_Female_0::UpdateMeleeCollisionChecks ERROR - AnimLinkup->BoneToTrackTable for bone 130 returning INDEX_NONE
[1305.90] Log: DFPawn_Hero_Female_0::UpdateMeleeCollisionChecks ERROR - AnimLinkup->BoneToTrackTable for bone 130 returning INDEX_NONE
[1305.92] Log: DFPawn_Hero_Female_0::UpdateMeleeCollisionChecks ERROR - AnimLinkup->BoneToTrackTable for bone 130 returning INDEX_NONE
[1305.94] Log: DFPawn_Hero_Female_0::UpdateMeleeCollisionChecks ERROR - AnimLinkup->BoneToTrackTable for bone 130 returning INDEX_NONE
[1305.95] Log: DFPawn_Hero_Female_0::UpdateMeleeCollisionChecks ERROR - AnimLinkup->BoneToTrackTable for bone 130 returning INDEX_NONE
[1305.97] Log: DFPawn_Hero_Female_0::UpdateMeleeCollisionChecks ERROR - AnimLinkup->BoneToTrackTable for bone 130 returning INDEX_NONE
[1305.99] Log: DFPawn_Hero_Female_0::UpdateMeleeCollisionChecks ERROR - AnimLinkup->BoneToTrackTable for bone 130 returning INDEX_NONE
[1306.00] Log: DFPawn_Hero_Female_0::UpdateMeleeCollisionChecks ERROR - AnimLinkup->BoneToTrackTable for bone 130 returning INDEX_NONE
[1306.02] Log: DFPawn_Hero_Female_0::UpdateMeleeCollisionChecks ERROR - AnimLinkup->BoneToTrackTable for bone 130 returning INDEX_NONE
[1306.04] Log: DFPawn_Hero_Female_0::UpdateMeleeCollisionChecks ERROR - AnimLinkup->BoneToTrackTable for bone 130 returning INDEX_NONE
[1306.05] Log: DFPawn_Hero_Female_0::UpdateMeleeCollisionChecks ERROR - AnimLinkup->BoneToTrackTable for bone 130 returning INDEX_NONE
[1306.07] Log: DFPawn_Hero_Female_0::UpdateMeleeCollisionChecks ERROR - AnimLinkup->BoneToTrackTable for bone 130 returning INDEX_NONE
[1306.09] Log: DFPawn_Hero_Female_0::UpdateMeleeCollisionChecks ERROR - AnimLinkup->BoneToTrackTable for bone 130 returning INDEX_NONE
[1306.11] Log: DFPawn_Hero_Female_0::UpdateMeleeCollisionChecks ERROR - AnimLinkup->BoneToTrackTable for bone 130 returning INDEX_NONE
[1306.12] Log: DFPawn_Hero_Female_0::UpdateMeleeCollisionChecks ERROR - AnimLinkup->BoneToTrackTable for bone 130 returning INDEX_NONE
[1306.14] Log: DFPawn_Hero_Female_0::UpdateMeleeCollisionChecks ERROR - AnimLinkup->BoneToTrackTable for bone 130 returning INDEX_NONE
[1306.16] Log: DFPawn_Hero_Female_0::UpdateMeleeCollisionChecks ERROR - AnimLinkup->BoneToTrackTable for bone 130 returning INDEX_NONE
[1306.17] Log: DFPawn_Hero_Female_0::UpdateMeleeCollisionChecks ERROR - AnimLinkup->BoneToTrackTable for bone 130 returning INDEX_NONE
[1306.17] Log: Could not find FMC creator for PSC UGC-Persistent.TheWorld:PersistentLevel.DFPawn_Nid_38.inXileParticleSystemComponent_2732 completion callback, message None
[1306.19] Log: DFPawn_Hero_Female_0::UpdateMeleeCollisionChecks ERROR - AnimLinkup->BoneToTrackTable for bone 130 returning INDEX_NONE
[1306.21] Log: DFPawn_Hero_Female_0::UpdateMeleeCollisionChecks ERROR - AnimLinkup->BoneToTrackTable for bone 130 returning INDEX_NONE
[1306.22] Log: DFPawn_Hero_Female_0::UpdateMeleeCollisionChecks ERROR - AnimLinkup->BoneToTrackTable for bone 130 returning INDEX_NONE
[1306.24] Log: DFPawn_Hero_Female_0::UpdateMeleeCollisionChecks ERROR - AnimLinkup->BoneToTrackTable for bone 130 returning INDEX_NONE
[1306.26] Log: DFPawn_Hero_Female_0::UpdateMeleeCollisionChecks ERROR - AnimLinkup->BoneToTrackTable for bone 130 returning INDEX_NONE
[1306.27] Log: DFPawn_Hero_Female_0::UpdateMeleeCollisionChecks ERROR - AnimLinkup->BoneToTrackTable for bone 130 returning INDEX_NONE
[1306.29] Log: DFPawn_Hero_Female_0::UpdateMeleeCollisionChecks ERROR - AnimLinkup->BoneToTrackTable for bone 130 returning INDEX_NONE
[1306.31] Log: DFPawn_Hero_Female_0::UpdateMeleeCollisionChecks ERROR - AnimLinkup->BoneToTrackTable for bone 130 returning INDEX_NONE
[1306.32] Log: DFPawn_Hero_Female_0::UpdateMeleeCollisionChecks ERROR - AnimLinkup->BoneToTrackTable for bone 130 returning INDEX_NONE
[1306.34] Log: DFPawn_Hero_Female_0::UpdateMeleeCollisionChecks ERROR - AnimLinkup->BoneToTrackTable for bone 130 returning INDEX_NONE
[1306.36] Log: DFPawn_Hero_Female_0::UpdateMeleeCollisionChecks ERROR - AnimLinkup->BoneToTrackTable for bone 130 returning INDEX_NONE
[1306.37] Log: DFPawn_Hero_Female_0::UpdateMeleeCollisionChecks ERROR - AnimLinkup->BoneToTrackTable for bone 130 returning INDEX_NONE
[1306.39] Log: DFPawn_Hero_Female_0::UpdateMeleeCollisionChecks ERROR - AnimLinkup->BoneToTrackTable for bone 130 returning INDEX_NONE
[1306.41] Log: DFPawn_Hero_Female_0::UpdateMeleeCollisionChecks ERROR - AnimLinkup->BoneToTrackTable for bone 130 returning INDEX_NONE
[1306.42] Log: DFPawn_Hero_Female_0::UpdateMeleeCollisionChecks ERROR - AnimLinkup->BoneToTrackTable for bone 130 returning INDEX_NONE
[1306.44] Log: DFPawn_Hero_Female_0::UpdateMeleeCollisionChecks ERROR - AnimLinkup->BoneToTrackTable for bone 130 returning INDEX_NONE
[1306.46] Log: DFPawn_Hero_Female_0::UpdateMeleeCollisionChecks ERROR - AnimLinkup->BoneToTrackTable for bone 130 returning INDEX_NONE
[1306.48] Log: DFPawn_Hero_Female_0::UpdateMeleeCollisionChecks ERROR - AnimLinkup->BoneToTrackTable for bone 130 returning INDEX_NONE
[1306.49] Log: DFPawn_Hero_Female_0::UpdateMeleeCollisionChecks ERROR - AnimLinkup->BoneToTrackTable for bone 130 returning INDEX_NONE
[1306.51] Log: DFPawn_Hero_Female_0::UpdateMeleeCollisionChecks ERROR - AnimLinkup->BoneToTrackTable for bone 130 returning INDEX_NONE
[1306.53] Log: DFPawn_Hero_Female_0::UpdateMeleeCollisionChecks ERROR - AnimLinkup->BoneToTrackTable for bone 130 returning INDEX_NONE
[1306.54] Log: DFPawn_Hero_Female_0::UpdateMeleeCollisionChecks ERROR - AnimLinkup->BoneToTrackTable for bone 130 returning INDEX_NONE
[1306.56] Log: DFPawn_Hero_Female_0::UpdateMeleeCollisionChecks ERROR - AnimLinkup->BoneToTrackTable for bone 130 returning INDEX_NONE
[1306.58] Log: DFPawn_Hero_Female_0::UpdateMeleeCollisionChecks ERROR - AnimLinkup->BoneToTrackTable for bone 130 returning INDEX_NONE
[1306.60] Log: DFPawn_Hero_Female_0::UpdateMeleeCollisionChecks ERROR - AnimLinkup->BoneToTrackTable for bone 130 returning INDEX_NONE
[1308.26] Log: Could not find FMC creator for PSC UGC-Persistent.TheWorld:PersistentLevel.DFPawn_Hero_Male_0.inXileParticleSystemComponent_34 completion callback, message None
[1310.01] DevOnline: Listening for lan beacon requests on 6777
[1313.99] Error: ApplyNewRBState() called for kinematic actor DFDroppedPickup_119
[1313.99] Error: ApplyNewRBState() called for kinematic actor DFDroppedPickup_Shield_10
[1314.02] DevOnline: Listening for lan beacon requests on 6777
[1314.05] Error: ApplyNewRBState() called for kinematic actor DFDroppedPickup_119
[1314.05] Error: ApplyNewRBState() called for kinematic actor DFDroppedPickup_Shield_10
[1314.82] Log: Skills: Adding skill to cache... Melee Attack
[1317.10] MP_Weapons_Native: SetAttackSkillObjectByName() failed, due to not having a prev. ASO - DFWeaponAttachment_Ranged_Bow_27
[1318.77] ScriptWarning: Accessed None 'CurrentWeaponAttachment'
	DFWeaponAttachment_Melee UGC-Persistent.TheWorld:PersistentLevel.DFWeaponAttachment_Melee_24
	Function DFGame.DFWeaponAttachment:Cleanup:0152
[1319.04] DevOnline: Listening for lan beacon requests on 6777
[1319.04] Log: Could not find FMC creator for PSC UGC-Persistent.TheWorld:PersistentLevel.DFPawn_Nid_38.inXileParticleSystemComponent_2732 completion callback, message None
[1319.15] MP_Weapons_Native: SetAttackSkillObjectByName() failed, due to not having a prev. ASO - DFWeaponAttachment_Ranged_Spell_16
[1323.05] DevOnline: Listening for lan beacon requests on 6777
[1325.24] MP_Weapons_Native: SetAttackSkillObjectByName() failed, due to not having a prev. ASO - DFWeaponAttachment_Melee_25
[1326.21] Error: ApplyNewRBState() called for kinematic actor DFDroppedPickup_121
[1326.21] Error: ApplyNewRBState() called for kinematic actor DFDroppedPickup_Shield_11
[1326.21] Error: ApplyNewRBState() called for kinematic actor DFDroppedPickup_123
[1326.28] Error: ApplyNewRBState() called for kinematic actor DFDroppedPickup_121
[1326.28] Error: ApplyNewRBState() called for kinematic actor DFDroppedPickup_Shield_11
[1326.28] Error: ApplyNewRBState() called for kinematic actor DFDroppedPickup_123
[1327.50] ScriptWarning: Accessed None 'CurrentWeaponAttachment'
	DFWeaponAttachment_Ranged_Spell UGC-Persistent.TheWorld:PersistentLevel.DFWeaponAttachment_Ranged_Spell_16
	Function DFGame.DFWeaponAttachment:Cleanup:0152
[1327.78] MP_Weapons_Native: SetAttackSkillObjectByName() failed, due to not having a prev. ASO - DFWeaponAttachment_Melee_26
[1328.05] DevOnline: Listening for lan beacon requests on 6777
[1331.26] Log: Could not find FMC creator for PSC UGC-Persistent.TheWorld:PersistentLevel.DFPawn_Nid_38.inXileParticleSystemComponent_2732 completion callback, message None
[1332.07] DevOnline: Listening for lan beacon requests on 6777
[1335.15] Error: ApplyNewRBState() called for kinematic actor DFDroppedPickup_125
[1335.21] Error: ApplyNewRBState() called for kinematic actor DFDroppedPickup_125
[1337.07] DevOnline: Listening for lan beacon requests on 6777
[1339.44] ScriptWarning: Accessed None 'CurrentWeaponAttachment'
	DFWeaponAttachment_Melee UGC-Persistent.TheWorld:PersistentLevel.DFWeaponAttachment_Melee_26
	Function DFGame.DFWeaponAttachment:Cleanup:0152
[1339.81] MP_Weapons_Native: SetAttackSkillObjectByName() failed, due to not having a prev. ASO - DFWeaponAttachment_Ranged_Spell_17
[1341.07] DevOnline: Listening for lan beacon requests on 6777
[1341.34] Log: Could not find FMC creator for PSC UGC-Persistent.TheWorld:PersistentLevel.DFPawn_Nid_38.inXileParticleSystemComponent_2732 completion callback, message None
[1346.07] DevOnline: Listening for lan beacon requests on 6777
[1346.54] MP_Weapons_Native: SetAttackSkillObjectByName() failed, due to not having a prev. ASO - DFWeaponAttachment_Ranged_Spell_18
[1350.09] DevOnline: Listening for lan beacon requests on 6777
[1351.90] Error: ApplyNewRBState() called for kinematic actor DFDroppedPickup_127
[1351.97] Error: ApplyNewRBState() called for kinematic actor DFDroppedPickup_127
[1354.37] MP_Weapons_Native: SetAttackSkillObjectByName() failed, due to not having a prev. ASO - DFWeaponAttachment_Ranged_Bow_28
[1355.10] DevOnline: Listening for lan beacon requests on 6777
[1359.12] DevOnline: Listening for lan beacon requests on 6777
[1363.90] Log: Could not find FMC creator for PSC UGC-Persistent.TheWorld:PersistentLevel.DFDroppedPickup_129.inXileParticleSystemComponent_2941 completion callback, message None
[1363.90] Log: Could not find FMC creator for PSC UGC-Persistent.TheWorld:PersistentLevel.DFDroppedPickup_129.inXileParticleSystemComponent_2942 completion callback, message None
[1363.90] Log: Could not find FMC creator for PSC UGC-Persistent.TheWorld:PersistentLevel.DFDroppedPickup_129.inXileParticleSystemComponent_2943 completion callback, message None
[1363.98] MP_Weapons_Native: SetAttackSkillObjectByName() failed, due to not having a prev. ASO - DFWeaponAttachment_Ranged_Bow_29
[1364.12] DevOnline: Listening for lan beacon requests on 6777
[1364.94] Error: ApplyNewRBState() called for kinematic actor DFDroppedPickup_129
[1364.94] Error: ApplyNewRBState() called for kinematic actor DFDroppedPickup_130
[1365.00] Error: ApplyNewRBState() called for kinematic actor DFDroppedPickup_129
[1365.00] Error: ApplyNewRBState() called for kinematic actor DFDroppedPickup_130
[1366.22] ScriptWarning: Accessed None 'CurrentWeaponAttachment'
	DFWeaponAttachment_Ranged_Spell UGC-Persistent.TheWorld:PersistentLevel.DFWeaponAttachment_Ranged_Spell_17
	Function DFGame.DFWeaponAttachment:Cleanup:0152
[1366.52] MP_Weapons_Native: SetAttackSkillObjectByName() failed, due to not having a prev. ASO - DFWeaponAttachment_Melee_27
[1368.13] DevOnline: Listening for lan beacon requests on 6777
[1372.22] Log: Could not find FMC creator for PSC UGC-Persistent.TheWorld:PersistentLevel.DFPawn_Nid_40.inXileParticleSystemComponent_2956 completion callback, message None
[1372.80] ScriptWarning: Accessed None 'CurrentWeaponAttachment'
	DFWeaponAttachment_Melee UGC-Persistent.TheWorld:PersistentLevel.DFWeaponAttachment_Melee_27
	Function DFGame.DFWeaponAttachment:Cleanup:0152
[1373.14] DevOnline: Listening for lan beacon requests on 6777
[1373.19] MP_Weapons_Native: SetAttackSkillObjectByName() failed, due to not having a prev. ASO - DFWeaponAttachment_Ranged_Spell_19
[1375.68] Log: Could not find FMC creator for PSC UGC-Persistent.TheWorld:PersistentLevel.DFPawn_Hero_Female_0.inXileParticleSystemComponent_2978 completion callback, message None
[1377.15] DevOnline: Listening for lan beacon requests on 6777
[1377.78] Log: Could not find FMC creator for PSC UGC-Persistent.TheWorld:PersistentLevel.DFPawn_Hero_Female_0.inXileParticleSystemComponent_2979 completion callback, message None
[1382.16] DevOnline: Listening for lan beacon requests on 6777
[1383.96] Error: ApplyNewRBState() called for kinematic actor DFDroppedPickup_131
[1383.96] Error: ApplyNewRBState() called for kinematic actor DFDroppedPickup_132
[1383.96] Error: ApplyNewRBState() called for kinematic actor DFDroppedPickup_133
[1384.03] Error: ApplyNewRBState() called for kinematic actor DFDroppedPickup_131
[1384.03] Error: ApplyNewRBState() called for kinematic actor DFDroppedPickup_132
[1384.03] Error: ApplyNewRBState() called for kinematic actor DFDroppedPickup_133
[1386.17] DevOnline: Listening for lan beacon requests on 6777
[1391.19] DevOnline: Listening for lan beacon requests on 6777
[1392.10] MP_Weapons_Native: SetAttackSkillObjectByName() failed, due to not having a prev. ASO - DFWeaponAttachment_Melee_28
[1392.17] MP_Weapons_Native: SetAttackSkillObjectByName() failed, due to not having a prev. ASO - DFWeaponAttachment_Melee_29
[1392.23] MP_Weapons_Native: SetAttackSkillObjectByName() failed, due to not having a prev. ASO - DFWeaponAttachment_Ranged_Bow_30
[1393.11] MP_Weapons_Native: SetAttackSkillObjectByName() failed, due to not having a prev. ASO - DFWeaponAttachment_Melee_30
[1393.16] MP_Weapons_Native: SetAttackSkillObjectByName() failed, due to not having a prev. ASO - DFWeaponAttachment_Ranged_Bow_31
[1394.09] Log: Could not find FMC creator for PSC UGC-Persistent.TheWorld:PersistentLevel.DFPawn_Hero_Male_0.inXileParticleSystemComponent_2920 completion callback, message None
[1395.19] DevOnline: Listening for lan beacon requests on 6777
[1398.36] MP_Weapons_Native: SetAttackSkillObjectByName() failed, due to not having a prev. ASO - DFWeaponAttachment_Ranged_Spell_20
[1398.75] Log: Skills: Adding skill to cache... Melee Attack
[1400.21] DevOnline: Listening for lan beacon requests on 6777
[1400.33] Log: Could not find FMC creator for PSC UGC-Persistent.TheWorld:PersistentLevel.DFPawn_Hero_Male_0.inXileParticleSystemComponent_3050 completion callback, message None
[1400.48] ScriptWarning: Accessed None 'RunSound'
	DFSpecialMove_RoadieRun UGC-Persistent.TheWorld:PersistentLevel.DFSpecialMove_RoadieRun_1
	Function DFGame.DFSpecialMove_RoadieRun:StartSpecialMove:04EF
[1400.61] ScriptWarning: Accessed None 'RunSound'
	DFSpecialMove_RoadieRun UGC-Persistent.TheWorld:PersistentLevel.DFSpecialMove_RoadieRun_1
	Function DFGame.DFSpecialMove_RoadieRun:StopSpecialMove:0174
[1402.36] Log: Could not find FMC creator for PSC UGC-Persistent.TheWorld:PersistentLevel.DFPawn_Hero_Male_0.inXileParticleSystemComponent_3051 completion callback, message None
[1404.23] DevOnline: Listening for lan beacon requests on 6777
[1406.29] MP_Weapons_Native: SetAttackSkillObjectByName() failed, due to not having a prev. ASO - DFWeaponAttachment_Ranged_Bow_32
[1409.24] DevOnline: Listening for lan beacon requests on 6777
[1410.70] ScriptWarning: Accessed None 'CurrentWeaponAttachment'
	DFWeaponAttachment_Ranged_Spell UGC-Persistent.TheWorld:PersistentLevel.DFWeaponAttachment_Ranged_Spell_19
	Function DFGame.DFWeaponAttachment:Cleanup:0152
[1410.96] MP_Weapons_Native: SetAttackSkillObjectByName() failed, due to not having a prev. ASO - DFWeaponAttachment_Melee_31
[1413.26] DevOnline: Listening for lan beacon requests on 6777
[1414.02] ScriptWarning: Accessed None 'RunSound'
	DFSpecialMove_RoadieRun UGC-Persistent.TheWorld:PersistentLevel.DFSpecialMove_RoadieRun_1
	Function DFGame.DFSpecialMove_RoadieRun:StartSpecialMove:04EF
[1414.41] Error: ApplyNewRBState() called for kinematic actor DFDroppedPickup_135
[1414.48] Error: ApplyNewRBState() called for kinematic actor DFDroppedPickup_135
[1414.51] ScriptWarning: Accessed None 'RunSound'
	DFSpecialMove_RoadieRun UGC-Persistent.TheWorld:PersistentLevel.DFSpecialMove_RoadieRun_1
	Function DFGame.DFSpecialMove_RoadieRun:StopSpecialMove:0174
[1415.87] ScriptWarning: Accessed None 'RunSound'
	DFSpecialMove_RoadieRun UGC-Persistent.TheWorld:PersistentLevel.DFSpecialMove_RoadieRun_1
	Function DFGame.DFSpecialMove_RoadieRun:StartSpecialMove:04EF
[1418.04] MP_Weapons_Native: SetAttackSkillObjectByName() failed, due to not having a prev. ASO - DFWeaponAttachment_Ranged_Spell_21
[1418.26] DevOnline: Listening for lan beacon requests on 6777
[1418.38] ScriptWarning: Accessed None 'RunSound'
	DFSpecialMove_RoadieRun UGC-Persistent.TheWorld:PersistentLevel.DFSpecialMove_RoadieRun_1
	Function DFGame.DFSpecialMove_RoadieRun:StopSpecialMove:0174
[1422.26] DevOnline: Listening for lan beacon requests on 6777
[1422.53] Error: ApplyNewRBState() called for kinematic actor DFDroppedPickup_137
[1422.53] Error: ApplyNewRBState() called for kinematic actor DFDroppedPickup_138
[1422.60] Error: ApplyNewRBState() called for kinematic actor DFDroppedPickup_137
[1422.60] Error: ApplyNewRBState() called for kinematic actor DFDroppedPickup_138
[1423.87] ScriptWarning: Accessed None 'CurrentWeaponAttachment'
	DFWeaponAttachment_Melee UGC-Persistent.TheWorld:PersistentLevel.DFWeaponAttachment_Melee_31
	Function DFGame.DFWeaponAttachment:Cleanup:0152
[1423.96] Log: Skills: Adding skill to cache... Melee Attack
[1424.28] MP_Weapons_Native: SetAttackSkillObjectByName() failed, due to not having a prev. ASO - DFWeaponAttachment_Ranged_Spell_22
[1424.87] Log: Skills: Adding skill to cache... Melee Attack
[1425.82] MP_Weapons_Native: SetAttackSkillObjectByName() failed, due to not having a prev. ASO - DFWeaponAttachment_Ranged_Bow_33
[1427.27] DevOnline: Listening for lan beacon requests on 6777
[1429.83] Log: Could not find FMC creator for PSC UGC-Persistent.TheWorld:PersistentLevel.DFPawn_Hero_Female_0.inXileParticleSystemComponent_3227 completion callback, message None
[1431.29] DevOnline: Listening for lan beacon requests on 6777
[1431.93] Log: Could not find FMC creator for PSC UGC-Persistent.TheWorld:PersistentLevel.DFPawn_Hero_Female_0.inXileParticleSystemComponent_3228 completion callback, message None
[1436.29] DevOnline: Listening for lan beacon requests on 6777
[1438.29] MP_Weapons_Native: SetAttackSkillObjectByName() failed, due to not having a prev. ASO - DFWeaponAttachment_Melee_32
[1439.24] Error: ApplyNewRBState() called for kinematic actor DFDroppedPickup_Shield_15
[1439.24] Error: ApplyNewRBState() called for kinematic actor DFDroppedPickup_140
[1439.31] Error: ApplyNewRBState() called for kinematic actor DFDroppedPickup_Shield_15
[1439.31] Error: ApplyNewRBState() called for kinematic actor DFDroppedPickup_140
[1440.29] DevOnline: Listening for lan beacon requests on 6777
[1441.46] MP_Weapons_Native: SetAttackSkillObjectByName() failed, due to not having a prev. ASO - DFWeaponAttachment_Ranged_Spell_23
[1443.46] Log: Could not find FMC creator for PSC UGC-Persistent.TheWorld:PersistentLevel.DFPawn_Hero_Male_0.inXileParticleSystemComponent_3287 completion callback, message None
[1445.31] DevOnline: Listening for lan beacon requests on 6777
[1446.26] Log: Could not find FMC creator for PSC UGC-Persistent.TheWorld:PersistentLevel.DFPawn_Hero_Male_0.inXileParticleSystemComponent_3288 completion callback, message None
[1448.53] Log: Skills: Adding skill to cache... Melee Attack
[1449.32] DevOnline: Listening for lan beacon requests on 6777
[1450.00] MP_Weapons_Native: SetAttackSkillObjectByName() failed, due to not having a prev. ASO - DFWeaponAttachment_Ranged_Bow_34
[1454.07] MP_Weapons_Native: SetAttackSkillObjectByName() failed, due to not having a prev. ASO - DFWeaponAttachment_Melee_33
[1454.32] DevOnline: Listening for lan beacon requests on 6777
[1458.32] DevOnline: Listening for lan beacon requests on 6777
[1458.61] Log: Could not find FMC creator for PSC UGC-Persistent.TheWorld:PersistentLevel.DFPawn_Hero_Female_0.inXileParticleSystemComponent_3227 completion callback, message None
[1460.77] Log: Could not find FMC creator for PSC UGC-Persistent.TheWorld:PersistentLevel.DFPawn_Hero_Female_0.inXileParticleSystemComponent_3228 completion callback, message None
[1463.32] DevOnline: Can't free search results while the search is in progress
[1463.32] DevOnline: Listening for lan beacon requests on 6777
[1467.34] DevOnline: Listening for lan beacon requests on 6777
[1470.12] Log: Could not find FMC creator for PSC UGC-Persistent.TheWorld:PersistentLevel.DFPawn_Hero_Female_0.inXileParticleSystemComponent_3227 completion callback, message None
[1472.13] Log: Could not find FMC creator for PSC UGC-Persistent.TheWorld:PersistentLevel.DFPawn_Hero_Female_0.inXileParticleSystemComponent_3228 completion callback, message None
[1472.34] DevOnline: Listening for lan beacon requests on 6777
[1472.53] ScriptWarning: Accessed None 'RunSound'
	DFSpecialMove_RoadieRun UGC-Persistent.TheWorld:PersistentLevel.DFSpecialMove_RoadieRun_1
	Function DFGame.DFSpecialMove_RoadieRun:StartSpecialMove:04EF
[1472.55] ScriptWarning: Accessed None 'RunSound'
	DFSpecialMove_RoadieRun UGC-Persistent.TheWorld:PersistentLevel.DFSpecialMove_RoadieRun_1
	Function DFGame.DFSpecialMove_RoadieRun:StopSpecialMove:0174
[1475.48] ScriptWarning: Accessed None 'CurrentWeaponAttachment'
	DFWeaponAttachment_Ranged_Spell UGC-Persistent.TheWorld:PersistentLevel.DFWeaponAttachment_Ranged_Spell_22
	Function DFGame.DFWeaponAttachment:Cleanup:0152
[1475.78] MP_Weapons_Native: SetAttackSkillObjectByName() failed, due to not having a prev. ASO - DFWeaponAttachment_Melee_34
[1476.36] DevOnline: Listening for lan beacon requests on 6777
[1476.90] Log: Skills: Adding skill to cache... Melee Attack
[1477.75] ScriptWarning: Accessed None 'RunSound'
	DFSpecialMove_RoadieRun UGC-Persistent.TheWorld:PersistentLevel.DFSpecialMove_RoadieRun_1
	Function DFGame.DFSpecialMove_RoadieRun:StartSpecialMove:04EF
[1477.81] ScriptWarning: Accessed None 'RunSound'
	DFSpecialMove_RoadieRun UGC-Persistent.TheWorld:PersistentLevel.DFSpecialMove_RoadieRun_1
	Function DFGame.DFSpecialMove_RoadieRun:StopSpecialMove:0174
[1481.38] DevOnline: Listening for lan beacon requests on 6777
[1482.97] MP_Weapons_Native: SetAttackSkillObjectByName() failed, due to not having a prev. ASO - DFWeaponAttachment_Ranged_Spell_24
[1483.29] Log: Skills: Adding skill to cache... Melee Attack
[1485.04] ScriptWarning: Accessed None 'CurrentWeaponAttachment'
	DFWeaponAttachment_Melee UGC-Persistent.TheWorld:PersistentLevel.DFWeaponAttachment_Melee_34
	Function DFGame.DFWeaponAttachment:Cleanup:0152
[1485.38] DevOnline: Listening for lan beacon requests on 6777
[1485.43] MP_Weapons_Native: SetAttackSkillObjectByName() failed, due to not having a prev. ASO - DFWeaponAttachment_Ranged_Spell_25
[1485.63] Log: Could not find FMC creator for PSC UGC-Persistent.TheWorld:PersistentLevel.DFPawn_Hero_Male_0.inXileParticleSystemComponent_3495 completion callback, message None
[1487.75] Log: Could not find FMC creator for PSC UGC-Persistent.TheWorld:PersistentLevel.DFPawn_Hero_Male_0.inXileParticleSystemComponent_3496 completion callback, message None
[1490.38] DevOnline: Listening for lan beacon requests on 6777
[1494.39] DevOnline: Listening for lan beacon requests on 6777
[1496.24] Error: ApplyNewRBState() called for kinematic actor DFDroppedPickup_146
[1496.24] Error: ApplyNewRBState() called for kinematic actor DFDroppedPickup_147
[1496.31] Error: ApplyNewRBState() called for kinematic actor DFDroppedPickup_146
[1496.31] Error: ApplyNewRBState() called for kinematic actor DFDroppedPickup_147
[1496.95] MP_Weapons_Native: SetAttackSkillObjectByName() failed, due to not having a prev. ASO - DFWeaponAttachment_Ranged_Bow_35
[1497.91] Error: ApplyNewRBState() called for kinematic actor DFDroppedPickup_148
[1497.91] Error: ApplyNewRBState() called for kinematic actor DFDroppedPickup_149
[1497.91] Error: ApplyNewRBState() called for kinematic actor DFDroppedPickup_150
[1497.97] MP_Weapons_Native: SetAttackSkillObjectByName() failed, due to not having a prev. ASO - DFWeaponAttachment_Ranged_Bow_36
[1497.97] Error: ApplyNewRBState() called for kinematic actor DFDroppedPickup_148
[1497.97] Error: ApplyNewRBState() called for kinematic actor DFDroppedPickup_149
[1497.97] Error: ApplyNewRBState() called for kinematic actor DFDroppedPickup_150
[1499.40] DevOnline: Listening for lan beacon requests on 6777
[1501.72] Log: Could not find FMC creator for PSC UGC-Persistent.TheWorld:PersistentLevel.DFPawn_Hero_Female_0.inXileParticleSystemComponent_3515 completion callback, message None
[1503.41] DevOnline: Listening for lan beacon requests on 6777
[1503.84] Log: Could not find FMC creator for PSC UGC-Persistent.TheWorld:PersistentLevel.DFPawn_Hero_Female_0.inXileParticleSystemComponent_3516 completion callback, message None
[1508.41] DevOnline: Listening for lan beacon requests on 6777
[1508.51] MP_Weapons_Native: SetAttackSkillObjectByName() failed, due to not having a prev. ASO - DFWeaponAttachment_Ranged_Bow_37
[1511.11] Log: Could not find FMC creator for PSC UGC-Persistent.TheWorld:PersistentLevel.DFPawn_Hero_Female_0.inXileParticleSystemComponent_3515 completion callback, message None
[1512.43] DevOnline: Listening for lan beacon requests on 6777
[1513.26] Log: Could not find FMC creator for PSC UGC-Persistent.TheWorld:PersistentLevel.DFPawn_Hero_Female_0.inXileParticleSystemComponent_3516 completion callback, message None
[1517.43] DevOnline: Listening for lan beacon requests on 6777
[1520.24] Error: ApplyNewRBState() called for kinematic actor DFDroppedPickup_154
[1520.24] Error: ApplyNewRBState() called for kinematic actor DFDroppedPickup_156
[1520.31] Error: ApplyNewRBState() called for kinematic actor DFDroppedPickup_154
[1520.31] Error: ApplyNewRBState() called for kinematic actor DFDroppedPickup_156
[1520.92] Log: Could not find FMC creator for PSC UGC-Persistent.TheWorld:PersistentLevel.DFPawn_Hero_Male_0.inXileParticleSystemComponent_34 completion callback, message None
[1521.45] DevOnline: Listening for lan beacon requests on 6777
[1525.63] MP_Weapons_Native: SetAttackSkillObjectByName() failed, due to not having a prev. ASO - DFWeaponAttachment_Ranged_Spell_26
[1526.45] DevOnline: Can't free search results while the search is in progress
[1526.45] DevOnline: Listening for lan beacon requests on 6777
[1528.28] Error: ApplyNewRBState() called for kinematic actor DFDroppedPickup_157
[1528.28] Error: ApplyNewRBState() called for kinematic actor DFDroppedPickup_158
[1528.34] Error: ApplyNewRBState() called for kinematic actor DFDroppedPickup_157
[1528.34] Error: ApplyNewRBState() called for kinematic actor DFDroppedPickup_158
[1530.46] DevOnline: Listening for lan beacon requests on 6777
[1531.44] MP_Weapons_Native: SetAttackSkillObjectByName() failed, due to not having a prev. ASO - DFWeaponAttachment_Ranged_Bow_38
[1535.46] DevOnline: Listening for lan beacon requests on 6777
[1536.43] MP_Weapons_Native: SetAttackSkillObjectByName() failed, due to not having a prev. ASO - DFWeaponAttachment_Melee_35
[1536.44] MP_Weapons_Native: SetAttackSkillObjectByName() failed, due to not having a prev. ASO - DFWeaponAttachment_Melee_36
[1536.53] MP_Weapons_Native: SetAttackSkillObjectByName() failed, due to not having a prev. ASO - DFWeaponAttachment_Melee_37
[1536.65] Warning: DFNodeTurnInPlace_Player_243 - Failed, with animsequence 'inj_TurnL45' on SkeletalMeshComponent: 'inXileForgedMeshComponent_1132' whose owner is: 'DFPawn_Minotaur_1' and is of type 'ForgedMeshComponent'
[1537.36] MP_Weapons_Native: SetAttackSkillObjectByName() failed, due to not having a prev. ASO - DFWeaponAttachment_Melee_38
[1539.47] DevOnline: Listening for lan beacon requests on 6777
[1541.32] MP_Weapons_Native: SetAttackSkillObjectByName() failed, due to not having a prev. ASO - DFWeaponAttachment_Ranged_Spell_27
[1543.30] Log: Could not find FMC creator for PSC UGC-Persistent.TheWorld:PersistentLevel.DFPawn_Hero_Male_0.inXileParticleSystemComponent_3722 completion callback, message None
[1544.49] DevOnline: Listening for lan beacon requests on 6777
[1545.10] Log: Could not find FMC creator for PSC UGC-Persistent.TheWorld:PersistentLevel.DFPawn_Hero_Female_0.inXileParticleSystemComponent_3515 completion callback, message None
[1545.39] Log: Could not find FMC creator for PSC UGC-Persistent.TheWorld:PersistentLevel.DFPawn_Hero_Male_0.inXileParticleSystemComponent_3723 completion callback, message None
[1547.25] Log: Could not find FMC creator for PSC UGC-Persistent.TheWorld:PersistentLevel.DFPawn_Hero_Female_0.inXileParticleSystemComponent_3516 completion callback, message None
[1547.52] ScriptWarning: Accessed None 'RunSound'
	DFSpecialMove_RoadieRun UGC-Persistent.TheWorld:PersistentLevel.DFSpecialMove_RoadieRun_1
	Function DFGame.DFSpecialMove_RoadieRun:StartSpecialMove:04EF
[1547.62] ScriptWarning: Accessed None 'RunSound'
	DFSpecialMove_RoadieRun UGC-Persistent.TheWorld:PersistentLevel.DFSpecialMove_RoadieRun_1
	Function DFGame.DFSpecialMove_RoadieRun:StopSpecialMove:0174
[1547.72] Log: Skills: Adding skill to cache... Melee Attack
[1548.40] ScriptWarning: Accessed None 'RunSound'
	DFSpecialMove_RoadieRun UGC-Persistent.TheWorld:PersistentLevel.DFSpecialMove_RoadieRun_1
	Function DFGame.DFSpecialMove_RoadieRun:StartSpecialMove:04EF
[1548.42] ScriptWarning: Accessed None 'RunSound'
	DFSpecialMove_RoadieRun UGC-Persistent.TheWorld:PersistentLevel.DFSpecialMove_RoadieRun_1
	Function DFGame.DFSpecialMove_RoadieRun:StopSpecialMove:0174
[1548.49] DevOnline: Listening for lan beacon requests on 6777
[1548.57] Log: Skills: Adding skill to cache... Melee Attack
[1551.47] MP_Weapons_Native: SetAttackSkillObjectByName() failed, due to not having a prev. ASO - DFWeaponAttachment_Ranged_Bow_39
[1553.50] DevOnline: Listening for lan beacon requests on 6777
[1556.52] MP_Weapons_Native: SetAttackSkillObjectByName() failed, due to not having a prev. ASO - DFWeaponAttachment_Melee_39
[1557.47] Error: ApplyNewRBState() called for kinematic actor DFDroppedPickup_Shield_18
[1557.51] DevOnline: Listening for lan beacon requests on 6777
[1557.54] Error: ApplyNewRBState() called for kinematic actor DFDroppedPickup_Shield_18
[1557.54] Error: ApplyNewRBState() called for kinematic actor DFDroppedPickup_160
[1559.06] Warning: DFNodeTurnInPlace_Player_243 - Failed, with animsequence 'inj_TurnR45' on SkeletalMeshComponent: 'inXileForgedMeshComponent_1132' whose owner is: 'DFPawn_Minotaur_1' and is of type 'ForgedMeshComponent'
[1560.18] ScriptWarning: Accessed None 'CurrentWeaponAttachment'
	DFWeaponAttachment_Ranged_Spell UGC-Persistent.TheWorld:PersistentLevel.DFWeaponAttachment_Ranged_Spell_25
	Function DFGame.DFWeaponAttachment:Cleanup:0152
[1560.48] MP_Weapons_Native: SetAttackSkillObjectByName() failed, due to not having a prev. ASO - DFWeaponAttachment_Melee_40
[1560.51] ScriptWarning: Accessed None 'ChargeSound'
	DFSpecialMove_ChargeMove UGC-Persistent.TheWorld:PersistentLevel.DFSpecialMove_ChargeMove_1
	Function DFGame.DFSpecialMove_ChargeMove:StartSpecialMove:009F
[1560.53] ScriptWarning: Accessed None 'ChargeSound'
	DFSpecialMove_ChargeMove UGC-Persistent.TheWorld:PersistentLevel.DFSpecialMove_ChargeMove_1
	Function DFGame.DFSpecialMove_ChargeMove:StopSpecialMove:009C
[1560.53] ScriptWarning: Accessed None 'ChargeSound'
	DFSpecialMove_ChargeMove UGC-Persistent.TheWorld:PersistentLevel.DFSpecialMove_ChargeMove_1
	Function DFGame.DFSpecialMove_ChargeMove:StartSpecialMove:009F
[1560.61] Error: ApplyNewRBState() called for kinematic actor DFDroppedPickup_163
[1560.68] Error: ApplyNewRBState() called for kinematic actor DFDroppedPickup_163
[1560.93] ScriptWarning: Accessed None 'ChargeSound'
	DFSpecialMove_ChargeMove UGC-Persistent.TheWorld:PersistentLevel.DFSpecialMove_ChargeMove_1
	Function DFGame.DFSpecialMove_ChargeMove:StopSpecialMove:009C
[1562.05] Warning: DFNodeTurnInPlace_Player_243 - Failed, with animsequence 'inj_TurnR90' on SkeletalMeshComponent: 'inXileForgedMeshComponent_1132' whose owner is: 'DFPawn_Minotaur_1' and is of type 'ForgedMeshComponent'
[1562.51] DevOnline: Can't free search results while the search is in progress
[1562.51] DevOnline: Listening for lan beacon requests on 6777
[1564.52] MP_Weapons_Native: SetAttackSkillObjectByName() failed, due to not having a prev. ASO - DFWeaponAttachment_Ranged_Spell_28
[1565.45] Warning: DFNodeTurnInPlace_Player_243 - Failed, with animsequence 'inj_TurnR90' on SkeletalMeshComponent: 'inXileForgedMeshComponent_1132' whose owner is: 'DFPawn_Minotaur_1' and is of type 'ForgedMeshComponent'
[1565.45] Warning: DFNodeTurnInPlace_Player_243 - Failed, with animsequence 'inj_TurnR90' on SkeletalMeshComponent: 'inXileForgedMeshComponent_1132' whose owner is: 'DFPawn_Minotaur_1' and is of type 'ForgedMeshComponent'
[1565.45] Warning: DFNodeTurnInPlace_Player_243 - Failed, with animsequence 'inj_TurnR90' on SkeletalMeshComponent: 'inXileForgedMeshComponent_1132' whose owner is: 'DFPawn_Minotaur_1' and is of type 'ForgedMeshComponent'
[1565.63] ScriptWarning: Accessed None 'RunSound'
	DFSpecialMove_RoadieRun UGC-Persistent.TheWorld:PersistentLevel.DFSpecialMove_RoadieRun_1
	Function DFGame.DFSpecialMove_RoadieRun:StartSpecialMove:04EF
[1565.69] ScriptWarning: Accessed None 'RunSound'
	DFSpecialMove_RoadieRun UGC-Persistent.TheWorld:PersistentLevel.DFSpecialMove_RoadieRun_1
	Function DFGame.DFSpecialMove_RoadieRun:StopSpecialMove:0174
[1566.52] DevOnline: Listening for lan beacon requests on 6777
[1569.33] Log: Could not find FMC creator for PSC UGC-Persistent.TheWorld:PersistentLevel.DFPawn_Hero_Male_0.inXileParticleSystemComponent_3850 completion callback, message None
[1569.66] ScriptWarning: Accessed None 'CurrentWeaponAttachment'
	DFWeaponAttachment_Melee UGC-Persistent.TheWorld:PersistentLevel.DFWeaponAttachment_Melee_40
	Function DFGame.DFWeaponAttachment:Cleanup:0152
[1570.01] MP_Weapons_Native: SetAttackSkillObjectByName() failed, due to not having a prev. ASO - DFWeaponAttachment_Ranged_Spell_29
[1570.62] Warning: DFNodeTurnInPlace_Player_243 - Failed, with animsequence 'inj_TurnL90' on SkeletalMeshComponent: 'inXileForgedMeshComponent_1132' whose owner is: 'DFPawn_Minotaur_1' and is of type 'ForgedMeshComponent'
[1571.53] DevOnline: Listening for lan beacon requests on 6777
[1571.62] Log: Could not find FMC creator for PSC UGC-Persistent.TheWorld:PersistentLevel.DFPawn_Hero_Male_0.inXileParticleSystemComponent_3851 completion callback, message None
[1572.93] ScriptWarning: Accessed None 'ChargeSound'
	DFSpecialMove_ChargeMove UGC-Persistent.TheWorld:PersistentLevel.DFSpecialMove_ChargeMove_1
	Function DFGame.DFSpecialMove_ChargeMove:StartSpecialMove:009F
[1572.94] ScriptWarning: Accessed None 'ChargeSound'
	DFSpecialMove_ChargeMove UGC-Persistent.TheWorld:PersistentLevel.DFSpecialMove_ChargeMove_1
	Function DFGame.DFSpecialMove_ChargeMove:StopSpecialMove:009C
[1572.94] ScriptWarning: Accessed None 'ChargeSound'
	DFSpecialMove_ChargeMove UGC-Persistent.TheWorld:PersistentLevel.DFSpecialMove_ChargeMove_1
	Function DFGame.DFSpecialMove_ChargeMove:StartSpecialMove:009F
[1573.84] ScriptWarning: Accessed None 'ChargeSound'
	DFSpecialMove_ChargeMove UGC-Persistent.TheWorld:PersistentLevel.DFSpecialMove_ChargeMove_1
	Function DFGame.DFSpecialMove_ChargeMove:StopSpecialMove:009C
[1574.93] Warning: DFNodeTurnInPlace_Player_243 - Failed, with animsequence 'inj_TurnR90' on SkeletalMeshComponent: 'inXileForgedMeshComponent_1132' whose owner is: 'DFPawn_Minotaur_1' and is of type 'ForgedMeshComponent'
[1574.96] Warning: DFNodeTurnInPlace_Player_243 - Failed, with animsequence 'inj_TurnR90' on SkeletalMeshComponent: 'inXileForgedMeshComponent_1132' whose owner is: 'DFPawn_Minotaur_1' and is of type 'ForgedMeshComponent'
[1574.96] Warning: DFNodeTurnInPlace_Player_243 - Failed, with animsequence 'inj_TurnR180' on SkeletalMeshComponent: 'inXileForgedMeshComponent_1132' whose owner is: 'DFPawn_Minotaur_1' and is of type 'ForgedMeshComponent'
[1575.55] DevOnline: Listening for lan beacon requests on 6777
[1577.03] Warning: DFNodeTurnInPlace_Player_243 - Failed, with animsequence 'inj_TurnR45' on SkeletalMeshComponent: 'inXileForgedMeshComponent_1132' whose owner is: 'DFPawn_Minotaur_1' and is of type 'ForgedMeshComponent'
[1577.03] Warning: DFNodeTurnInPlace_Player_243 - Failed, with animsequence 'inj_TurnR180' on SkeletalMeshComponent: 'inXileForgedMeshComponent_1132' whose owner is: 'DFPawn_Minotaur_1' and is of type 'ForgedMeshComponent'
[1578.20] Error: ApplyNewRBState() called for kinematic actor DFDroppedPickup_Shield_20
[1578.20] Error: ApplyNewRBState() called for kinematic actor DFDroppedPickup_165
[1578.20] Error: ApplyNewRBState() called for kinematic actor DFDroppedPickup_166
[1578.27] Error: ApplyNewRBState() called for kinematic actor DFDroppedPickup_Shield_20
[1578.33] Error: ApplyNewRBState() called for kinematic actor DFDroppedPickup_165
[1578.33] Error: ApplyNewRBState() called for kinematic actor DFDroppedPickup_166
[1580.30] MP_Weapons_Native: SetAttackSkillObjectByName() failed, due to not having a prev. ASO - DFWeaponAttachment_Ranged_Bow_40
[1580.55] DevOnline: Listening for lan beacon requests on 6777
[1582.20] ScriptWarning: Accessed None 'ChargeSound'
	DFSpecialMove_ChargeMove UGC-Persistent.TheWorld:PersistentLevel.DFSpecialMove_ChargeMove_1
	Function DFGame.DFSpecialMove_ChargeMove:StartSpecialMove:009F
[1582.21] ScriptWarning: Accessed None 'ChargeSound'
	DFSpecialMove_ChargeMove UGC-Persistent.TheWorld:PersistentLevel.DFSpecialMove_ChargeMove_1
	Function DFGame.DFSpecialMove_ChargeMove:StopSpecialMove:009C
[1582.21] ScriptWarning: Accessed None 'ChargeSound'
	DFSpecialMove_ChargeMove UGC-Persistent.TheWorld:PersistentLevel.DFSpecialMove_ChargeMove_1
	Function DFGame.DFSpecialMove_ChargeMove:StartSpecialMove:009F
[1583.10] ScriptWarning: Accessed None 'ChargeSound'
	DFSpecialMove_ChargeMove UGC-Persistent.TheWorld:PersistentLevel.DFSpecialMove_ChargeMove_1
	Function DFGame.DFSpecialMove_ChargeMove:StopSpecialMove:009C
[1583.30] ScriptWarning: Accessed None 'RunSound'
	DFSpecialMove_RoadieRun UGC-Persistent.TheWorld:PersistentLevel.DFSpecialMove_RoadieRun_1
	Function DFGame.DFSpecialMove_RoadieRun:StartSpecialMove:04EF
[1583.32] ScriptWarning: Accessed None 'RunSound'
	DFSpecialMove_RoadieRun UGC-Persistent.TheWorld:PersistentLevel.DFSpecialMove_RoadieRun_1
	Function DFGame.DFSpecialMove_RoadieRun:StopSpecialMove:0174
[1584.16] Warning: DFNodeTurnInPlace_Player_243 - Failed, with animsequence 'inj_TurnR90' on SkeletalMeshComponent: 'inXileForgedMeshComponent_1132' whose owner is: 'DFPawn_Minotaur_1' and is of type 'ForgedMeshComponent'
[1584.16] Warning: DFNodeTurnInPlace_Player_243 - Failed, with animsequence 'inj_TurnR180' on SkeletalMeshComponent: 'inXileForgedMeshComponent_1132' whose owner is: 'DFPawn_Minotaur_1' and is of type 'ForgedMeshComponent'
[1584.57] DevOnline: Listening for lan beacon requests on 6777
[1585.62] Log: Could not find FMC creator for PSC UGC-Persistent.TheWorld:PersistentLevel.DFPawn_Hero_Female_0.inXileParticleSystemComponent_3871 completion callback, message None
[1586.74] Warning: DFNodeTurnInPlace_Player_243 - Failed, with animsequence 'inj_TurnR90' on SkeletalMeshComponent: 'inXileForgedMeshComponent_1132' whose owner is: 'DFPawn_Minotaur_1' and is of type 'ForgedMeshComponent'
[1586.74] Warning: DFNodeTurnInPlace_Player_243 - Failed, with animsequence 'inj_TurnR180' on SkeletalMeshComponent: 'inXileForgedMeshComponent_1132' whose owner is: 'DFPawn_Minotaur_1' and is of type 'ForgedMeshComponent'
[1587.76] Log: Could not find FMC creator for PSC UGC-Persistent.TheWorld:PersistentLevel.DFPawn_Hero_Female_0.inXileParticleSystemComponent_3872 completion callback, message None
[1587.94] Warning: DFNodeTurnInPlace_Player_243 - Failed, with animsequence 'inj_TurnL90' on SkeletalMeshComponent: 'inXileForgedMeshComponent_1132' whose owner is: 'DFPawn_Minotaur_1' and is of type 'ForgedMeshComponent'
[1587.94] Warning: DFNodeTurnInPlace_Player_243 - Failed, with animsequence 'inj_TurnR180' on SkeletalMeshComponent: 'inXileForgedMeshComponent_1132' whose owner is: 'DFPawn_Minotaur_1' and is of type 'ForgedMeshComponent'
[1589.59] DevOnline: Listening for lan beacon requests on 6777
[1589.77] ScriptWarning: Accessed None 'ChargeSound'
	DFSpecialMove_ChargeMove UGC-Persistent.TheWorld:PersistentLevel.DFSpecialMove_ChargeMove_1
	Function DFGame.DFSpecialMove_ChargeMove:StartSpecialMove:009F
[1590.57] ScriptWarning: Accessed None 'ChargeSound'
	DFSpecialMove_ChargeMove UGC-Persistent.TheWorld:PersistentLevel.DFSpecialMove_ChargeMove_1
	Function DFGame.DFSpecialMove_ChargeMove:StopSpecialMove:009C
[1591.64] Warning: DFNodeTurnInPlace_Player_243 - Failed, with animsequence 'inj_TurnR90' on SkeletalMeshComponent: 'inXileForgedMeshComponent_1132' whose owner is: 'DFPawn_Minotaur_1' and is of type 'ForgedMeshComponent'
[1591.64] Warning: DFNodeTurnInPlace_Player_243 - Failed, with animsequence 'inj_TurnR180' on SkeletalMeshComponent: 'inXileForgedMeshComponent_1132' whose owner is: 'DFPawn_Minotaur_1' and is of type 'ForgedMeshComponent'
[1592.64] Log: Skills: Adding skill to cache... Melee Attack
[1592.64] Warning: DFNodeTurnInPlace_Player_243 - Failed, with animsequence 'inj_TurnR90' on SkeletalMeshComponent: 'inXileForgedMeshComponent_1132' whose owner is: 'DFPawn_Minotaur_1' and is of type 'ForgedMeshComponent'
[1592.64] Warning: DFNodeTurnInPlace_Player_243 - Failed, with animsequence 'inj_TurnR180' on SkeletalMeshComponent: 'inXileForgedMeshComponent_1132' whose owner is: 'DFPawn_Minotaur_1' and is of type 'ForgedMeshComponent'
[1593.59] DevOnline: Listening for lan beacon requests on 6777
[1593.81] Log: Skills: Adding skill to cache... Melee Attack
[1598.48] Warning: DFNodeTurnInPlace_Player_243 - Failed, with animsequence 'inj_TurnR90' on SkeletalMeshComponent: 'inXileForgedMeshComponent_1132' whose owner is: 'DFPawn_Minotaur_1' and is of type 'ForgedMeshComponent'
[1598.48] Warning: DFNodeTurnInPlace_Player_243 - Failed, with animsequence 'inj_TurnR180' on SkeletalMeshComponent: 'inXileForgedMeshComponent_1132' whose owner is: 'DFPawn_Minotaur_1' and is of type 'ForgedMeshComponent'
[1598.50] Warning: DFNodeTurnInPlace_Player_243 - Failed, with animsequence 'inj_TurnR90' on SkeletalMeshComponent: 'inXileForgedMeshComponent_1132' whose owner is: 'DFPawn_Minotaur_1' and is of type 'ForgedMeshComponent'
[1598.50] Warning: DFNodeTurnInPlace_Player_243 - Failed, with animsequence 'inj_TurnR180' on SkeletalMeshComponent: 'inXileForgedMeshComponent_1132' whose owner is: 'DFPawn_Minotaur_1' and is of type 'ForgedMeshComponent'
[1598.50] Warning: DFNodeTurnInPlace_Player_243 - Failed, with animsequence 'inj_TurnR90' on SkeletalMeshComponent: 'inXileForgedMeshComponent_1132' whose owner is: 'DFPawn_Minotaur_1' and is of type 'ForgedMeshComponent'
[1598.50] Warning: DFNodeTurnInPlace_Player_243 - Failed, with animsequence 'inj_TurnR180' on SkeletalMeshComponent: 'inXileForgedMeshComponent_1132' whose owner is: 'DFPawn_Minotaur_1' and is of type 'ForgedMeshComponent'
[1598.60] DevOnline: Listening for lan beacon requests on 6777
[1600.87] Warning: DFNodeTurnInPlace_Player_243 - Failed, with animsequence 'inj_TurnR90' on SkeletalMeshComponent: 'inXileForgedMeshComponent_1132' whose owner is: 'DFPawn_Minotaur_1' and is of type 'ForgedMeshComponent'
[1600.87] Warning: DFNodeTurnInPlace_Player_243 - Failed, with animsequence 'inj_TurnR180' on SkeletalMeshComponent: 'inXileForgedMeshComponent_1132' whose owner is: 'DFPawn_Minotaur_1' and is of type 'ForgedMeshComponent'
[1600.87] Warning: DFNodeTurnInPlace_Player_243 - Failed, with animsequence 'inj_TurnR90' on SkeletalMeshComponent: 'inXileForgedMeshComponent_1132' whose owner is: 'DFPawn_Minotaur_1' and is of type 'ForgedMeshComponent'
[1600.87] Warning: DFNodeTurnInPlace_Player_243 - Failed, with animsequence 'inj_TurnR180' on SkeletalMeshComponent: 'inXileForgedMeshComponent_1132' whose owner is: 'DFPawn_Minotaur_1' and is of type 'ForgedMeshComponent'
[1600.87] Log: DFPawn_Minotaur_1 PLAYSOUND with no sound cue called from HandleDeflect
[1600.87] Log: Script call stack:
	Function DFGame.DFForgedMeshProjectile_Arrow:HandleDeflect
	Function DFGame.DFForgedMeshProjectile:HandleDeflect

[1602.62] DevOnline: Listening for lan beacon requests on 6777
[1602.91] Error: ApplyNewRBState() called for kinematic actor DFDroppedPickup_169
[1602.91] Error: ApplyNewRBState() called for kinematic actor DFDroppedPickup_170
[1602.91] Error: ApplyNewRBState() called for kinematic actor DFDroppedPickup_171
[1602.98] Error: ApplyNewRBState() called for kinematic actor DFDroppedPickup_169
[1602.98] Error: ApplyNewRBState() called for kinematic actor DFDroppedPickup_170
[1602.98] Error: ApplyNewRBState() called for kinematic actor DFDroppedPickup_171
[1603.59] Log: Could not find FMC creator for PSC UGC-Persistent.TheWorld:PersistentLevel.DFPawn_Hero_Male_0.inXileParticleSystemComponent_3956 completion callback, message None
[1603.88] Log: ADFDialogManager::PlayConversationFromScript, Conversation not found: conv_TieCaddoc
[1607.64] DevOnline: Listening for lan beacon requests on 6777
[1611.65] DevOnline: Listening for lan beacon requests on 6777
[1615.65] ScriptWarning: Accessed None 'RunSound'
	DFSpecialMove_RoadieRun UGC-Persistent.TheWorld:PersistentLevel.DFSpecialMove_RoadieRun_1
	Function DFGame.DFSpecialMove_RoadieRun:StartSpecialMove:04EF
[1615.69] ScriptWarning: Accessed None 'RunSound'
	DFSpecialMove_RoadieRun UGC-Persistent.TheWorld:PersistentLevel.DFSpecialMove_RoadieRun_1
	Function DFGame.DFSpecialMove_RoadieRun:StopSpecialMove:0174
[1616.67] DevOnline: Listening for lan beacon requests on 6777
[1617.48] ScriptWarning: Accessed None 'RunSound'
	DFSpecialMove_RoadieRun UGC-Persistent.TheWorld:PersistentLevel.DFSpecialMove_RoadieRun_1
	Function DFGame.DFSpecialMove_RoadieRun:StartSpecialMove:04EF
[1617.57] ScriptWarning: Accessed None 'RunSound'
	DFSpecialMove_RoadieRun UGC-Persistent.TheWorld:PersistentLevel.DFSpecialMove_RoadieRun_1
	Function DFGame.DFSpecialMove_RoadieRun:StopSpecialMove:0174
[1620.67] DevOnline: Listening for lan beacon requests on 6777
[1625.67] DevOnline: Listening for lan beacon requests on 6777
[1629.35] ScriptWarning: Accessed None 'CurrentWeaponAttachment'
	DFWeaponAttachment_Ranged_Spell UGC-Persistent.TheWorld:PersistentLevel.DFWeaponAttachment_Ranged_Spell_29
	Function DFGame.DFWeaponAttachment:Cleanup:0152
[1629.63] MP_Weapons_Native: SetAttackSkillObjectByName() failed, due to not having a prev. ASO - DFWeaponAttachment_Melee_41
[1629.69] DevOnline: Listening for lan beacon requests on 6777
[1633.42] Error: ApplyNewRBState() called for kinematic actor DFDroppedPickup_172
[1633.48] Error: ApplyNewRBState() called for kinematic actor DFDroppedPickup_172
[1634.71] DevOnline: Listening for lan beacon requests on 6777
[1638.72] DevOnline: Listening for lan beacon requests on 6777
[1643.74] DevOnline: Listening for lan beacon requests on 6777
[1647.21] ScriptWarning: Accessed None 'RunSound'
	DFSpecialMove_RoadieRun UGC-Persistent.TheWorld:PersistentLevel.DFSpecialMove_RoadieRun_1
	Function DFGame.DFSpecialMove_RoadieRun:StartSpecialMove:04EF
[1647.74] DevOnline: Listening for lan beacon requests on 6777
[1651.18] Log: APPLY TRANSFORM LEVEL from UpdateSTreamingLevels():
[1651.18] Log: APPLY TRANSFORM ROOM #5, rot.pitch=0, rot.yaw=16384, rot.roll=0;  Offset=10225.455078,-11681.067383,-4677.938477
[1651.18] Log: APPLY TRANSFORM ROOM: UGCDungeonLayoutValues.LevelIndexCurr = 5
[1651.18] Log:  LevelData[5] setting bOffsetsApplied to TRUE
[1651.18] Log:  Flagging Level[5] to be Not Visible
[1651.18] Log:  Flagging Level[5] to be Visible
[1651.30] ScriptWarning: Accessed None 'RunSound'
	DFSpecialMove_RoadieRun UGC-Persistent.TheWorld:PersistentLevel.DFSpecialMove_RoadieRun_1
	Function DFGame.DFSpecialMove_RoadieRun:StopSpecialMove:0174
[1652.74] DevOnline: Listening for lan beacon requests on 6777
[1655.25] Log: Could not find FMC creator for PSC 000_Hallway1.TheWorld:PersistentLevel.DFPickupFactoryAlchemyObject_ShardContent_0.inXileParticleSystemComponent_2595 completion callback, message None
[1656.76] DevOnline: Listening for lan beacon requests on 6777
[1660.17] Log: Changing subtitle setting, new value: 0
[1660.28] Warning: Warning, Failed to load 'SwfMovie ?INT?GFxUI.IME.MoviePath?': Failed to find object 'SwfMovie ?INT?GFxUI.IME.MoviePath?'
[1660.28] Log: GFx attempted to load missing object [?INT?GFxUI.IME.MoviePath?]
[1661.77] DevOnline: Listening for lan beacon requests on 6777
[1665.77] DevOnline: Listening for lan beacon requests on 6777
[1670.79] DevOnline: Listening for lan beacon requests on 6777
[1673.83] Log: Octree Warning (AddPrimitive): SkeletalMeshComponent_0 (Owner: UGC-Persistent.TheWorld:PersistentLevel.inXileKAssetSpawnable_0) Outside World.
[1673.83] Log: Octree Warning (AddPrimitive): SkeletalMeshComponent_0 (Owner: UGC-Persistent.TheWorld:PersistentLevel.inXileKAssetSpawnable_0) Outside World.
[1674.81] DevOnline: Listening for lan beacon requests on 6777
[1676.76] Log: Changing subtitle setting, new value: 1
[1679.81] DevOnline: Can't free search results while the search is in progress
[1679.81] DevOnline: Listening for lan beacon requests on 6777
[1682.69] ScriptWarning: Accessed None 'RunSound'
	DFSpecialMove_RoadieRun UGC-Persistent.TheWorld:PersistentLevel.DFSpecialMove_RoadieRun_1
	Function DFGame.DFSpecialMove_RoadieRun:StartSpecialMove:04EF
[1682.79] ScriptWarning: Accessed None 'RunSound'
	DFSpecialMove_RoadieRun UGC-Persistent.TheWorld:PersistentLevel.DFSpecialMove_RoadieRun_1
	Function DFGame.DFSpecialMove_RoadieRun:StopSpecialMove:0174
[1683.81] DevOnline: Listening for lan beacon requests on 6777
[1688.82] DevOnline: Listening for lan beacon requests on 6777
[1692.82] DevOnline: Listening for lan beacon requests on 6777
[1694.33] MP_Weapons_Native: SetAttackSkillObjectByName() failed, due to not having a prev. ASO - DFWeaponAttachment_Ranged_Spell_30
[1694.54] Log: Before HALL TRANSORM: UGCDungeonLayoutValues.LevelIndexCurr=5
[1694.54] Log: APPLY TRANSFORM Hall: xformed exit door side=2, rot.roll=0, rot.pitch=0, rot.yaw=32768;  Offset=383.873535,-9692.241211,-4365.938477
[1694.54] Log:  LevelData[0] setting bOffsetsApplied to TRUE
[1694.54] Log:  Flagging Level[0] to be Not Visible
[1694.54] Log:  Flagging Level[0] to be Visible
[1694.55] Log: FKAggregateGeom::InstanceNovodexGeom: (Actor: 000_Hallway1.TheWorld:PersistentLevel.StaticMeshActor_241 Component: StaticMeshComponent_1808 StaticMesh: ES3_EnviroProps.Meshes.S_WebPlane) No geometries in FKAggregateGeom.
[1694.55] Log: URB_BodyInstance::InitBody : Could not create new Shape: Actor: 000_Hallway1.TheWorld:PersistentLevel.StaticMeshActor_241 Component: StaticMeshComponent_1808 StaticMesh: ES3_EnviroProps.Meshes.S_WebPlane
[1694.55] Log: FKAggregateGeom::InstanceNovodexGeom: (Actor: 000_Hallway1.TheWorld:PersistentLevel.StaticMeshActor_298 Component: StaticMeshComponent_1808 StaticMesh: ES3_EnviroProps.Meshes.S_WebPlane) No geometries in FKAggregateGeom.
[1694.55] Log: URB_BodyInstance::InitBody : Could not create new Shape: Actor: 000_Hallway1.TheWorld:PersistentLevel.StaticMeshActor_298 Component: StaticMeshComponent_1808 StaticMesh: ES3_EnviroProps.Meshes.S_WebPlane
[1694.55] Log: FKAggregateGeom::InstanceNovodexGeom: (Actor: 000_Hallway1.TheWorld:PersistentLevel.StaticMeshActor_191 Component: StaticMeshComponent_1808 StaticMesh: ES3_EnviroProps.Meshes.S_WebPlane) No geometries in FKAggregateGeom.
[1694.55] Log: URB_BodyInstance::InitBody : Could not create new Shape: Actor: 000_Hallway1.TheWorld:PersistentLevel.StaticMeshActor_191 Component: StaticMeshComponent_1808 StaticMesh: ES3_EnviroProps.Meshes.S_WebPlane
[1696.16] Log: Could not find FMC creator for PSC UGC-Persistent.TheWorld:PersistentLevel.DFPawn_Hero_Male_0.inXileParticleSystemComponent_4054 completion callback, message None
[1697.76] ScriptWarning: Accessed None 'CurrentWeaponAttachment'
	DFWeaponAttachment_Melee UGC-Persistent.TheWorld:PersistentLevel.DFWeaponAttachment_Melee_41
	Function DFGame.DFWeaponAttachment:Cleanup:0152
[1697.83] DevOnline: Listening for lan beacon requests on 6777
[1698.14] Log: Could not find FMC creator for PSC UGC-Persistent.TheWorld:PersistentLevel.DFPawn_Hero_Male_0.inXileParticleSystemComponent_4055 completion callback, message None
[1698.15] MP_Weapons_Native: SetAttackSkillObjectByName() failed, due to not having a prev. ASO - DFWeaponAttachment_Ranged_Spell_31
[1701.32] MP_Weapons_Native: SetAttackSkillObjectByName() failed, due to not having a prev. ASO - DFWeaponAttachment_Ranged_Bow_41
[1701.85] DevOnline: Listening for lan beacon requests on 6777
[1702.02] Log: Could not find FMC creator for PSC UGC-Persistent.TheWorld:PersistentLevel.DFPawn_Hero_Female_0.inXileParticleSystemComponent_4100 completion callback, message None
[1702.31] MP_Weapons_Native: SetAttackSkillObjectByName() failed, due to not having a prev. ASO - DFWeaponAttachment_Ranged_Spell_32
[1702.37] MP_Weapons_Native: SetAttackSkillObjectByName() failed, due to not having a prev. ASO - DFWeaponAttachment_Ranged_Spell_33
[1702.42] MP_Weapons_Native: SetAttackSkillObjectByName() failed, due to not having a prev. ASO - DFWeaponAttachment_Melee_42
[1703.28] MP_Weapons_Native: SetAttackSkillObjectByName() failed, due to not having a prev. ASO - DFWeaponAttachment_Ranged_Spell_34
[1704.28] Log: Could not find FMC creator for PSC UGC-Persistent.TheWorld:PersistentLevel.DFPawn_Hero_Female_0.inXileParticleSystemComponent_4101 completion callback, message None
[1704.31] MP_Weapons_Native: SetAttackSkillObjectByName() failed, due to not having a prev. ASO - DFWeaponAttachment_Melee_43
[1706.85] DevOnline: Listening for lan beacon requests on 6777
[1710.85] DevOnline: Listening for lan beacon requests on 6777
[1712.90] Log: Skills: Adding skill to cache... 
[1713.43] Error: ApplyNewRBState() called for kinematic actor DFDroppedPickup_173
[1713.43] Error: ApplyNewRBState() called for kinematic actor DFDroppedPickup_174
[1713.49] Error: ApplyNewRBState() called for kinematic actor DFDroppedPickup_173
[1713.56] Error: ApplyNewRBState() called for kinematic actor DFDroppedPickup_174
[1714.69] Log: AActor::SetBase : Bone (BuffLight) not found on DFPawn_Nid_51 for inXileForgedMeshActorSpawnable_29!
[1715.03] Log: AActor::SetBase : Bone (BuffLight) not found on DFPawn_Nid_51 for inXileForgedMeshActorSpawnable_30!
[1715.86] DevOnline: Listening for lan beacon requests on 6777
[1719.88] DevOnline: Listening for lan beacon requests on 6777
[1720.37] MP_Weapons_Native: SetAttackSkillObjectByName() failed, due to not having a prev. ASO - DFWeaponAttachment_Ranged_Spell_35
[1724.88] DevOnline: Listening for lan beacon requests on 6777
[1727.56] Log: Could not find FMC creator for PSC UGC-Persistent.TheWorld:PersistentLevel.DFPawn_Hero_Male_0.inXileParticleSystemComponent_4199 completion callback, message None
[1727.76] MP_Weapons_Native: SetAttackSkillObjectByName() failed, due to not having a prev. ASO - DFWeaponAttachment_Melee_44
[1728.73] Error: ApplyNewRBState() called for kinematic actor DFDroppedPickup_177
[1728.80] Error: ApplyNewRBState() called for kinematic actor DFDroppedPickup_177
[1728.90] DevOnline: Listening for lan beacon requests on 6777
[1729.69] Log: Could not find FMC creator for PSC UGC-Persistent.TheWorld:PersistentLevel.DFPawn_Hero_Male_0.inXileParticleSystemComponent_4200 completion callback, message None
[1733.90] DevOnline: Listening for lan beacon requests on 6777
[1737.50] Log: AActor::SetBase : Bone (BuffLight) not found on DFPawn_Nid_52 for inXileForgedMeshActorSpawnable_31!
[1737.91] DevOnline: Listening for lan beacon requests on 6777
[1739.10] Error: ApplyNewRBState() called for kinematic actor DFDroppedPickup_178
[1739.16] Error: ApplyNewRBState() called for kinematic actor DFDroppedPickup_178
[1742.91] DevOnline: Listening for lan beacon requests on 6777
[1744.34] Error: ApplyNewRBState() called for kinematic actor DFDroppedPickup_179
[1744.40] Error: ApplyNewRBState() called for kinematic actor DFDroppedPickup_179
[1746.91] DevOnline: Listening for lan beacon requests on 6777
[1747.10] MP_Weapons_Native: SetAttackSkillObjectByName() failed, due to not having a prev. ASO - DFWeaponAttachment_Ranged_Bow_42
[1749.61] Log: Could not find FMC creator for PSC UGC-Persistent.TheWorld:PersistentLevel.DFPawn_Hero_Female_0.inXileParticleSystemComponent_4100 completion callback, message None
[1751.72] Log: Could not find FMC creator for PSC UGC-Persistent.TheWorld:PersistentLevel.DFPawn_Hero_Female_0.inXileParticleSystemComponent_4101 completion callback, message None
[1751.93] DevOnline: Listening for lan beacon requests on 6777
[1753.61] ScriptWarning: Accessed None 'RunSound'
	DFSpecialMove_RoadieRun UGC-Persistent.TheWorld:PersistentLevel.DFSpecialMove_RoadieRun_1
	Function DFGame.DFSpecialMove_RoadieRun:StartSpecialMove:04EF
[1754.13] ScriptWarning: Accessed None 'RunSound'
	DFSpecialMove_RoadieRun UGC-Persistent.TheWorld:PersistentLevel.DFSpecialMove_RoadieRun_1
	Function DFGame.DFSpecialMove_RoadieRun:StopSpecialMove:0174
[1755.93] DevOnline: Listening for lan beacon requests on 6777
[1756.27] MP_Weapons_Native: SetAttackSkillObjectByName() failed, due to not having a prev. ASO - DFWeaponAttachment_Ranged_Spell_36
[1757.24] Error: ApplyNewRBState() called for kinematic actor DFDroppedPickup_180
[1757.24] Error: ApplyNewRBState() called for kinematic actor DFDroppedPickup_181
[1757.30] Error: ApplyNewRBState() called for kinematic actor DFDroppedPickup_180
[1757.30] Error: ApplyNewRBState() called for kinematic actor DFDroppedPickup_181
[1759.46] Error: ApplyNewRBState() called for kinematic actor DFDroppedPickup_Shield_24
[1759.46] Error: ApplyNewRBState() called for kinematic actor DFDroppedPickup_183
[1759.46] Error: ApplyNewRBState() called for kinematic actor DFDroppedPickup_184
[1759.52] Error: ApplyNewRBState() called for kinematic actor DFDroppedPickup_Shield_24
[1759.52] Error: ApplyNewRBState() called for kinematic actor DFDroppedPickup_183
[1759.52] Error: ApplyNewRBState() called for kinematic actor DFDroppedPickup_184
[1760.38] ScriptWarning: Accessed None 'CurrentWeaponAttachment'
	DFWeaponAttachment_Ranged_Spell UGC-Persistent.TheWorld:PersistentLevel.DFWeaponAttachment_Ranged_Spell_31
	Function DFGame.DFWeaponAttachment:Cleanup:0152
[1760.67] MP_Weapons_Native: SetAttackSkillObjectByName() failed, due to not having a prev. ASO - DFWeaponAttachment_Melee_45
[1760.83] MP_Weapons_Native: SetAttackSkillObjectByName() failed, due to not having a prev. ASO - DFWeaponAttachment_Ranged_Spell_37
[1760.95] DevOnline: Listening for lan beacon requests on 6777
[1763.25] Error: ApplyNewRBState() called for kinematic actor DFDroppedPickup_185
[1763.32] Error: ApplyNewRBState() called for kinematic actor DFDroppedPickup_185
[1763.42] MP_Weapons_Native: SetAttackSkillObjectByName() failed, due to not having a prev. ASO - DFWeaponAttachment_Ranged_Bow_43
[1764.94] DevOnline: Listening for lan beacon requests on 6777
[1767.62] ScriptWarning: Accessed None 'CurrentWeaponAttachment'
	DFWeaponAttachment_Melee UGC-Persistent.TheWorld:PersistentLevel.DFWeaponAttachment_Melee_45
	Function DFGame.DFWeaponAttachment:Cleanup:0152
[1768.03] MP_Weapons_Native: SetAttackSkillObjectByName() failed, due to not having a prev. ASO - DFWeaponAttachment_Ranged_Spell_38
[1769.96] DevOnline: Listening for lan beacon requests on 6777
[1770.01] MP_Weapons_Native: SetAttackSkillObjectByName() failed, due to not having a prev. ASO - DFWeaponAttachment_Ranged_Spell_39
[1773.98] DevOnline: Listening for lan beacon requests on 6777
[1776.22] Error: ApplyNewRBState() called for kinematic actor DFDroppedPickup_187
[1776.28] Error: ApplyNewRBState() called for kinematic actor DFDroppedPickup_187
[1778.98] DevOnline: Can't free search results while the search is in progress
[1778.98] DevOnline: Listening for lan beacon requests on 6777
[1783.00] DevOnline: Listening for lan beacon requests on 6777
[1783.04] Log: Could not find FMC creator for PSC UGC-Persistent.TheWorld:PersistentLevel.DFPawn_Hero_Male_0.inXileParticleSystemComponent_4449 completion callback, message None
[1784.33] MP_Weapons_Native: SetAttackSkillObjectByName() failed, due to not having a prev. ASO - DFWeaponAttachment_Melee_46
[1784.40] MP_Weapons_Native: SetAttackSkillObjectByName() failed, due to not having a prev. ASO - DFWeaponAttachment_Ranged_Bow_44
[1784.47] MP_Weapons_Native: SetAttackSkillObjectByName() failed, due to not having a prev. ASO - DFWeaponAttachment_Melee_47
[1784.57] Warning: DFNodeTurnInPlace_Player_291 - Failed, with animsequence 'inj_TurnL90' on SkeletalMeshComponent: 'inXileForgedMeshComponent_1347' whose owner is: 'DFPawn_Minotaur_2' and is of type 'ForgedMeshComponent'
[1785.25] Log: Could not find FMC creator for PSC UGC-Persistent.TheWorld:PersistentLevel.DFPawn_Hero_Male_0.inXileParticleSystemComponent_4450 completion callback, message None
[1788.01] DevOnline: Listening for lan beacon requests on 6777
[1789.71] Warning: DFNodeTurnInPlace_Player_291 - Failed, with animsequence 'inj_TurnR90' on SkeletalMeshComponent: 'inXileForgedMeshComponent_1347' whose owner is: 'DFPawn_Minotaur_2' and is of type 'ForgedMeshComponent'
[1790.57] MP_Weapons_Native: SetAttackSkillObjectByName() failed, due to not having a prev. ASO - DFWeaponAttachment_Ranged_Bow_45
[1792.03] DevOnline: Listening for lan beacon requests on 6777
[1797.03] DevOnline: Listening for lan beacon requests on 6777
[1797.98] MP_Weapons_Native: SetAttackSkillObjectByName() failed, due to not having a prev. ASO - DFWeaponAttachment_Melee_48
[1798.36] Warning: DFNodeTurnInPlace_Player_291 - Failed, with animsequence 'inj_TurnR45' on SkeletalMeshComponent: 'inXileForgedMeshComponent_1347' whose owner is: 'DFPawn_Minotaur_2' and is of type 'ForgedMeshComponent'
[1798.83] Log: Could not find FMC creator for PSC UGC-Persistent.TheWorld:PersistentLevel.DFPawn_Hero_Female_0.inXileParticleSystemComponent_4432 completion callback, message None
[1798.93] Error: ApplyNewRBState() called for kinematic actor DFDroppedPickup_189
[1799.00] Error: ApplyNewRBState() called for kinematic actor DFDroppedPickup_189
[1799.00] Error: ApplyNewRBState() called for kinematic actor DFDroppedPickup_190
[1801.02] Log: Could not find FMC creator for PSC UGC-Persistent.TheWorld:PersistentLevel.DFPawn_Hero_Female_0.inXileParticleSystemComponent_4433 completion callback, message None
[1801.05] DevOnline: Listening for lan beacon requests on 6777
[1802.96] ScriptWarning: Accessed None 'ChargeSound'
	DFSpecialMove_ChargeMove UGC-Persistent.TheWorld:PersistentLevel.DFSpecialMove_ChargeMove_2
	Function DFGame.DFSpecialMove_ChargeMove:StartSpecialMove:009F
[1803.76] ScriptWarning: Accessed None 'ChargeSound'
	DFSpecialMove_ChargeMove UGC-Persistent.TheWorld:PersistentLevel.DFSpecialMove_ChargeMove_2
	Function DFGame.DFSpecialMove_ChargeMove:StopSpecialMove:009C
[1804.84] Warning: DFNodeTurnInPlace_Player_291 - Failed, with animsequence 'inj_TurnR90' on SkeletalMeshComponent: 'inXileForgedMeshComponent_1347' whose owner is: 'DFPawn_Minotaur_2' and is of type 'ForgedMeshComponent'
[1805.20] Warning: DFNodeTurnInPlace_Player_291 - Failed, with animsequence 'inj_TurnR90' on SkeletalMeshComponent: 'inXileForgedMeshComponent_1347' whose owner is: 'DFPawn_Minotaur_2' and is of type 'ForgedMeshComponent'
[1805.20] Warning: DFNodeTurnInPlace_Player_291 - Failed, with animsequence 'inj_TurnR180' on SkeletalMeshComponent: 'inXileForgedMeshComponent_1347' whose owner is: 'DFPawn_Minotaur_2' and is of type 'ForgedMeshComponent'
[1806.05] DevOnline: Listening for lan beacon requests on 6777
[1807.35] Error: ApplyNewRBState() called for kinematic actor DFDroppedPickup_191
[1807.35] Error: ApplyNewRBState() called for kinematic actor DFDroppedPickup_192
[1807.42] Error: ApplyNewRBState() called for kinematic actor DFDroppedPickup_191
[1807.42] Error: ApplyNewRBState() called for kinematic actor DFDroppedPickup_192
[1809.64] Warning: DFNodeTurnInPlace_Player_291 - Failed, with animsequence 'inj_TurnR90' on SkeletalMeshComponent: 'inXileForgedMeshComponent_1347' whose owner is: 'DFPawn_Minotaur_2' and is of type 'ForgedMeshComponent'
[1809.64] Warning: DFNodeTurnInPlace_Player_291 - Failed, with animsequence 'inj_TurnR180' on SkeletalMeshComponent: 'inXileForgedMeshComponent_1347' whose owner is: 'DFPawn_Minotaur_2' and is of type 'ForgedMeshComponent'
[1809.66] Warning: DFNodeTurnInPlace_Player_291 - Failed, with animsequence 'inj_TurnR90' on SkeletalMeshComponent: 'inXileForgedMeshComponent_1347' whose owner is: 'DFPawn_Minotaur_2' and is of type 'ForgedMeshComponent'
[1809.66] Warning: DFNodeTurnInPlace_Player_291 - Failed, with animsequence 'inj_TurnR180' on SkeletalMeshComponent: 'inXileForgedMeshComponent_1347' whose owner is: 'DFPawn_Minotaur_2' and is of type 'ForgedMeshComponent'
[1809.66] Warning: DFNodeTurnInPlace_Player_291 - Failed, with animsequence 'inj_TurnR90' on SkeletalMeshComponent: 'inXileForgedMeshComponent_1347' whose owner is: 'DFPawn_Minotaur_2' and is of type 'ForgedMeshComponent'
[1809.66] Warning: DFNodeTurnInPlace_Player_291 - Failed, with animsequence 'inj_TurnR180' on SkeletalMeshComponent: 'inXileForgedMeshComponent_1347' whose owner is: 'DFPawn_Minotaur_2' and is of type 'ForgedMeshComponent'
[1810.07] DevOnline: Listening for lan beacon requests on 6777
[1815.06] ScriptWarning: Accessed None 'CurrentWeaponAttachment'
	DFWeaponAttachment_Ranged_Spell UGC-Persistent.TheWorld:PersistentLevel.DFWeaponAttachment_Ranged_Spell_38
	Function DFGame.DFWeaponAttachment:Cleanup:0152
[1815.08] DevOnline: Listening for lan beacon requests on 6777
[1815.35] MP_Weapons_Native: SetAttackSkillObjectByName() failed, due to not having a prev. ASO - DFWeaponAttachment_Melee_49
[1815.59] Log: Skills: Adding skill to cache... Melee Attack
[1816.79] Log: Could not find FMC creator for PSC UGC-Persistent.TheWorld:PersistentLevel.DFPawn_Hero_Male_0.inXileParticleSystemComponent_4509 completion callback, message None
[1819.10] DevOnline: Listening for lan beacon requests on 6777
[1820.61] MP_Weapons_Native: SetAttackSkillObjectByName() failed, due to not having a prev. ASO - DFWeaponAttachment_Ranged_Spell_40
[1820.64] Warning: DFNodeTurnInPlace_Player_291 - Failed, with animsequence 'inj_TurnL90' on SkeletalMeshComponent: 'inXileForgedMeshComponent_1347' whose owner is: 'DFPawn_Minotaur_2' and is of type 'ForgedMeshComponent'
[1820.64] Warning: DFNodeTurnInPlace_Player_291 - Failed, with animsequence 'inj_TurnR180' on SkeletalMeshComponent: 'inXileForgedMeshComponent_1347' whose owner is: 'DFPawn_Minotaur_2' and is of type 'ForgedMeshComponent'
[1821.10] Error: ApplyNewRBState() called for kinematic actor DFDroppedPickup_193
[1821.17] Error: ApplyNewRBState() called for kinematic actor DFDroppedPickup_193
[1821.74] ScriptWarning: Accessed None 'ChargeSound'
	DFSpecialMove_ChargeMove UGC-Persistent.TheWorld:PersistentLevel.DFSpecialMove_ChargeMove_2
	Function DFGame.DFSpecialMove_ChargeMove:StartSpecialMove:009F
[1821.76] ScriptWarning: Accessed None 'ChargeSound'
	DFSpecialMove_ChargeMove UGC-Persistent.TheWorld:PersistentLevel.DFSpecialMove_ChargeMove_2
	Function DFGame.DFSpecialMove_ChargeMove:StopSpecialMove:009C
[1821.76] ScriptWarning: Accessed None 'ChargeSound'
	DFSpecialMove_ChargeMove UGC-Persistent.TheWorld:PersistentLevel.DFSpecialMove_ChargeMove_2
	Function DFGame.DFSpecialMove_ChargeMove:StartSpecialMove:009F
[1821.95] MP_Weapons_Native: SetAttackSkillObjectByName() failed, due to not having a prev. ASO - DFWeaponAttachment_Melee_50
[1822.25] ScriptWarning: Accessed None 'ChargeSound'
	DFSpecialMove_ChargeMove UGC-Persistent.TheWorld:PersistentLevel.DFSpecialMove_ChargeMove_2
	Function DFGame.DFSpecialMove_ChargeMove:StopSpecialMove:009C
[1823.35] Warning: DFNodeTurnInPlace_Player_291 - Failed, with animsequence 'inj_TurnR90' on SkeletalMeshComponent: 'inXileForgedMeshComponent_1347' whose owner is: 'DFPawn_Minotaur_2' and is of type 'ForgedMeshComponent'
[1823.35] Warning: DFNodeTurnInPlace_Player_291 - Failed, with animsequence 'inj_TurnR180' on SkeletalMeshComponent: 'inXileForgedMeshComponent_1347' whose owner is: 'DFPawn_Minotaur_2' and is of type 'ForgedMeshComponent'
[1823.90] Error: ApplyNewRBState() called for kinematic actor DFDroppedPickup_194
[1823.96] Error: ApplyNewRBState() called for kinematic actor DFDroppedPickup_194
[1824.01] ScriptWarning: Accessed None 'RunSound'
	DFSpecialMove_RoadieRun UGC-Persistent.TheWorld:PersistentLevel.DFSpecialMove_RoadieRun_1
	Function DFGame.DFSpecialMove_RoadieRun:StartSpecialMove:04EF
[1824.03] ScriptWarning: Accessed None 'RunSound'
	DFSpecialMove_RoadieRun UGC-Persistent.TheWorld:PersistentLevel.DFSpecialMove_RoadieRun_1
	Function DFGame.DFSpecialMove_RoadieRun:StopSpecialMove:0174
[1824.07] Warning: DFNodeTurnInPlace_Player_291 - Failed, with animsequence 'inj_TurnR90' on SkeletalMeshComponent: 'inXileForgedMeshComponent_1347' whose owner is: 'DFPawn_Minotaur_2' and is of type 'ForgedMeshComponent'
[1824.07] Warning: DFNodeTurnInPlace_Player_291 - Failed, with animsequence 'inj_TurnR180' on SkeletalMeshComponent: 'inXileForgedMeshComponent_1347' whose owner is: 'DFPawn_Minotaur_2' and is of type 'ForgedMeshComponent'
[1824.10] DevOnline: Listening for lan beacon requests on 6777
[1824.78] Warning: DFNodeTurnInPlace_Player_291 - Failed, with animsequence 'inj_TurnL180' on SkeletalMeshComponent: 'inXileForgedMeshComponent_1347' whose owner is: 'DFPawn_Minotaur_2' and is of type 'ForgedMeshComponent'
[1824.78] Warning: DFNodeTurnInPlace_Player_291 - Failed, with animsequence 'inj_TurnR180' on SkeletalMeshComponent: 'inXileForgedMeshComponent_1347' whose owner is: 'DFPawn_Minotaur_2' and is of type 'ForgedMeshComponent'
[1825.45] Warning: DFNodeTurnInPlace_Player_291 - Failed, with animsequence 'inj_TurnL90' on SkeletalMeshComponent: 'inXileForgedMeshComponent_1347' whose owner is: 'DFPawn_Minotaur_2' and is of type 'ForgedMeshComponent'
[1825.45] Warning: DFNodeTurnInPlace_Player_291 - Failed, with animsequence 'inj_TurnR180' on SkeletalMeshComponent: 'inXileForgedMeshComponent_1347' whose owner is: 'DFPawn_Minotaur_2' and is of type 'ForgedMeshComponent'
[1827.67] Error: ApplyNewRBState() called for kinematic actor DFDroppedPickup_195
[1828.01] Log: Could not find FMC creator for PSC UGC-Persistent.TheWorld:PersistentLevel.DFPawn_Hero_Male_0.inXileParticleSystemComponent_4623 completion callback, message None
[1828.12] DevOnline: Listening for lan beacon requests on 6777
[1829.04] ScriptWarning: Accessed None 'ChargeSound'
	DFSpecialMove_ChargeMove UGC-Persistent.TheWorld:PersistentLevel.DFSpecialMove_ChargeMove_2
	Function DFGame.DFSpecialMove_ChargeMove:StartSpecialMove:009F
[1829.05] ScriptWarning: Accessed None 'ChargeSound'
	DFSpecialMove_ChargeMove UGC-Persistent.TheWorld:PersistentLevel.DFSpecialMove_ChargeMove_2
	Function DFGame.DFSpecialMove_ChargeMove:StopSpecialMove:009C
[1829.05] ScriptWarning: Accessed None 'ChargeSound'
	DFSpecialMove_ChargeMove UGC-Persistent.TheWorld:PersistentLevel.DFSpecialMove_ChargeMove_2
	Function DFGame.DFSpecialMove_ChargeMove:StartSpecialMove:009F
[1829.69] ScriptWarning: Accessed None 'ChargeSound'
	DFSpecialMove_ChargeMove UGC-Persistent.TheWorld:PersistentLevel.DFSpecialMove_ChargeMove_2
	Function DFGame.DFSpecialMove_ChargeMove:StopSpecialMove:009C
[1830.12] Log: Could not find FMC creator for PSC UGC-Persistent.TheWorld:PersistentLevel.DFPawn_Hero_Male_0.inXileParticleSystemComponent_4624 completion callback, message None
[1830.84] Warning: DFNodeTurnInPlace_Player_291 - Failed, with animsequence 'inj_TurnL90' on SkeletalMeshComponent: 'inXileForgedMeshComponent_1347' whose owner is: 'DFPawn_Minotaur_2' and is of type 'ForgedMeshComponent'
[1830.84] Warning: DFNodeTurnInPlace_Player_291 - Failed, with animsequence 'inj_TurnR180' on SkeletalMeshComponent: 'inXileForgedMeshComponent_1347' whose owner is: 'DFPawn_Minotaur_2' and is of type 'ForgedMeshComponent'
[1833.05] Warning: DFNodeTurnInPlace_Player_291 - Failed, with animsequence 'inj_TurnL90' on SkeletalMeshComponent: 'inXileForgedMeshComponent_1347' whose owner is: 'DFPawn_Minotaur_2' and is of type 'ForgedMeshComponent'
[1833.05] Warning: DFNodeTurnInPlace_Player_291 - Failed, with animsequence 'inj_TurnR180' on SkeletalMeshComponent: 'inXileForgedMeshComponent_1347' whose owner is: 'DFPawn_Minotaur_2' and is of type 'ForgedMeshComponent'
[1833.13] DevOnline: Listening for lan beacon requests on 6777
[1833.51] ScriptWarning: Accessed None 'CurrentWeaponAttachment'
	DFWeaponAttachment_Melee UGC-Persistent.TheWorld:PersistentLevel.DFWeaponAttachment_Melee_50
	Function DFGame.DFWeaponAttachment:Cleanup:0152
[1833.80] Log: Could not find FMC creator for PSC UGC-Persistent.TheWorld:PersistentLevel.DFPawn_Hero_Female_0.inXileParticleSystemComponent_4666 completion callback, message None
[1833.80] Log: Could not find FMC creator for PSC UGC-Persistent.TheWorld:PersistentLevel.DFPawn_Hero_Female_0.inXileParticleSystemComponent_4667 completion callback, message None
[1833.89] MP_Weapons_Native: SetAttackSkillObjectByName() failed, due to not having a prev. ASO - DFWeaponAttachment_Ranged_Spell_41
[1834.59] Warning: DFNodeTurnInPlace_Player_291 - Failed, with animsequence 'inj_TurnL90' on SkeletalMeshComponent: 'inXileForgedMeshComponent_1347' whose owner is: 'DFPawn_Minotaur_2' and is of type 'ForgedMeshComponent'
[1834.59] Warning: DFNodeTurnInPlace_Player_291 - Failed, with animsequence 'inj_TurnR180' on SkeletalMeshComponent: 'inXileForgedMeshComponent_1347' whose owner is: 'DFPawn_Minotaur_2' and is of type 'ForgedMeshComponent'
[1836.63] Error: ApplyNewRBState() called for kinematic actor DFDroppedPickup_197
[1836.68] MP_Weapons_Native: SetAttackSkillObjectByName() failed, due to not having a prev. ASO - DFWeaponAttachment_Melee_51
[1836.69] Error: ApplyNewRBState() called for kinematic actor DFDroppedPickup_197
[1836.69] Error: ApplyNewRBState() called for kinematic actor DFDroppedPickup_198
[1837.13] DevOnline: Listening for lan beacon requests on 6777
[1841.00] MP_Weapons_Native: SetAttackSkillObjectByName() failed, due to not having a prev. ASO - DFWeaponAttachment_Ranged_Bow_46
[1842.15] DevOnline: Listening for lan beacon requests on 6777
[1842.71] ScriptWarning: Accessed None 'CurrentWeaponAttachment'
	DFWeaponAttachment_Ranged_Spell UGC-Persistent.TheWorld:PersistentLevel.DFWeaponAttachment_Ranged_Spell_41
	Function DFGame.DFWeaponAttachment:Cleanup:0152
[1842.96] MP_Weapons_Native: SetAttackSkillObjectByName() failed, due to not having a prev. ASO - DFWeaponAttachment_Melee_52
[1843.93] MP_Weapons_Native: SetAttackSkillObjectByName() failed, due to not having a prev. ASO - DFWeaponAttachment_Ranged_Spell_42
[1845.89] MP_Weapons_Native: SetAttackSkillObjectByName() failed, due to not having a prev. ASO - DFWeaponAttachment_Ranged_Bow_47
[1846.17] DevOnline: Listening for lan beacon requests on 6777
[1846.81] Error: ApplyNewRBState() called for kinematic actor DFDroppedPickup_Shield_26
[1846.81] Error: ApplyNewRBState() called for kinematic actor DFDroppedPickup_199
[1846.81] Error: ApplyNewRBState() called for kinematic actor DFDroppedPickup_200
[1846.88] Error: ApplyNewRBState() called for kinematic actor DFDroppedPickup_Shield_26
[1846.88] Error: ApplyNewRBState() called for kinematic actor DFDroppedPickup_199
[1846.88] Error: ApplyNewRBState() called for kinematic actor DFDroppedPickup_200
[1848.15] ScriptWarning: Accessed None 'CurrentWeaponAttachment'
	DFWeaponAttachment_Melee UGC-Persistent.TheWorld:PersistentLevel.DFWeaponAttachment_Melee_52
	Function DFGame.DFWeaponAttachment:Cleanup:0152
[1848.44] Log: Could not find FMC creator for PSC UGC-Persistent.TheWorld:PersistentLevel.DFPawn_Hero_Female_0.inXileParticleSystemComponent_4746 completion callback, message None
[1848.44] Log: Could not find FMC creator for PSC UGC-Persistent.TheWorld:PersistentLevel.DFPawn_Hero_Female_0.inXileParticleSystemComponent_4747 completion callback, message None
[1848.52] MP_Weapons_Native: SetAttackSkillObjectByName() failed, due to not having a prev. ASO - DFWeaponAttachment_Ranged_Spell_43
[1849.27] ScriptWarning: Accessed None 'ChargeSound'
	DFSpecialMove_ChargeMove UGC-Persistent.TheWorld:PersistentLevel.DFSpecialMove_ChargeMove_3
	Function DFGame.DFSpecialMove_ChargeMove:StartSpecialMove:009F
[1850.22] ScriptWarning: Accessed None 'ChargeSound'
	DFSpecialMove_ChargeMove UGC-Persistent.TheWorld:PersistentLevel.DFSpecialMove_ChargeMove_3
	Function DFGame.DFSpecialMove_ChargeMove:StopSpecialMove:009C
[1851.18] DevOnline: Listening for lan beacon requests on 6777
[1851.28] Warning: DFNodeTurnInPlace_Player_299 - Failed, with animsequence 'inj_TurnL90' on SkeletalMeshComponent: 'inXileForgedMeshComponent_1394' whose owner is: 'DFPawn_Minotaur_3' and is of type 'ForgedMeshComponent'
[1851.42] Warning: DFNodeTurnInPlace_Player_299 - Failed, with animsequence 'inj_TurnL90' on SkeletalMeshComponent: 'inXileForgedMeshComponent_1394' whose owner is: 'DFPawn_Minotaur_3' and is of type 'ForgedMeshComponent'
[1851.42] Warning: DFNodeTurnInPlace_Player_299 - Failed, with animsequence 'inj_TurnL180' on SkeletalMeshComponent: 'inXileForgedMeshComponent_1394' whose owner is: 'DFPawn_Minotaur_3' and is of type 'ForgedMeshComponent'
[1852.00] Warning: DFNodeTurnInPlace_Player_299 - Failed, with animsequence 'inj_TurnL45' on SkeletalMeshComponent: 'inXileForgedMeshComponent_1394' whose owner is: 'DFPawn_Minotaur_3' and is of type 'ForgedMeshComponent'
[1852.00] Warning: DFNodeTurnInPlace_Player_299 - Failed, with animsequence 'inj_TurnL180' on SkeletalMeshComponent: 'inXileForgedMeshComponent_1394' whose owner is: 'DFPawn_Minotaur_3' and is of type 'ForgedMeshComponent'
[1852.79] Log: Could not find FMC creator for PSC UGC-Persistent.TheWorld:PersistentLevel.DFPawn_Hero_Female_0.inXileParticleSystemComponent_4752 completion callback, message None
[1853.88] Warning: DFNodeTurnInPlace_Player_299 - Failed, with animsequence 'inj_TurnL45' on SkeletalMeshComponent: 'inXileForgedMeshComponent_1394' whose owner is: 'DFPawn_Minotaur_3' and is of type 'ForgedMeshComponent'
[1853.88] Warning: DFNodeTurnInPlace_Player_299 - Failed, with animsequence 'inj_TurnL180' on SkeletalMeshComponent: 'inXileForgedMeshComponent_1394' whose owner is: 'DFPawn_Minotaur_3' and is of type 'ForgedMeshComponent'
[1854.94] Log: Could not find FMC creator for PSC UGC-Persistent.TheWorld:PersistentLevel.DFPawn_Hero_Female_0.inXileParticleSystemComponent_4753 completion callback, message None
[1855.18] DevOnline: Listening for lan beacon requests on 6777
[1858.69] ScriptWarning: Accessed None 'RunSound'
	DFSpecialMove_RoadieRun UGC-Persistent.TheWorld:PersistentLevel.DFSpecialMove_RoadieRun_1
	Function DFGame.DFSpecialMove_RoadieRun:StartSpecialMove:04EF
[1858.79] ScriptWarning: Accessed None 'RunSound'
	DFSpecialMove_RoadieRun UGC-Persistent.TheWorld:PersistentLevel.DFSpecialMove_RoadieRun_1
	Function DFGame.DFSpecialMove_RoadieRun:StopSpecialMove:0174
[1859.25] Warning: DFNodeTurnInPlace_Player_299 - Failed, with animsequence 'inj_TurnR45' on SkeletalMeshComponent: 'inXileForgedMeshComponent_1394' whose owner is: 'DFPawn_Minotaur_3' and is of type 'ForgedMeshComponent'
[1859.25] Warning: DFNodeTurnInPlace_Player_299 - Failed, with animsequence 'inj_TurnL180' on SkeletalMeshComponent: 'inXileForgedMeshComponent_1394' whose owner is: 'DFPawn_Minotaur_3' and is of type 'ForgedMeshComponent'
[1860.20] DevOnline: Listening for lan beacon requests on 6777
[1860.83] ScriptWarning: Accessed None 'ChargeSound'
	DFSpecialMove_ChargeMove UGC-Persistent.TheWorld:PersistentLevel.DFSpecialMove_ChargeMove_3
	Function DFGame.DFSpecialMove_ChargeMove:StartSpecialMove:009F
[1860.84] ScriptWarning: Accessed None 'ChargeSound'
	DFSpecialMove_ChargeMove UGC-Persistent.TheWorld:PersistentLevel.DFSpecialMove_ChargeMove_3
	Function DFGame.DFSpecialMove_ChargeMove:StopSpecialMove:009C
[1860.84] ScriptWarning: Accessed None 'ChargeSound'
	DFSpecialMove_ChargeMove UGC-Persistent.TheWorld:PersistentLevel.DFSpecialMove_ChargeMove_3
	Function DFGame.DFSpecialMove_ChargeMove:StartSpecialMove:009F
[1861.57] ScriptWarning: Accessed None 'ChargeSound'
	DFSpecialMove_ChargeMove UGC-Persistent.TheWorld:PersistentLevel.DFSpecialMove_ChargeMove_3
	Function DFGame.DFSpecialMove_ChargeMove:StopSpecialMove:009C
[1862.66] Warning: DFNodeTurnInPlace_Player_299 - Failed, with animsequence 'inj_TurnR90' on SkeletalMeshComponent: 'inXileForgedMeshComponent_1394' whose owner is: 'DFPawn_Minotaur_3' and is of type 'ForgedMeshComponent'
[1862.66] Warning: DFNodeTurnInPlace_Player_299 - Failed, with animsequence 'inj_TurnL180' on SkeletalMeshComponent: 'inXileForgedMeshComponent_1394' whose owner is: 'DFPawn_Minotaur_3' and is of type 'ForgedMeshComponent'
[1862.96] Warning: DFNodeTurnInPlace_Player_299 - Failed, with animsequence 'inj_TurnR90' on SkeletalMeshComponent: 'inXileForgedMeshComponent_1394' whose owner is: 'DFPawn_Minotaur_3' and is of type 'ForgedMeshComponent'
[1862.96] Warning: DFNodeTurnInPlace_Player_299 - Failed, with animsequence 'inj_TurnR180' on SkeletalMeshComponent: 'inXileForgedMeshComponent_1394' whose owner is: 'DFPawn_Minotaur_3' and is of type 'ForgedMeshComponent'
[1864.21] DevOnline: Listening for lan beacon requests on 6777
[1868.37] ScriptWarning: Accessed None 'ChargeSound'
	DFSpecialMove_ChargeMove UGC-Persistent.TheWorld:PersistentLevel.DFSpecialMove_ChargeMove_3
	Function DFGame.DFSpecialMove_ChargeMove:StartSpecialMove:009F
[1868.39] ScriptWarning: Accessed None 'ChargeSound'
	DFSpecialMove_ChargeMove UGC-Persistent.TheWorld:PersistentLevel.DFSpecialMove_ChargeMove_3
	Function DFGame.DFSpecialMove_ChargeMove:StopSpecialMove:009C
[1868.39] ScriptWarning: Accessed None 'ChargeSound'
	DFSpecialMove_ChargeMove UGC-Persistent.TheWorld:PersistentLevel.DFSpecialMove_ChargeMove_3
	Function DFGame.DFSpecialMove_ChargeMove:StartSpecialMove:009F
[1868.89] ScriptWarning: Accessed None 'ChargeSound'
	DFSpecialMove_ChargeMove UGC-Persistent.TheWorld:PersistentLevel.DFSpecialMove_ChargeMove_3
	Function DFGame.DFSpecialMove_ChargeMove:StopSpecialMove:009C
[1869.22] DevOnline: Listening for lan beacon requests on 6777
[1870.08] Warning: DFNodeTurnInPlace_Player_299 - Failed, with animsequence 'inj_TurnR90' on SkeletalMeshComponent: 'inXileForgedMeshComponent_1394' whose owner is: 'DFPawn_Minotaur_3' and is of type 'ForgedMeshComponent'
[1870.08] Warning: DFNodeTurnInPlace_Player_299 - Failed, with animsequence 'inj_TurnR180' on SkeletalMeshComponent: 'inXileForgedMeshComponent_1394' whose owner is: 'DFPawn_Minotaur_3' and is of type 'ForgedMeshComponent'
[1870.08] Warning: DFNodeTurnInPlace_Player_299 - Failed, with animsequence 'inj_TurnR90' on SkeletalMeshComponent: 'inXileForgedMeshComponent_1394' whose owner is: 'DFPawn_Minotaur_3' and is of type 'ForgedMeshComponent'
[1870.08] Warning: DFNodeTurnInPlace_Player_299 - Failed, with animsequence 'inj_TurnR180' on SkeletalMeshComponent: 'inXileForgedMeshComponent_1394' whose owner is: 'DFPawn_Minotaur_3' and is of type 'ForgedMeshComponent'
[1870.35] ScriptWarning: Accessed None 'CurrentWeaponAttachment'
	DFWeaponAttachment_Ranged_Spell UGC-Persistent.TheWorld:PersistentLevel.DFWeaponAttachment_Ranged_Spell_43
	Function DFGame.DFWeaponAttachment:Cleanup:0152
[1870.66] MP_Weapons_Native: SetAttackSkillObjectByName() failed, due to not having a prev. ASO - DFWeaponAttachment_Melee_53
[1870.81] Log: Could not find FMC creator for PSC UGC-Persistent.TheWorld:PersistentLevel.DFPawn_Hero_Male_0.inXileParticleSystemComponent_4734 completion callback, message None
[1873.23] DevOnline: Listening for lan beacon requests on 6777
[1876.83] ScriptWarning: Accessed None 'ChargeSound'
	DFSpecialMove_ChargeMove UGC-Persistent.TheWorld:PersistentLevel.DFSpecialMove_ChargeMove_3
	Function DFGame.DFSpecialMove_ChargeMove:StartSpecialMove:009F
[1876.84] ScriptWarning: Accessed None 'ChargeSound'
	DFSpecialMove_ChargeMove UGC-Persistent.TheWorld:PersistentLevel.DFSpecialMove_ChargeMove_3
	Function DFGame.DFSpecialMove_ChargeMove:StopSpecialMove:009C
[1876.84] ScriptWarning: Accessed None 'ChargeSound'
	DFSpecialMove_ChargeMove UGC-Persistent.TheWorld:PersistentLevel.DFSpecialMove_ChargeMove_3
	Function DFGame.DFSpecialMove_ChargeMove:StartSpecialMove:009F
[1877.72] ScriptWarning: Accessed None 'ChargeSound'
	DFSpecialMove_ChargeMove UGC-Persistent.TheWorld:PersistentLevel.DFSpecialMove_ChargeMove_3
	Function DFGame.DFSpecialMove_ChargeMove:StopSpecialMove:009C
[1878.24] DevOnline: Listening for lan beacon requests on 6777
[1878.30] ScriptWarning: Accessed None 'CurrentWeaponAttachment'
	DFWeaponAttachment_Melee UGC-Persistent.TheWorld:PersistentLevel.DFWeaponAttachment_Melee_53
	Function DFGame.DFWeaponAttachment:Cleanup:0152
[1878.59] Log: Could not find FMC creator for PSC UGC-Persistent.TheWorld:PersistentLevel.DFPawn_Hero_Female_0.inXileParticleSystemComponent_4819 completion callback, message None
[1878.59] Log: Could not find FMC creator for PSC UGC-Persistent.TheWorld:PersistentLevel.DFPawn_Hero_Female_0.inXileParticleSystemComponent_4820 completion callback, message None
[1878.67] MP_Weapons_Native: SetAttackSkillObjectByName() failed, due to not having a prev. ASO - DFWeaponAttachment_Ranged_Spell_44
[1878.79] Warning: DFNodeTurnInPlace_Player_299 - Failed, with animsequence 'inj_TurnR45' on SkeletalMeshComponent: 'inXileForgedMeshComponent_1394' whose owner is: 'DFPawn_Minotaur_3' and is of type 'ForgedMeshComponent'
[1878.79] Warning: DFNodeTurnInPlace_Player_299 - Failed, with animsequence 'inj_TurnR180' on SkeletalMeshComponent: 'inXileForgedMeshComponent_1394' whose owner is: 'DFPawn_Minotaur_3' and is of type 'ForgedMeshComponent'
[1879.69] Warning: DFNodeTurnInPlace_Player_299 - Failed, with animsequence 'inj_TurnR45' on SkeletalMeshComponent: 'inXileForgedMeshComponent_1394' whose owner is: 'DFPawn_Minotaur_3' and is of type 'ForgedMeshComponent'
[1879.69] Warning: DFNodeTurnInPlace_Player_299 - Failed, with animsequence 'inj_TurnR180' on SkeletalMeshComponent: 'inXileForgedMeshComponent_1394' whose owner is: 'DFPawn_Minotaur_3' and is of type 'ForgedMeshComponent'
[1881.96] Warning: DFNodeTurnInPlace_Player_299 - Failed, with animsequence 'inj_TurnL180' on SkeletalMeshComponent: 'inXileForgedMeshComponent_1394' whose owner is: 'DFPawn_Minotaur_3' and is of type 'ForgedMeshComponent'
[1881.96] Warning: DFNodeTurnInPlace_Player_299 - Failed, with animsequence 'inj_TurnR180' on SkeletalMeshComponent: 'inXileForgedMeshComponent_1394' whose owner is: 'DFPawn_Minotaur_3' and is of type 'ForgedMeshComponent'
[1882.25] MP_Weapons_Native: SetAttackSkillObjectByName() failed, due to not having a prev. ASO - DFWeaponAttachment_Ranged_Spell_45
[1882.25] DevOnline: Listening for lan beacon requests on 6777
[1883.18] Warning: DFNodeTurnInPlace_Player_299 - Failed, with animsequence 'inj_TurnL180' on SkeletalMeshComponent: 'inXileForgedMeshComponent_1394' whose owner is: 'DFPawn_Minotaur_3' and is of type 'ForgedMeshComponent'
[1883.18] Warning: DFNodeTurnInPlace_Player_299 - Failed, with animsequence 'inj_TurnR180' on SkeletalMeshComponent: 'inXileForgedMeshComponent_1394' whose owner is: 'DFPawn_Minotaur_3' and is of type 'ForgedMeshComponent'
[1885.22] Error: ApplyNewRBState() called for kinematic actor DFDroppedPickup_203
[1885.28] Error: ApplyNewRBState() called for kinematic actor DFDroppedPickup_203
[1887.27] DevOnline: Listening for lan beacon requests on 6777
[1889.38] Log: Could not find FMC creator for PSC UGC-Persistent.TheWorld:PersistentLevel.DFPawn_Hero_Female_0.inXileParticleSystemComponent_4825 completion callback, message None
[1889.86] Log: Could not find FMC creator for PSC UGC-Persistent.TheWorld:PersistentLevel.DFPawn_Hero_Male_0.inXileParticleSystemComponent_4837 completion callback, message None
[1891.28] DevOnline: Listening for lan beacon requests on 6777
[1891.57] Log: Could not find FMC creator for PSC UGC-Persistent.TheWorld:PersistentLevel.DFPawn_Hero_Female_0.inXileParticleSystemComponent_4826 completion callback, message None
[1891.98] Log: Could not find FMC creator for PSC UGC-Persistent.TheWorld:PersistentLevel.DFPawn_Hero_Male_0.inXileParticleSystemComponent_4838 completion callback, message None
[1893.33] MP_Weapons_Native: SetAttackSkillObjectByName() failed, due to not having a prev. ASO - DFWeaponAttachment_Melee_54
[1893.40] MP_Weapons_Native: SetAttackSkillObjectByName() failed, due to not having a prev. ASO - DFWeaponAttachment_Melee_55
[1893.47] MP_Weapons_Native: SetAttackSkillObjectByName() failed, due to not having a prev. ASO - DFWeaponAttachment_Ranged_Bow_48
[1895.03] MP_Weapons_Native: SetAttackSkillObjectByName() failed, due to not having a prev. ASO - DFWeaponAttachment_Ranged_Bow_49
[1895.30] MP_Weapons_Native: SetAttackSkillObjectByName() failed, due to not having a prev. ASO - DFWeaponAttachment_Melee_56
[1896.30] DevOnline: Listening for lan beacon requests on 6777
[1899.88] Log: Could not find FMC creator for PSC UGC-Persistent.TheWorld:PersistentLevel.DFPawn_Nid_55.inXileParticleSystemComponent_4867 completion callback, message None
[1900.30] DevOnline: Listening for lan beacon requests on 6777
[1902.34] ScriptWarning: Accessed None 'CurrentWeaponAttachment'
	DFWeaponAttachment_Ranged_Spell UGC-Persistent.TheWorld:PersistentLevel.DFWeaponAttachment_Ranged_Spell_44
	Function DFGame.DFWeaponAttachment:Cleanup:0152
[1902.62] MP_Weapons_Native: SetAttackSkillObjectByName() failed, due to not having a prev. ASO - DFWeaponAttachment_Melee_57
[1904.60] Log: DFPawn_Hero_Female_0::UpdateMeleeCollisionChecks ERROR - AnimLinkup->BoneToTrackTable for bone 130 returning INDEX_NONE
[1904.62] Log: DFPawn_Hero_Female_0::UpdateMeleeCollisionChecks ERROR - AnimLinkup->BoneToTrackTable for bone 130 returning INDEX_NONE
[1904.63] Log: DFPawn_Hero_Female_0::UpdateMeleeCollisionChecks ERROR - AnimLinkup->BoneToTrackTable for bone 130 returning INDEX_NONE
[1904.65] Log: DFPawn_Hero_Female_0::UpdateMeleeCollisionChecks ERROR - AnimLinkup->BoneToTrackTable for bone 130 returning INDEX_NONE
[1904.67] Log: DFPawn_Hero_Female_0::UpdateMeleeCollisionChecks ERROR - AnimLinkup->BoneToTrackTable for bone 130 returning INDEX_NONE
[1904.69] Log: DFPawn_Hero_Female_0::UpdateMeleeCollisionChecks ERROR - AnimLinkup->BoneToTrackTable for bone 130 returning INDEX_NONE
[1904.70] Log: DFPawn_Hero_Female_0::UpdateMeleeCollisionChecks ERROR - AnimLinkup->BoneToTrackTable for bone 130 returning INDEX_NONE
[1904.72] Log: DFPawn_Hero_Female_0::UpdateMeleeCollisionChecks ERROR - AnimLinkup->BoneToTrackTable for bone 130 returning INDEX_NONE
[1904.74] Log: DFPawn_Hero_Female_0::UpdateMeleeCollisionChecks ERROR - AnimLinkup->BoneToTrackTable for bone 130 returning INDEX_NONE
[1904.75] Log: DFPawn_Hero_Female_0::UpdateMeleeCollisionChecks ERROR - AnimLinkup->BoneToTrackTable for bone 130 returning INDEX_NONE
[1904.94] ScriptWarning: Accessed None 'ChargeSound'
	DFSpecialMove_ChargeMove UGC-Persistent.TheWorld:PersistentLevel.DFSpecialMove_ChargeMove_4
	Function DFGame.DFSpecialMove_ChargeMove:StartSpecialMove:009F
[1904.95] ScriptWarning: Accessed None 'ChargeSound'
	DFSpecialMove_ChargeMove UGC-Persistent.TheWorld:PersistentLevel.DFSpecialMove_ChargeMove_4
	Function DFGame.DFSpecialMove_ChargeMove:StopSpecialMove:009C
[1904.95] ScriptWarning: Accessed None 'ChargeSound'
	DFSpecialMove_ChargeMove UGC-Persistent.TheWorld:PersistentLevel.DFSpecialMove_ChargeMove_4
	Function DFGame.DFSpecialMove_ChargeMove:StartSpecialMove:009F
[1905.31] DevOnline: Listening for lan beacon requests on 6777
[1906.02] Log: Could not find FMC creator for PSC UGC-Persistent.TheWorld:PersistentLevel.DFPawn_Nid_55.inXileParticleSystemComponent_4867 completion callback, message None
[1906.04] ScriptWarning: Accessed None 'ChargeSound'
	DFSpecialMove_ChargeMove UGC-Persistent.TheWorld:PersistentLevel.DFSpecialMove_ChargeMove_4
	Function DFGame.DFSpecialMove_ChargeMove:StopSpecialMove:009C
[1906.78] Log: Skills: Adding skill to cache... Melee Attack
[1907.12] Warning: DFNodeTurnInPlace_Player_307 - Failed, with animsequence 'inj_TurnR90' on SkeletalMeshComponent: 'inXileForgedMeshComponent_1437' whose owner is: 'DFPawn_Minotaur_4' and is of type 'ForgedMeshComponent'
[1908.41] MP_Weapons_Native: SetAttackSkillObjectByName() failed, due to not having a prev. ASO - DFWeaponAttachment_Ranged_Spell_46
[1909.23] Warning: DFNodeTurnInPlace_Player_307 - Failed, with animsequence 'inj_TurnL90' on SkeletalMeshComponent: 'inXileForgedMeshComponent_1437' whose owner is: 'DFPawn_Minotaur_4' and is of type 'ForgedMeshComponent'
[1909.33] DevOnline: Listening for lan beacon requests on 6777
[1910.46] Log: Could not find FMC creator for PSC UGC-Persistent.TheWorld:PersistentLevel.DFPawn_Hero_Male_0.inXileParticleSystemComponent_4949 completion callback, message None
[1912.06] Log: Could not find FMC creator for PSC UGC-Persistent.TheWorld:PersistentLevel.DFPawn_Nid_55.inXileParticleSystemComponent_4867 completion callback, message None
[1912.28] Warning: DFNodeTurnInPlace_Player_307 - Failed, with animsequence 'inj_TurnR90' on SkeletalMeshComponent: 'inXileForgedMeshComponent_1437' whose owner is: 'DFPawn_Minotaur_4' and is of type 'ForgedMeshComponent'
[1913.58] ScriptWarning: Accessed None 'ChargeSound'
	DFSpecialMove_ChargeMove UGC-Persistent.TheWorld:PersistentLevel.DFSpecialMove_ChargeMove_4
	Function DFGame.DFSpecialMove_ChargeMove:StartSpecialMove:009F
[1913.60] ScriptWarning: Accessed None 'ChargeSound'
	DFSpecialMove_ChargeMove UGC-Persistent.TheWorld:PersistentLevel.DFSpecialMove_ChargeMove_4
	Function DFGame.DFSpecialMove_ChargeMove:StopSpecialMove:009C
[1913.60] ScriptWarning: Accessed None 'ChargeSound'
	DFSpecialMove_ChargeMove UGC-Persistent.TheWorld:PersistentLevel.DFSpecialMove_ChargeMove_4
	Function DFGame.DFSpecialMove_ChargeMove:StartSpecialMove:009F
[1913.75] Log: DFPawn_Hero_Female_0::UpdateMeleeCollisionChecks ERROR - AnimLinkup->BoneToTrackTable for bone 130 returning INDEX_NONE
[1913.77] Log: DFPawn_Hero_Female_0::UpdateMeleeCollisionChecks ERROR - AnimLinkup->BoneToTrackTable for bone 130 returning INDEX_NONE
[1913.78] Log: DFPawn_Hero_Female_0::UpdateMeleeCollisionChecks ERROR - AnimLinkup->BoneToTrackTable for bone 130 returning INDEX_NONE
[1913.80] Log: DFPawn_Hero_Female_0::UpdateMeleeCollisionChecks ERROR - AnimLinkup->BoneToTrackTable for bone 130 returning INDEX_NONE
[1913.82] Log: DFPawn_Hero_Female_0::UpdateMeleeCollisionChecks ERROR - AnimLinkup->BoneToTrackTable for bone 130 returning INDEX_NONE
[1913.84] Log: DFPawn_Hero_Female_0::UpdateMeleeCollisionChecks ERROR - AnimLinkup->BoneToTrackTable for bone 130 returning INDEX_NONE
[1913.85] Log: DFPawn_Hero_Female_0::UpdateMeleeCollisionChecks ERROR - AnimLinkup->BoneToTrackTable for bone 130 returning INDEX_NONE
[1913.87] Log: DFPawn_Hero_Female_0::UpdateMeleeCollisionChecks ERROR - AnimLinkup->BoneToTrackTable for bone 130 returning INDEX_NONE
[1913.89] Log: DFPawn_Hero_Female_0::UpdateMeleeCollisionChecks ERROR - AnimLinkup->BoneToTrackTable for bone 130 returning INDEX_NONE
[1913.90] Log: DFPawn_Hero_Female_0::UpdateMeleeCollisionChecks ERROR - AnimLinkup->BoneToTrackTable for bone 130 returning INDEX_NONE
[1913.92] Log: DFPawn_Hero_Female_0::UpdateMeleeCollisionChecks ERROR - AnimLinkup->BoneToTrackTable for bone 130 returning INDEX_NONE
[1913.94] Log: DFPawn_Hero_Female_0::UpdateMeleeCollisionChecks ERROR - AnimLinkup->BoneToTrackTable for bone 130 returning INDEX_NONE
[1913.95] Log: DFPawn_Hero_Female_0::UpdateMeleeCollisionChecks ERROR - AnimLinkup->BoneToTrackTable for bone 130 returning INDEX_NONE
[1913.97] Log: DFPawn_Hero_Female_0::UpdateMeleeCollisionChecks ERROR - AnimLinkup->BoneToTrackTable for bone 130 returning INDEX_NONE
[1913.99] Log: DFPawn_Hero_Female_0::UpdateMeleeCollisionChecks ERROR - AnimLinkup->BoneToTrackTable for bone 130 returning INDEX_NONE
[1914.00] Log: DFPawn_Hero_Female_0::UpdateMeleeCollisionChecks ERROR - AnimLinkup->BoneToTrackTable for bone 130 returning INDEX_NONE
[1914.02] Log: DFPawn_Hero_Female_0::UpdateMeleeCollisionChecks ERROR - AnimLinkup->BoneToTrackTable for bone 130 returning INDEX_NONE
[1914.04] Log: DFPawn_Hero_Female_0::UpdateMeleeCollisionChecks ERROR - AnimLinkup->BoneToTrackTable for bone 130 returning INDEX_NONE
[1914.05] Log: DFPawn_Hero_Female_0::UpdateMeleeCollisionChecks ERROR - AnimLinkup->BoneToTrackTable for bone 130 returning INDEX_NONE
[1914.07] Log: DFPawn_Hero_Female_0::UpdateMeleeCollisionChecks ERROR - AnimLinkup->BoneToTrackTable for bone 130 returning INDEX_NONE
[1914.09] Log: DFPawn_Hero_Female_0::UpdateMeleeCollisionChecks ERROR - AnimLinkup->BoneToTrackTable for bone 130 returning INDEX_NONE
[1914.11] Log: DFPawn_Hero_Female_0::UpdateMeleeCollisionChecks ERROR - AnimLinkup->BoneToTrackTable for bone 130 returning INDEX_NONE
[1914.12] Log: DFPawn_Hero_Female_0::UpdateMeleeCollisionChecks ERROR - AnimLinkup->BoneToTrackTable for bone 130 returning INDEX_NONE
[1914.14] Log: DFPawn_Hero_Female_0::UpdateMeleeCollisionChecks ERROR - AnimLinkup->BoneToTrackTable for bone 130 returning INDEX_NONE
[1914.16] Log: DFPawn_Hero_Female_0::UpdateMeleeCollisionChecks ERROR - AnimLinkup->BoneToTrackTable for bone 130 returning INDEX_NONE
[1914.18] Log: DFPawn_Hero_Female_0::UpdateMeleeCollisionChecks ERROR - AnimLinkup->BoneToTrackTable for bone 130 returning INDEX_NONE
[1914.21] Log: Could not find FMC creator for PSC UGC-Persistent.TheWorld:PersistentLevel.DFPawn_Hero_Male_0.inXileParticleSystemComponent_4950 completion callback, message None
[1914.34] DevOnline: Listening for lan beacon requests on 6777
[1914.50] Log: DFPawn_Hero_Female_0::UpdateMeleeCollisionChecks ERROR - AnimLinkup->BoneToTrackTable for bone 130 returning INDEX_NONE
[1914.51] Log: DFPawn_Hero_Female_0::UpdateMeleeCollisionChecks ERROR - AnimLinkup->BoneToTrackTable for bone 130 returning INDEX_NONE
[1914.53] Log: DFPawn_Hero_Female_0::UpdateMeleeCollisionChecks ERROR - AnimLinkup->BoneToTrackTable for bone 130 returning INDEX_NONE
[1914.55] Log: DFPawn_Hero_Female_0::UpdateMeleeCollisionChecks ERROR - AnimLinkup->BoneToTrackTable for bone 130 returning INDEX_NONE
[1914.56] Log: DFPawn_Hero_Female_0::UpdateMeleeCollisionChecks ERROR - AnimLinkup->BoneToTrackTable for bone 130 returning INDEX_NONE
[1914.58] Log: DFPawn_Hero_Female_0::UpdateMeleeCollisionChecks ERROR - AnimLinkup->BoneToTrackTable for bone 130 returning INDEX_NONE
[1914.60] Log: DFPawn_Hero_Female_0::UpdateMeleeCollisionChecks ERROR - AnimLinkup->BoneToTrackTable for bone 130 returning INDEX_NONE
[1914.61] ScriptWarning: Accessed None 'ChargeSound'
	DFSpecialMove_ChargeMove UGC-Persistent.TheWorld:PersistentLevel.DFSpecialMove_ChargeMove_4
	Function DFGame.DFSpecialMove_ChargeMove:StopSpecialMove:009C
[1914.61] Log: DFPawn_Hero_Female_0::UpdateMeleeCollisionChecks ERROR - AnimLinkup->BoneToTrackTable for bone 130 returning INDEX_NONE
[1914.63] Log: DFPawn_Hero_Female_0::UpdateMeleeCollisionChecks ERROR - AnimLinkup->BoneToTrackTable for bone 130 returning INDEX_NONE
[1914.65] Log: DFPawn_Hero_Female_0::UpdateMeleeCollisionChecks ERROR - AnimLinkup->BoneToTrackTable for bone 130 returning INDEX_NONE
[1914.67] Log: DFPawn_Hero_Female_0::UpdateMeleeCollisionChecks ERROR - AnimLinkup->BoneToTrackTable for bone 130 returning INDEX_NONE
[1914.68] Log: DFPawn_Hero_Female_0::UpdateMeleeCollisionChecks ERROR - AnimLinkup->BoneToTrackTable for bone 130 returning INDEX_NONE
[1914.70] Log: DFPawn_Hero_Female_0::UpdateMeleeCollisionChecks ERROR - AnimLinkup->BoneToTrackTable for bone 130 returning INDEX_NONE
[1914.72] Log: DFPawn_Hero_Female_0::UpdateMeleeCollisionChecks ERROR - AnimLinkup->BoneToTrackTable for bone 130 returning INDEX_NONE
[1914.73] Log: DFPawn_Hero_Female_0::UpdateMeleeCollisionChecks ERROR - AnimLinkup->BoneToTrackTable for bone 130 returning INDEX_NONE
[1914.75] Log: DFPawn_Hero_Female_0::UpdateMeleeCollisionChecks ERROR - AnimLinkup->BoneToTrackTable for bone 130 returning INDEX_NONE
[1914.77] Log: DFPawn_Hero_Female_0::UpdateMeleeCollisionChecks ERROR - AnimLinkup->BoneToTrackTable for bone 130 returning INDEX_NONE
[1914.79] Log: DFPawn_Hero_Female_0::UpdateMeleeCollisionChecks ERROR - AnimLinkup->BoneToTrackTable for bone 130 returning INDEX_NONE
[1914.80] Log: DFPawn_Hero_Female_0::UpdateMeleeCollisionChecks ERROR - AnimLinkup->BoneToTrackTable for bone 130 returning INDEX_NONE
[1914.82] Log: DFPawn_Hero_Female_0::UpdateMeleeCollisionChecks ERROR - AnimLinkup->BoneToTrackTable for bone 130 returning INDEX_NONE
[1914.84] Log: DFPawn_Hero_Female_0::UpdateMeleeCollisionChecks ERROR - AnimLinkup->BoneToTrackTable for bone 130 returning INDEX_NONE
[1914.85] Log: DFPawn_Hero_Female_0::UpdateMeleeCollisionChecks ERROR - AnimLinkup->BoneToTrackTable for bone 130 returning INDEX_NONE
[1914.87] Log: DFPawn_Hero_Female_0::UpdateMeleeCollisionChecks ERROR - AnimLinkup->BoneToTrackTable for bone 130 returning INDEX_NONE
[1914.89] Log: DFPawn_Hero_Female_0::UpdateMeleeCollisionChecks ERROR - AnimLinkup->BoneToTrackTable for bone 130 returning INDEX_NONE
[1914.90] Log: DFPawn_Hero_Female_0::UpdateMeleeCollisionChecks ERROR - AnimLinkup->BoneToTrackTable for bone 130 returning INDEX_NONE
[1914.92] Log: DFPawn_Hero_Female_0::UpdateMeleeCollisionChecks ERROR - AnimLinkup->BoneToTrackTable for bone 130 returning INDEX_NONE
[1914.94] Log: DFPawn_Hero_Female_0::UpdateMeleeCollisionChecks ERROR - AnimLinkup->BoneToTrackTable for bone 130 returning INDEX_NONE
[1914.95] Log: DFPawn_Hero_Female_0::UpdateMeleeCollisionChecks ERROR - AnimLinkup->BoneToTrackTable for bone 130 returning INDEX_NONE
[1914.97] Log: DFPawn_Hero_Female_0::UpdateMeleeCollisionChecks ERROR - AnimLinkup->BoneToTrackTable for bone 130 returning INDEX_NONE
[1914.99] Log: DFPawn_Hero_Female_0::UpdateMeleeCollisionChecks ERROR - AnimLinkup->BoneToTrackTable for bone 130 returning INDEX_NONE
[1915.00] Log: DFPawn_Hero_Female_0::UpdateMeleeCollisionChecks ERROR - AnimLinkup->BoneToTrackTable for bone 130 returning INDEX_NONE
[1915.02] Log: DFPawn_Hero_Female_0::UpdateMeleeCollisionChecks ERROR - AnimLinkup->BoneToTrackTable for bone 130 returning INDEX_NONE
[1915.04] Log: DFPawn_Hero_Female_0::UpdateMeleeCollisionChecks ERROR - AnimLinkup->BoneToTrackTable for bone 130 returning INDEX_NONE
[1915.05] Log: DFPawn_Hero_Female_0::UpdateMeleeCollisionChecks ERROR - AnimLinkup->BoneToTrackTable for bone 130 returning INDEX_NONE
[1915.07] Log: DFPawn_Hero_Female_0::UpdateMeleeCollisionChecks ERROR - AnimLinkup->BoneToTrackTable for bone 130 returning INDEX_NONE
[1915.09] Log: DFPawn_Hero_Female_0::UpdateMeleeCollisionChecks ERROR - AnimLinkup->BoneToTrackTable for bone 130 returning INDEX_NONE
[1915.11] Log: DFPawn_Hero_Female_0::UpdateMeleeCollisionChecks ERROR - AnimLinkup->BoneToTrackTable for bone 130 returning INDEX_NONE
[1915.13] Log: DFPawn_Hero_Female_0::UpdateMeleeCollisionChecks ERROR - AnimLinkup->BoneToTrackTable for bone 130 returning INDEX_NONE
[1915.14] Log: DFPawn_Hero_Female_0::UpdateMeleeCollisionChecks ERROR - AnimLinkup->BoneToTrackTable for bone 130 returning INDEX_NONE
[1915.16] Log: DFPawn_Hero_Female_0::UpdateMeleeCollisionChecks ERROR - AnimLinkup->BoneToTrackTable for bone 130 returning INDEX_NONE
[1915.17] Log: DFPawn_Hero_Female_0::UpdateMeleeCollisionChecks ERROR - AnimLinkup->BoneToTrackTable for bone 130 returning INDEX_NONE
[1915.19] Log: DFPawn_Hero_Female_0::UpdateMeleeCollisionChecks ERROR - AnimLinkup->BoneToTrackTable for bone 130 returning INDEX_NONE
[1915.21] Log: DFPawn_Hero_Female_0::UpdateMeleeCollisionChecks ERROR - AnimLinkup->BoneToTrackTable for bone 130 returning INDEX_NONE
[1915.22] Log: DFPawn_Hero_Female_0::UpdateMeleeCollisionChecks ERROR - AnimLinkup->BoneToTrackTable for bone 130 returning INDEX_NONE
[1915.24] Log: DFPawn_Hero_Female_0::UpdateMeleeCollisionChecks ERROR - AnimLinkup->BoneToTrackTable for bone 130 returning INDEX_NONE
[1915.28] ScriptWarning: Accessed None 'ChargeSound'
	DFSpecialMove_ChargeMove UGC-Persistent.TheWorld:PersistentLevel.DFSpecialMove_ChargeMove_5
	Function DFGame.DFSpecialMove_ChargeMove:StartSpecialMove:009F
[1915.29] ScriptWarning: Accessed None 'ChargeSound'
	DFSpecialMove_ChargeMove UGC-Persistent.TheWorld:PersistentLevel.DFSpecialMove_ChargeMove_5
	Function DFGame.DFSpecialMove_ChargeMove:StopSpecialMove:009C
[1915.29] ScriptWarning: Accessed None 'ChargeSound'
	DFSpecialMove_ChargeMove UGC-Persistent.TheWorld:PersistentLevel.DFSpecialMove_ChargeMove_5
	Function DFGame.DFSpecialMove_ChargeMove:StartSpecialMove:009F
[1915.67] Warning: DFNodeTurnInPlace_Player_307 - Failed, with animsequence 'inj_TurnL45' on SkeletalMeshComponent: 'inXileForgedMeshComponent_1437' whose owner is: 'DFPawn_Minotaur_4' and is of type 'ForgedMeshComponent'
[1916.39] ScriptWarning: Accessed None 'ChargeSound'
	DFSpecialMove_ChargeMove UGC-Persistent.TheWorld:PersistentLevel.DFSpecialMove_ChargeMove_5
	Function DFGame.DFSpecialMove_ChargeMove:StopSpecialMove:009C
[1916.94] Log: DFPawn_Hero_Female_0::UpdateMeleeCollisionChecks ERROR - AnimLinkup->BoneToTrackTable for bone 130 returning INDEX_NONE
[1916.95] Log: DFPawn_Hero_Female_0::UpdateMeleeCollisionChecks ERROR - AnimLinkup->BoneToTrackTable for bone 130 returning INDEX_NONE
[1916.97] Log: DFPawn_Hero_Female_0::UpdateMeleeCollisionChecks ERROR - AnimLinkup->BoneToTrackTable for bone 130 returning INDEX_NONE
[1916.99] Log: DFPawn_Hero_Female_0::UpdateMeleeCollisionChecks ERROR - AnimLinkup->BoneToTrackTable for bone 130 returning INDEX_NONE
[1917.00] Log: DFPawn_Hero_Female_0::UpdateMeleeCollisionChecks ERROR - AnimLinkup->BoneToTrackTable for bone 130 returning INDEX_NONE
[1917.02] Log: DFPawn_Hero_Female_0::UpdateMeleeCollisionChecks ERROR - AnimLinkup->BoneToTrackTable for bone 130 returning INDEX_NONE
[1917.04] Log: DFPawn_Hero_Female_0::UpdateMeleeCollisionChecks ERROR - AnimLinkup->BoneToTrackTable for bone 130 returning INDEX_NONE
[1917.06] Log: DFPawn_Hero_Female_0::UpdateMeleeCollisionChecks ERROR - AnimLinkup->BoneToTrackTable for bone 130 returning INDEX_NONE
[1917.07] Log: DFPawn_Hero_Female_0::UpdateMeleeCollisionChecks ERROR - AnimLinkup->BoneToTrackTable for bone 130 returning INDEX_NONE
[1917.09] Log: DFPawn_Hero_Female_0::UpdateMeleeCollisionChecks ERROR - AnimLinkup->BoneToTrackTable for bone 130 returning INDEX_NONE
[1917.11] Log: DFPawn_Hero_Female_0::UpdateMeleeCollisionChecks ERROR - AnimLinkup->BoneToTrackTable for bone 130 returning INDEX_NONE
[1917.12] Log: DFPawn_Hero_Female_0::UpdateMeleeCollisionChecks ERROR - AnimLinkup->BoneToTrackTable for bone 130 returning INDEX_NONE
[1917.14] Log: DFPawn_Hero_Female_0::UpdateMeleeCollisionChecks ERROR - AnimLinkup->BoneToTrackTable for bone 130 returning INDEX_NONE
[1917.16] Log: DFPawn_Hero_Female_0::UpdateMeleeCollisionChecks ERROR - AnimLinkup->BoneToTrackTable for bone 130 returning INDEX_NONE
[1917.17] Log: DFPawn_Hero_Female_0::UpdateMeleeCollisionChecks ERROR - AnimLinkup->BoneToTrackTable for bone 130 returning INDEX_NONE
[1917.19] Log: DFPawn_Hero_Female_0::UpdateMeleeCollisionChecks ERROR - AnimLinkup->BoneToTrackTable for bone 130 returning INDEX_NONE
[1917.21] Log: DFPawn_Hero_Female_0::UpdateMeleeCollisionChecks ERROR - AnimLinkup->BoneToTrackTable for bone 130 returning INDEX_NONE
[1917.22] Log: DFPawn_Hero_Female_0::UpdateMeleeCollisionChecks ERROR - AnimLinkup->BoneToTrackTable for bone 130 returning INDEX_NONE
[1917.24] Log: DFPawn_Hero_Female_0::UpdateMeleeCollisionChecks ERROR - AnimLinkup->BoneToTrackTable for bone 130 returning INDEX_NONE
[1917.26] Log: DFPawn_Hero_Female_0::UpdateMeleeCollisionChecks ERROR - AnimLinkup->BoneToTrackTable for bone 130 returning INDEX_NONE
[1917.28] Log: DFPawn_Hero_Female_0::UpdateMeleeCollisionChecks ERROR - AnimLinkup->BoneToTrackTable for bone 130 returning INDEX_NONE
[1917.29] Log: DFPawn_Hero_Female_0::UpdateMeleeCollisionChecks ERROR - AnimLinkup->BoneToTrackTable for bone 130 returning INDEX_NONE
[1917.31] Log: DFPawn_Hero_Female_0::UpdateMeleeCollisionChecks ERROR - AnimLinkup->BoneToTrackTable for bone 130 returning INDEX_NONE
[1917.33] Log: DFPawn_Hero_Female_0::UpdateMeleeCollisionChecks ERROR - AnimLinkup->BoneToTrackTable for bone 130 returning INDEX_NONE
[1917.34] Log: DFPawn_Hero_Female_0::UpdateMeleeCollisionChecks ERROR - AnimLinkup->BoneToTrackTable for bone 130 returning INDEX_NONE
[1917.36] Log: DFPawn_Hero_Female_0::UpdateMeleeCollisionChecks ERROR - AnimLinkup->BoneToTrackTable for bone 130 returning INDEX_NONE
[1917.38] Log: DFPawn_Hero_Female_0::UpdateMeleeCollisionChecks ERROR - AnimLinkup->BoneToTrackTable for bone 130 returning INDEX_NONE
[1917.39] Log: DFPawn_Hero_Female_0::UpdateMeleeCollisionChecks ERROR - AnimLinkup->BoneToTrackTable for bone 130 returning INDEX_NONE
[1917.41] Log: DFPawn_Hero_Female_0::UpdateMeleeCollisionChecks ERROR - AnimLinkup->BoneToTrackTable for bone 130 returning INDEX_NONE
[1917.43] Log: DFPawn_Hero_Female_0::UpdateMeleeCollisionChecks ERROR - AnimLinkup->BoneToTrackTable for bone 130 returning INDEX_NONE
[1917.44] Log: DFPawn_Hero_Female_0::UpdateMeleeCollisionChecks ERROR - AnimLinkup->BoneToTrackTable for bone 130 returning INDEX_NONE
[1917.46] Log: DFPawn_Hero_Female_0::UpdateMeleeCollisionChecks ERROR - AnimLinkup->BoneToTrackTable for bone 130 returning INDEX_NONE
[1917.48] Log: DFPawn_Hero_Female_0::UpdateMeleeCollisionChecks ERROR - AnimLinkup->BoneToTrackTable for bone 130 returning INDEX_NONE
[1917.50] Log: DFPawn_Hero_Female_0::UpdateMeleeCollisionChecks ERROR - AnimLinkup->BoneToTrackTable for bone 130 returning INDEX_NONE
[1917.51] Log: DFPawn_Hero_Female_0::UpdateMeleeCollisionChecks ERROR - AnimLinkup->BoneToTrackTable for bone 130 returning INDEX_NONE
[1917.53] Log: DFPawn_Hero_Female_0::UpdateMeleeCollisionChecks ERROR - AnimLinkup->BoneToTrackTable for bone 130 returning INDEX_NONE
[1917.55] Log: DFPawn_Hero_Female_0::UpdateMeleeCollisionChecks ERROR - AnimLinkup->BoneToTrackTable for bone 130 returning INDEX_NONE
[1917.56] Log: DFPawn_Hero_Female_0::UpdateMeleeCollisionChecks ERROR - AnimLinkup->BoneToTrackTable for bone 130 returning INDEX_NONE
[1917.58] Log: DFPawn_Hero_Female_0::UpdateMeleeCollisionChecks ERROR - AnimLinkup->BoneToTrackTable for bone 130 returning INDEX_NONE
[1917.60] Log: DFPawn_Hero_Female_0::UpdateMeleeCollisionChecks ERROR - AnimLinkup->BoneToTrackTable for bone 130 returning INDEX_NONE
[1917.61] Log: DFPawn_Hero_Female_0::UpdateMeleeCollisionChecks ERROR - AnimLinkup->BoneToTrackTable for bone 130 returning INDEX_NONE
[1917.63] Log: DFPawn_Hero_Female_0::UpdateMeleeCollisionChecks ERROR - AnimLinkup->BoneToTrackTable for bone 130 returning INDEX_NONE
[1917.65] Log: DFPawn_Hero_Female_0::UpdateMeleeCollisionChecks ERROR - AnimLinkup->BoneToTrackTable for bone 130 returning INDEX_NONE
[1917.67] Log: DFPawn_Hero_Female_0::UpdateMeleeCollisionChecks ERROR - AnimLinkup->BoneToTrackTable for bone 130 returning INDEX_NONE
[1917.68] Log: DFPawn_Hero_Female_0::UpdateMeleeCollisionChecks ERROR - AnimLinkup->BoneToTrackTable for bone 130 returning INDEX_NONE
[1917.70] Log: DFPawn_Hero_Female_0::UpdateMeleeCollisionChecks ERROR - AnimLinkup->BoneToTrackTable for bone 130 returning INDEX_NONE
[1917.72] Log: DFPawn_Hero_Female_0::UpdateMeleeCollisionChecks ERROR - AnimLinkup->BoneToTrackTable for bone 130 returning INDEX_NONE
[1917.73] Log: DFPawn_Hero_Female_0::UpdateMeleeCollisionChecks ERROR - AnimLinkup->BoneToTrackTable for bone 130 returning INDEX_NONE
[1917.75] Log: DFPawn_Hero_Female_0::UpdateMeleeCollisionChecks ERROR - AnimLinkup->BoneToTrackTable for bone 130 returning INDEX_NONE
[1917.77] Log: DFPawn_Hero_Female_0::UpdateMeleeCollisionChecks ERROR - AnimLinkup->BoneToTrackTable for bone 130 returning INDEX_NONE
[1917.78] Log: DFPawn_Hero_Female_0::UpdateMeleeCollisionChecks ERROR - AnimLinkup->BoneToTrackTable for bone 130 returning INDEX_NONE
[1917.80] Log: DFPawn_Hero_Female_0::UpdateMeleeCollisionChecks ERROR - AnimLinkup->BoneToTrackTable for bone 130 returning INDEX_NONE
[1917.82] Log: DFPawn_Hero_Female_0::UpdateMeleeCollisionChecks ERROR - AnimLinkup->BoneToTrackTable for bone 130 returning INDEX_NONE
[1917.83] Log: DFPawn_Hero_Female_0::UpdateMeleeCollisionChecks ERROR - AnimLinkup->BoneToTrackTable for bone 130 returning INDEX_NONE
[1917.85] Log: DFPawn_Hero_Female_0::UpdateMeleeCollisionChecks ERROR - AnimLinkup->BoneToTrackTable for bone 130 returning INDEX_NONE
[1917.87] Log: DFPawn_Hero_Female_0::UpdateMeleeCollisionChecks ERROR - AnimLinkup->BoneToTrackTable for bone 130 returning INDEX_NONE
[1917.89] Log: DFPawn_Hero_Female_0::UpdateMeleeCollisionChecks ERROR - AnimLinkup->BoneToTrackTable for bone 130 returning INDEX_NONE
[1917.90] Log: DFPawn_Hero_Female_0::UpdateMeleeCollisionChecks ERROR - AnimLinkup->BoneToTrackTable for bone 130 returning INDEX_NONE
[1917.92] Log: DFPawn_Hero_Female_0::UpdateMeleeCollisionChecks ERROR - AnimLinkup->BoneToTrackTable for bone 130 returning INDEX_NONE
[1917.94] Log: DFPawn_Hero_Female_0::UpdateMeleeCollisionChecks ERROR - AnimLinkup->BoneToTrackTable for bone 130 returning INDEX_NONE
[1917.96] Log: DFPawn_Hero_Female_0::UpdateMeleeCollisionChecks ERROR - AnimLinkup->BoneToTrackTable for bone 130 returning INDEX_NONE
[1917.97] Log: DFPawn_Hero_Female_0::UpdateMeleeCollisionChecks ERROR - AnimLinkup->BoneToTrackTable for bone 130 returning INDEX_NONE
[1917.99] Log: DFPawn_Hero_Female_0::UpdateMeleeCollisionChecks ERROR - AnimLinkup->BoneToTrackTable for bone 130 returning INDEX_NONE
[1918.01] Log: DFPawn_Hero_Female_0::UpdateMeleeCollisionChecks ERROR - AnimLinkup->BoneToTrackTable for bone 130 returning INDEX_NONE
[1918.02] Log: DFPawn_Hero_Female_0::UpdateMeleeCollisionChecks ERROR - AnimLinkup->BoneToTrackTable for bone 130 returning INDEX_NONE
[1918.04] Log: DFPawn_Hero_Female_0::UpdateMeleeCollisionChecks ERROR - AnimLinkup->BoneToTrackTable for bone 130 returning INDEX_NONE
[1918.05] Log: DFPawn_Hero_Female_0::UpdateMeleeCollisionChecks ERROR - AnimLinkup->BoneToTrackTable for bone 130 returning INDEX_NONE
[1918.07] Log: DFPawn_Hero_Female_0::UpdateMeleeCollisionChecks ERROR - AnimLinkup->BoneToTrackTable for bone 130 returning INDEX_NONE
[1918.09] Log: DFPawn_Hero_Female_0::UpdateMeleeCollisionChecks ERROR - AnimLinkup->BoneToTrackTable for bone 130 returning INDEX_NONE
[1918.11] Log: DFPawn_Hero_Female_0::UpdateMeleeCollisionChecks ERROR - AnimLinkup->BoneToTrackTable for bone 130 returning INDEX_NONE
[1918.12] Log: DFPawn_Hero_Female_0::UpdateMeleeCollisionChecks ERROR - AnimLinkup->BoneToTrackTable for bone 130 returning INDEX_NONE
[1918.14] Log: DFPawn_Hero_Female_0::UpdateMeleeCollisionChecks ERROR - AnimLinkup->BoneToTrackTable for bone 130 returning INDEX_NONE
[1918.16] Log: DFPawn_Hero_Female_0::UpdateMeleeCollisionChecks ERROR - AnimLinkup->BoneToTrackTable for bone 130 returning INDEX_NONE
[1918.17] Log: DFPawn_Hero_Female_0::UpdateMeleeCollisionChecks ERROR - AnimLinkup->BoneToTrackTable for bone 130 returning INDEX_NONE
[1918.19] Log: DFPawn_Hero_Female_0::UpdateMeleeCollisionChecks ERROR - AnimLinkup->BoneToTrackTable for bone 130 returning INDEX_NONE
[1918.21] Log: DFPawn_Hero_Female_0::UpdateMeleeCollisionChecks ERROR - AnimLinkup->BoneToTrackTable for bone 130 returning INDEX_NONE
[1918.22] Log: DFPawn_Hero_Female_0::UpdateMeleeCollisionChecks ERROR - AnimLinkup->BoneToTrackTable for bone 130 returning INDEX_NONE
[1918.24] Log: DFPawn_Hero_Female_0::UpdateMeleeCollisionChecks ERROR - AnimLinkup->BoneToTrackTable for bone 130 returning INDEX_NONE
[1918.26] Log: DFPawn_Hero_Female_0::UpdateMeleeCollisionChecks ERROR - AnimLinkup->BoneToTrackTable for bone 130 returning INDEX_NONE
[1918.28] Log: DFPawn_Hero_Female_0::UpdateMeleeCollisionChecks ERROR - AnimLinkup->BoneToTrackTable for bone 130 returning INDEX_NONE
[1918.29] Log: DFPawn_Hero_Female_0::UpdateMeleeCollisionChecks ERROR - AnimLinkup->BoneToTrackTable for bone 130 returning INDEX_NONE
[1918.31] Log: DFPawn_Hero_Female_0::UpdateMeleeCollisionChecks ERROR - AnimLinkup->BoneToTrackTable for bone 130 returning INDEX_NONE
[1918.33] Log: DFPawn_Hero_Female_0::UpdateMeleeCollisionChecks ERROR - AnimLinkup->BoneToTrackTable for bone 130 returning INDEX_NONE
[1918.34] Log: DFPawn_Hero_Female_0::UpdateMeleeCollisionChecks ERROR - AnimLinkup->BoneToTrackTable for bone 130 returning INDEX_NONE
[1918.36] DevOnline: Listening for lan beacon requests on 6777
[1918.36] Log: DFPawn_Hero_Female_0::UpdateMeleeCollisionChecks ERROR - AnimLinkup->BoneToTrackTable for bone 130 returning INDEX_NONE
[1918.38] Log: DFPawn_Hero_Female_0::UpdateMeleeCollisionChecks ERROR - AnimLinkup->BoneToTrackTable for bone 130 returning INDEX_NONE
[1918.39] Log: DFPawn_Hero_Female_0::UpdateMeleeCollisionChecks ERROR - AnimLinkup->BoneToTrackTable for bone 130 returning INDEX_NONE
[1918.41] Log: DFPawn_Hero_Female_0::UpdateMeleeCollisionChecks ERROR - AnimLinkup->BoneToTrackTable for bone 130 returning INDEX_NONE
[1918.43] Log: DFPawn_Hero_Female_0::UpdateMeleeCollisionChecks ERROR - AnimLinkup->BoneToTrackTable for bone 130 returning INDEX_NONE
[1918.94] Warning: DFNodeTurnInPlace_Player_307 - Failed, with animsequence 'inj_TurnR90' on SkeletalMeshComponent: 'inXileForgedMeshComponent_1437' whose owner is: 'DFPawn_Minotaur_4' and is of type 'ForgedMeshComponent'
[1921.41] ScriptWarning: Accessed None 'ChargeSound'
	DFSpecialMove_ChargeMove UGC-Persistent.TheWorld:PersistentLevel.DFSpecialMove_ChargeMove_4
	Function DFGame.DFSpecialMove_ChargeMove:StartSpecialMove:009F
[1921.54] Log: Could not find FMC creator for PSC UGC-Persistent.TheWorld:PersistentLevel.DFPawn_Nid_55.inXileParticleSystemComponent_4867 completion callback, message None
[1922.60] ScriptWarning: Accessed None 'ChargeSound'
	DFSpecialMove_ChargeMove UGC-Persistent.TheWorld:PersistentLevel.DFSpecialMove_ChargeMove_4
	Function DFGame.DFSpecialMove_ChargeMove:StopSpecialMove:009C
[1923.28] ScriptWarning: Accessed None 'ChargeSound'
	DFSpecialMove_ChargeMove UGC-Persistent.TheWorld:PersistentLevel.DFSpecialMove_ChargeMove_5
	Function DFGame.DFSpecialMove_ChargeMove:StartSpecialMove:009F
[1923.36] DevOnline: Listening for lan beacon requests on 6777
[1923.68] Warning: DFNodeTurnInPlace_Player_307 - Failed, with animsequence 'inj_TurnL180' on SkeletalMeshComponent: 'inXileForgedMeshComponent_1437' whose owner is: 'DFPawn_Minotaur_4' and is of type 'ForgedMeshComponent'
[1924.29] ScriptWarning: Accessed None 'ChargeSound'
	DFSpecialMove_ChargeMove UGC-Persistent.TheWorld:PersistentLevel.DFSpecialMove_ChargeMove_5
	Function DFGame.DFSpecialMove_ChargeMove:StopSpecialMove:009C
[1925.88] Warning: DFNodeTurnInPlace_Player_307 - Failed, with animsequence 'inj_TurnL180' on SkeletalMeshComponent: 'inXileForgedMeshComponent_1437' whose owner is: 'DFPawn_Minotaur_4' and is of type 'ForgedMeshComponent'
[1927.38] DevOnline: Listening for lan beacon requests on 6777
[1927.62] ScriptWarning: Accessed None 'CurrentWeaponAttachment'
	DFWeaponAttachment_Melee UGC-Persistent.TheWorld:PersistentLevel.DFWeaponAttachment_Melee_57
	Function DFGame.DFWeaponAttachment:Cleanup:0152
[1927.90] Log: Could not find FMC creator for PSC UGC-Persistent.TheWorld:PersistentLevel.DFPawn_Hero_Female_0.inXileParticleSystemComponent_5027 completion callback, message None
[1927.90] Log: Could not find FMC creator for PSC UGC-Persistent.TheWorld:PersistentLevel.DFPawn_Hero_Female_0.inXileParticleSystemComponent_5028 completion callback, message None
[1927.97] MP_Weapons_Native: SetAttackSkillObjectByName() failed, due to not having a prev. ASO - DFWeaponAttachment_Ranged_Spell_47
[1930.34] ScriptWarning: Accessed None 'RunSound'
	DFSpecialMove_RoadieRun UGC-Persistent.TheWorld:PersistentLevel.DFSpecialMove_RoadieRun_1
	Function DFGame.DFSpecialMove_RoadieRun:StartSpecialMove:04EF
[1930.41] ScriptWarning: Accessed None 'RunSound'
	DFSpecialMove_RoadieRun UGC-Persistent.TheWorld:PersistentLevel.DFSpecialMove_RoadieRun_1
	Function DFGame.DFSpecialMove_RoadieRun:StopSpecialMove:0174
[1930.44] Warning: DFNodeTurnInPlace_Player_315 - Failed, with animsequence 'inj_TurnR180' on SkeletalMeshComponent: 'inXileForgedMeshComponent_1445' whose owner is: 'DFPawn_Minotaur_5' and is of type 'ForgedMeshComponent'
[1931.04] MP_Weapons_Native: SetAttackSkillObjectByName() failed, due to not having a prev. ASO - DFWeaponAttachment_Ranged_Bow_50
[1931.04] Warning: DFNodeTurnInPlace_Player_307 - Failed, with animsequence 'inj_TurnL90' on SkeletalMeshComponent: 'inXileForgedMeshComponent_1437' whose owner is: 'DFPawn_Minotaur_4' and is of type 'ForgedMeshComponent'
[1932.05] ScriptWarning: Accessed None 'ChargeSound'
	DFSpecialMove_ChargeMove UGC-Persistent.TheWorld:PersistentLevel.DFSpecialMove_ChargeMove_5
	Function DFGame.DFSpecialMove_ChargeMove:StartSpecialMove:009F
[1932.21] ScriptWarning: Accessed None 'RunSound'
	DFSpecialMove_RoadieRun UGC-Persistent.TheWorld:PersistentLevel.DFSpecialMove_RoadieRun_1
	Function DFGame.DFSpecialMove_RoadieRun:StartSpecialMove:04EF
[1932.24] ScriptWarning: Accessed None 'RunSound'
	DFSpecialMove_RoadieRun UGC-Persistent.TheWorld:PersistentLevel.DFSpecialMove_RoadieRun_1
	Function DFGame.DFSpecialMove_RoadieRun:StopSpecialMove:0174
[1932.38] DevOnline: Listening for lan beacon requests on 6777
[1933.16] ScriptWarning: Accessed None 'RunSound'
	DFSpecialMove_RoadieRun UGC-Persistent.TheWorld:PersistentLevel.DFSpecialMove_RoadieRun_1
	Function DFGame.DFSpecialMove_RoadieRun:StartSpecialMove:04EF
[1933.17] ScriptWarning: Accessed None 'RunSound'
	DFSpecialMove_RoadieRun UGC-Persistent.TheWorld:PersistentLevel.DFSpecialMove_RoadieRun_1
	Function DFGame.DFSpecialMove_RoadieRun:StopSpecialMove:0174
[1933.41] ScriptWarning: Accessed None 'ChargeSound'
	DFSpecialMove_ChargeMove UGC-Persistent.TheWorld:PersistentLevel.DFSpecialMove_ChargeMove_5
	Function DFGame.DFSpecialMove_ChargeMove:StopSpecialMove:009C
[1934.49] Warning: DFNodeTurnInPlace_Player_315 - Failed, with animsequence 'inj_TurnR90' on SkeletalMeshComponent: 'inXileForgedMeshComponent_1445' whose owner is: 'DFPawn_Minotaur_5' and is of type 'ForgedMeshComponent'
[1934.55] Warning: DFNodeTurnInPlace_Player_315 - Failed, with animsequence 'inj_TurnR90' on SkeletalMeshComponent: 'inXileForgedMeshComponent_1445' whose owner is: 'DFPawn_Minotaur_5' and is of type 'ForgedMeshComponent'
[1934.55] Warning: DFNodeTurnInPlace_Player_315 - Failed, with animsequence 'inj_TurnR180' on SkeletalMeshComponent: 'inXileForgedMeshComponent_1445' whose owner is: 'DFPawn_Minotaur_5' and is of type 'ForgedMeshComponent'
[1935.83] Log: Could not find FMC creator for PSC UGC-Persistent.TheWorld:PersistentLevel.DFPawn_Hero_Female_0.inXileParticleSystemComponent_5033 completion callback, message None
[1936.39] DevOnline: Listening for lan beacon requests on 6777
[1936.61] Warning: DFNodeTurnInPlace_Player_315 - Failed, with animsequence 'inj_TurnR90' on SkeletalMeshComponent: 'inXileForgedMeshComponent_1445' whose owner is: 'DFPawn_Minotaur_5' and is of type 'ForgedMeshComponent'
[1936.61] Warning: DFNodeTurnInPlace_Player_315 - Failed, with animsequence 'inj_TurnR180' on SkeletalMeshComponent: 'inXileForgedMeshComponent_1445' whose owner is: 'DFPawn_Minotaur_5' and is of type 'ForgedMeshComponent'
[1937.90] MP_Weapons_Native: SetAttackSkillObjectByName() failed, due to not having a prev. ASO - DFWeaponAttachment_Ranged_Spell_48
[1937.98] Log: Could not find FMC creator for PSC UGC-Persistent.TheWorld:PersistentLevel.DFPawn_Hero_Female_0.inXileParticleSystemComponent_5034 completion callback, message None
[1939.67] Warning: DFNodeTurnInPlace_Player_315 - Failed, with animsequence 'inj_TurnL90' on SkeletalMeshComponent: 'inXileForgedMeshComponent_1445' whose owner is: 'DFPawn_Minotaur_5' and is of type 'ForgedMeshComponent'
[1939.67] Warning: DFNodeTurnInPlace_Player_315 - Failed, with animsequence 'inj_TurnR180' on SkeletalMeshComponent: 'inXileForgedMeshComponent_1445' whose owner is: 'DFPawn_Minotaur_5' and is of type 'ForgedMeshComponent'
[1939.99] Warning: DFNodeTurnInPlace_Player_315 - Failed, with animsequence 'inj_TurnL90' on SkeletalMeshComponent: 'inXileForgedMeshComponent_1445' whose owner is: 'DFPawn_Minotaur_5' and is of type 'ForgedMeshComponent'
[1939.99] Warning: DFNodeTurnInPlace_Player_315 - Failed, with animsequence 'inj_TurnL180' on SkeletalMeshComponent: 'inXileForgedMeshComponent_1445' whose owner is: 'DFPawn_Minotaur_5' and is of type 'ForgedMeshComponent'
[1940.01] ScriptWarning: Accessed None 'CurrentWeaponAttachment'
	DFWeaponAttachment_Ranged_Spell UGC-Persistent.TheWorld:PersistentLevel.DFWeaponAttachment_Ranged_Spell_47
	Function DFGame.DFWeaponAttachment:Cleanup:0152
[1940.29] MP_Weapons_Native: SetAttackSkillObjectByName() failed, due to not having a prev. ASO - DFWeaponAttachment_Melee_58
[1940.99] MP_Weapons_Native: SetAttackSkillObjectByName() failed, due to not having a prev. ASO - DFWeaponAttachment_Ranged_Bow_51
[1941.29] ScriptWarning: Accessed None 'ChargeSound'
	DFSpecialMove_ChargeMove UGC-Persistent.TheWorld:PersistentLevel.DFSpecialMove_ChargeMove_5
	Function DFGame.DFSpecialMove_ChargeMove:StartSpecialMove:009F
[1941.31] ScriptWarning: Accessed None 'ChargeSound'
	DFSpecialMove_ChargeMove UGC-Persistent.TheWorld:PersistentLevel.DFSpecialMove_ChargeMove_5
	Function DFGame.DFSpecialMove_ChargeMove:StopSpecialMove:009C
[1941.31] ScriptWarning: Accessed None 'ChargeSound'
	DFSpecialMove_ChargeMove UGC-Persistent.TheWorld:PersistentLevel.DFSpecialMove_ChargeMove_5
	Function DFGame.DFSpecialMove_ChargeMove:StartSpecialMove:009F
[1941.41] DevOnline: Listening for lan beacon requests on 6777
[1942.24] ScriptWarning: Accessed None 'ChargeSound'
	DFSpecialMove_ChargeMove UGC-Persistent.TheWorld:PersistentLevel.DFSpecialMove_ChargeMove_5
	Function DFGame.DFSpecialMove_ChargeMove:StopSpecialMove:009C
[1942.90] Log: DFPawn_Hero_Female_0::UpdateMeleeCollisionChecks ERROR - AnimLinkup->BoneToTrackTable for bone 130 returning INDEX_NONE
[1942.92] Log: DFPawn_Hero_Female_0::UpdateMeleeCollisionChecks ERROR - AnimLinkup->BoneToTrackTable for bone 130 returning INDEX_NONE
[1942.93] Log: DFPawn_Hero_Female_0::UpdateMeleeCollisionChecks ERROR - AnimLinkup->BoneToTrackTable for bone 130 returning INDEX_NONE
[1942.95] Log: DFPawn_Hero_Female_0::UpdateMeleeCollisionChecks ERROR - AnimLinkup->BoneToTrackTable for bone 130 returning INDEX_NONE
[1942.97] Log: DFPawn_Hero_Female_0::UpdateMeleeCollisionChecks ERROR - AnimLinkup->BoneToTrackTable for bone 130 returning INDEX_NONE
[1942.99] Log: DFPawn_Hero_Female_0::UpdateMeleeCollisionChecks ERROR - AnimLinkup->BoneToTrackTable for bone 130 returning INDEX_NONE
[1943.00] Log: DFPawn_Hero_Female_0::UpdateMeleeCollisionChecks ERROR - AnimLinkup->BoneToTrackTable for bone 130 returning INDEX_NONE
[1943.02] Log: DFPawn_Hero_Female_0::UpdateMeleeCollisionChecks ERROR - AnimLinkup->BoneToTrackTable for bone 130 returning INDEX_NONE
[1943.04] Log: DFPawn_Hero_Female_0::UpdateMeleeCollisionChecks ERROR - AnimLinkup->BoneToTrackTable for bone 130 returning INDEX_NONE
[1943.05] Log: DFPawn_Hero_Female_0::UpdateMeleeCollisionChecks ERROR - AnimLinkup->BoneToTrackTable for bone 130 returning INDEX_NONE
[1943.07] Log: DFPawn_Hero_Female_0::UpdateMeleeCollisionChecks ERROR - AnimLinkup->BoneToTrackTable for bone 130 returning INDEX_NONE
[1943.09] Log: DFPawn_Hero_Female_0::UpdateMeleeCollisionChecks ERROR - AnimLinkup->BoneToTrackTable for bone 130 returning INDEX_NONE
[1943.10] Log: DFPawn_Hero_Female_0::UpdateMeleeCollisionChecks ERROR - AnimLinkup->BoneToTrackTable for bone 130 returning INDEX_NONE
[1943.12] Log: DFPawn_Hero_Female_0::UpdateMeleeCollisionChecks ERROR - AnimLinkup->BoneToTrackTable for bone 130 returning INDEX_NONE
[1943.14] Log: DFPawn_Hero_Female_0::UpdateMeleeCollisionChecks ERROR - AnimLinkup->BoneToTrackTable for bone 130 returning INDEX_NONE
[1943.16] Log: DFPawn_Hero_Female_0::UpdateMeleeCollisionChecks ERROR - AnimLinkup->BoneToTrackTable for bone 130 returning INDEX_NONE
[1943.17] Log: DFPawn_Hero_Female_0::UpdateMeleeCollisionChecks ERROR - AnimLinkup->BoneToTrackTable for bone 130 returning INDEX_NONE
[1943.19] Log: DFPawn_Hero_Female_0::UpdateMeleeCollisionChecks ERROR - AnimLinkup->BoneToTrackTable for bone 130 returning INDEX_NONE
[1943.21] Log: DFPawn_Hero_Female_0::UpdateMeleeCollisionChecks ERROR - AnimLinkup->BoneToTrackTable for bone 130 returning INDEX_NONE
[1943.22] Log: DFPawn_Hero_Female_0::UpdateMeleeCollisionChecks ERROR - AnimLinkup->BoneToTrackTable for bone 130 returning INDEX_NONE
[1943.24] Log: DFPawn_Hero_Female_0::UpdateMeleeCollisionChecks ERROR - AnimLinkup->BoneToTrackTable for bone 130 returning INDEX_NONE
[1943.26] Log: DFPawn_Hero_Female_0::UpdateMeleeCollisionChecks ERROR - AnimLinkup->BoneToTrackTable for bone 130 returning INDEX_NONE
[1943.27] Log: DFPawn_Hero_Female_0::UpdateMeleeCollisionChecks ERROR - AnimLinkup->BoneToTrackTable for bone 130 returning INDEX_NONE
[1943.29] Log: DFPawn_Hero_Female_0::UpdateMeleeCollisionChecks ERROR - AnimLinkup->BoneToTrackTable for bone 130 returning INDEX_NONE
[1943.31] Log: DFPawn_Hero_Female_0::UpdateMeleeCollisionChecks ERROR - AnimLinkup->BoneToTrackTable for bone 130 returning INDEX_NONE
[1943.33] Log: DFPawn_Hero_Female_0::UpdateMeleeCollisionChecks ERROR - AnimLinkup->BoneToTrackTable for bone 130 returning INDEX_NONE
[1943.35] Log: DFPawn_Hero_Female_0::UpdateMeleeCollisionChecks ERROR - AnimLinkup->BoneToTrackTable for bone 130 returning INDEX_NONE
[1943.35] Warning: DFNodeTurnInPlace_Player_315 - Failed, with animsequence 'inj_TurnR90' on SkeletalMeshComponent: 'inXileForgedMeshComponent_1445' whose owner is: 'DFPawn_Minotaur_5' and is of type 'ForgedMeshComponent'
[1943.35] Warning: DFNodeTurnInPlace_Player_315 - Failed, with animsequence 'inj_TurnL180' on SkeletalMeshComponent: 'inXileForgedMeshComponent_1445' whose owner is: 'DFPawn_Minotaur_5' and is of type 'ForgedMeshComponent'
[1943.36] Log: DFPawn_Hero_Female_0::UpdateMeleeCollisionChecks ERROR - AnimLinkup->BoneToTrackTable for bone 130 returning INDEX_NONE
[1943.38] Log: DFPawn_Hero_Female_0::UpdateMeleeCollisionChecks ERROR - AnimLinkup->BoneToTrackTable for bone 130 returning INDEX_NONE
[1943.39] Log: DFPawn_Hero_Female_0::UpdateMeleeCollisionChecks ERROR - AnimLinkup->BoneToTrackTable for bone 130 returning INDEX_NONE
[1943.41] Log: DFPawn_Hero_Female_0::UpdateMeleeCollisionChecks ERROR - AnimLinkup->BoneToTrackTable for bone 130 returning INDEX_NONE
[1943.43] Log: DFPawn_Hero_Female_0::UpdateMeleeCollisionChecks ERROR - AnimLinkup->BoneToTrackTable for bone 130 returning INDEX_NONE
[1943.45] Log: DFPawn_Hero_Female_0::UpdateMeleeCollisionChecks ERROR - AnimLinkup->BoneToTrackTable for bone 130 returning INDEX_NONE
[1943.46] Log: DFPawn_Hero_Female_0::UpdateMeleeCollisionChecks ERROR - AnimLinkup->BoneToTrackTable for bone 130 returning INDEX_NONE
[1943.48] Log: DFPawn_Hero_Female_0::UpdateMeleeCollisionChecks ERROR - AnimLinkup->BoneToTrackTable for bone 130 returning INDEX_NONE
[1943.49] Log: DFPawn_Hero_Female_0::UpdateMeleeCollisionChecks ERROR - AnimLinkup->BoneToTrackTable for bone 130 returning INDEX_NONE
[1943.51] Log: DFPawn_Hero_Female_0::UpdateMeleeCollisionChecks ERROR - AnimLinkup->BoneToTrackTable for bone 130 returning INDEX_NONE
[1943.53] Log: DFPawn_Hero_Female_0::UpdateMeleeCollisionChecks ERROR - AnimLinkup->BoneToTrackTable for bone 130 returning INDEX_NONE
[1943.53] Log: DFPawn_Berserker_14::UpdateMeleeCollisionChecks ERROR - AnimLinkup->BoneToTrackTable for bone 58 returning INDEX_NONE
[1943.54] Log: DFPawn_Hero_Female_0::UpdateMeleeCollisionChecks ERROR - AnimLinkup->BoneToTrackTable for bone 130 returning INDEX_NONE
[1943.54] Log: DFPawn_Berserker_14::UpdateMeleeCollisionChecks ERROR - AnimLinkup->BoneToTrackTable for bone 58 returning INDEX_NONE
[1943.56] Log: DFPawn_Hero_Female_0::UpdateMeleeCollisionChecks ERROR - AnimLinkup->BoneToTrackTable for bone 130 returning INDEX_NONE
[1943.56] Log: DFPawn_Berserker_14::UpdateMeleeCollisionChecks ERROR - AnimLinkup->BoneToTrackTable for bone 58 returning INDEX_NONE
[1943.58] Log: DFPawn_Hero_Female_0::UpdateMeleeCollisionChecks ERROR - AnimLinkup->BoneToTrackTable for bone 130 returning INDEX_NONE
[1943.58] Log: DFPawn_Berserker_14::UpdateMeleeCollisionChecks ERROR - AnimLinkup->BoneToTrackTable for bone 58 returning INDEX_NONE
[1943.60] Log: DFPawn_Hero_Female_0::UpdateMeleeCollisionChecks ERROR - AnimLinkup->BoneToTrackTable for bone 130 returning INDEX_NONE
[1943.60] Log: DFPawn_Berserker_14::UpdateMeleeCollisionChecks ERROR - AnimLinkup->BoneToTrackTable for bone 58 returning INDEX_NONE
[1943.61] Log: DFPawn_Hero_Female_0::UpdateMeleeCollisionChecks ERROR - AnimLinkup->BoneToTrackTable for bone 130 returning INDEX_NONE
[1943.61] Log: DFPawn_Berserker_14::UpdateMeleeCollisionChecks ERROR - AnimLinkup->BoneToTrackTable for bone 58 returning INDEX_NONE
[1943.63] Log: DFPawn_Hero_Female_0::UpdateMeleeCollisionChecks ERROR - AnimLinkup->BoneToTrackTable for bone 130 returning INDEX_NONE
[1943.63] Log: DFPawn_Berserker_14::UpdateMeleeCollisionChecks ERROR - AnimLinkup->BoneToTrackTable for bone 58 returning INDEX_NONE
[1943.65] Log: DFPawn_Hero_Female_0::UpdateMeleeCollisionChecks ERROR - AnimLinkup->BoneToTrackTable for bone 130 returning INDEX_NONE
[1943.66] Log: DFPawn_Hero_Female_0::UpdateMeleeCollisionChecks ERROR - AnimLinkup->BoneToTrackTable for bone 130 returning INDEX_NONE
[1943.68] Log: DFPawn_Hero_Female_0::UpdateMeleeCollisionChecks ERROR - AnimLinkup->BoneToTrackTable for bone 130 returning INDEX_NONE
[1943.70] Log: DFPawn_Hero_Female_0::UpdateMeleeCollisionChecks ERROR - AnimLinkup->BoneToTrackTable for bone 130 returning INDEX_NONE
[1943.72] Log: DFPawn_Hero_Female_0::UpdateMeleeCollisionChecks ERROR - AnimLinkup->BoneToTrackTable for bone 130 returning INDEX_NONE
[1943.73] Log: DFPawn_Hero_Female_0::UpdateMeleeCollisionChecks ERROR - AnimLinkup->BoneToTrackTable for bone 130 returning INDEX_NONE
[1943.75] Log: DFPawn_Hero_Female_0::UpdateMeleeCollisionChecks ERROR - AnimLinkup->BoneToTrackTable for bone 130 returning INDEX_NONE
[1943.77] Log: DFPawn_Hero_Female_0::UpdateMeleeCollisionChecks ERROR - AnimLinkup->BoneToTrackTable for bone 130 returning INDEX_NONE
[1943.78] Log: DFPawn_Hero_Female_0::UpdateMeleeCollisionChecks ERROR - AnimLinkup->BoneToTrackTable for bone 130 returning INDEX_NONE
[1943.80] Log: DFPawn_Hero_Female_0::UpdateMeleeCollisionChecks ERROR - AnimLinkup->BoneToTrackTable for bone 130 returning INDEX_NONE
[1943.82] Log: DFPawn_Hero_Female_0::UpdateMeleeCollisionChecks ERROR - AnimLinkup->BoneToTrackTable for bone 130 returning INDEX_NONE
[1943.83] Log: DFPawn_Hero_Female_0::UpdateMeleeCollisionChecks ERROR - AnimLinkup->BoneToTrackTable for bone 130 returning INDEX_NONE
[1943.85] Log: DFPawn_Hero_Female_0::UpdateMeleeCollisionChecks ERROR - AnimLinkup->BoneToTrackTable for bone 130 returning INDEX_NONE
[1943.87] Log: DFPawn_Hero_Female_0::UpdateMeleeCollisionChecks ERROR - AnimLinkup->BoneToTrackTable for bone 130 returning INDEX_NONE
[1943.88] Log: DFPawn_Hero_Female_0::UpdateMeleeCollisionChecks ERROR - AnimLinkup->BoneToTrackTable for bone 130 returning INDEX_NONE
[1943.90] Log: DFPawn_Hero_Female_0::UpdateMeleeCollisionChecks ERROR - AnimLinkup->BoneToTrackTable for bone 130 returning INDEX_NONE
[1943.92] Log: DFPawn_Hero_Female_0::UpdateMeleeCollisionChecks ERROR - AnimLinkup->BoneToTrackTable for bone 130 returning INDEX_NONE
[1943.93] Log: DFPawn_Hero_Female_0::UpdateMeleeCollisionChecks ERROR - AnimLinkup->BoneToTrackTable for bone 130 returning INDEX_NONE
[1943.95] Log: DFPawn_Hero_Female_0::UpdateMeleeCollisionChecks ERROR - AnimLinkup->BoneToTrackTable for bone 130 returning INDEX_NONE
[1943.97] Log: DFPawn_Hero_Female_0::UpdateMeleeCollisionChecks ERROR - AnimLinkup->BoneToTrackTable for bone 130 returning INDEX_NONE
[1943.99] Log: DFPawn_Hero_Female_0::UpdateMeleeCollisionChecks ERROR - AnimLinkup->BoneToTrackTable for bone 130 returning INDEX_NONE
[1944.00] Log: DFPawn_Hero_Female_0::UpdateMeleeCollisionChecks ERROR - AnimLinkup->BoneToTrackTable for bone 130 returning INDEX_NONE
[1944.02] Log: DFPawn_Hero_Female_0::UpdateMeleeCollisionChecks ERROR - AnimLinkup->BoneToTrackTable for bone 130 returning INDEX_NONE
[1944.04] Log: DFPawn_Hero_Female_0::UpdateMeleeCollisionChecks ERROR - AnimLinkup->BoneToTrackTable for bone 130 returning INDEX_NONE
[1944.05] Log: DFPawn_Hero_Female_0::UpdateMeleeCollisionChecks ERROR - AnimLinkup->BoneToTrackTable for bone 130 returning INDEX_NONE
[1944.07] Log: DFPawn_Hero_Female_0::UpdateMeleeCollisionChecks ERROR - AnimLinkup->BoneToTrackTable for bone 130 returning INDEX_NONE
[1944.09] Log: DFPawn_Hero_Female_0::UpdateMeleeCollisionChecks ERROR - AnimLinkup->BoneToTrackTable for bone 130 returning INDEX_NONE
[1944.11] Log: DFPawn_Hero_Female_0::UpdateMeleeCollisionChecks ERROR - AnimLinkup->BoneToTrackTable for bone 130 returning INDEX_NONE
[1944.12] Log: DFPawn_Hero_Female_0::UpdateMeleeCollisionChecks ERROR - AnimLinkup->BoneToTrackTable for bone 130 returning INDEX_NONE
[1944.14] Log: DFPawn_Hero_Female_0::UpdateMeleeCollisionChecks ERROR - AnimLinkup->BoneToTrackTable for bone 130 returning INDEX_NONE
[1944.16] Log: DFPawn_Hero_Female_0::UpdateMeleeCollisionChecks ERROR - AnimLinkup->BoneToTrackTable for bone 130 returning INDEX_NONE
[1944.17] Log: DFPawn_Hero_Female_0::UpdateMeleeCollisionChecks ERROR - AnimLinkup->BoneToTrackTable for bone 130 returning INDEX_NONE
[1944.19] Log: DFPawn_Hero_Female_0::UpdateMeleeCollisionChecks ERROR - AnimLinkup->BoneToTrackTable for bone 130 returning INDEX_NONE
[1944.21] Log: DFPawn_Hero_Female_0::UpdateMeleeCollisionChecks ERROR - AnimLinkup->BoneToTrackTable for bone 130 returning INDEX_NONE
[1944.22] Log: DFPawn_Hero_Female_0::UpdateMeleeCollisionChecks ERROR - AnimLinkup->BoneToTrackTable for bone 130 returning INDEX_NONE
[1944.24] Log: DFPawn_Hero_Female_0::UpdateMeleeCollisionChecks ERROR - AnimLinkup->BoneToTrackTable for bone 130 returning INDEX_NONE
[1944.26] Log: DFPawn_Hero_Female_0::UpdateMeleeCollisionChecks ERROR - AnimLinkup->BoneToTrackTable for bone 130 returning INDEX_NONE
[1944.28] Log: DFPawn_Hero_Female_0::UpdateMeleeCollisionChecks ERROR - AnimLinkup->BoneToTrackTable for bone 130 returning INDEX_NONE
[1944.29] Log: DFPawn_Hero_Female_0::UpdateMeleeCollisionChecks ERROR - AnimLinkup->BoneToTrackTable for bone 130 returning INDEX_NONE
[1944.31] Log: DFPawn_Hero_Female_0::UpdateMeleeCollisionChecks ERROR - AnimLinkup->BoneToTrackTable for bone 130 returning INDEX_NONE
[1944.33] Log: DFPawn_Hero_Female_0::UpdateMeleeCollisionChecks ERROR - AnimLinkup->BoneToTrackTable for bone 130 returning INDEX_NONE
[1944.34] Log: DFPawn_Hero_Female_0::UpdateMeleeCollisionChecks ERROR - AnimLinkup->BoneToTrackTable for bone 130 returning INDEX_NONE
[1944.36] Log: DFPawn_Hero_Female_0::UpdateMeleeCollisionChecks ERROR - AnimLinkup->BoneToTrackTable for bone 130 returning INDEX_NONE
[1944.37] Log: DFPawn_Hero_Female_0::UpdateMeleeCollisionChecks ERROR - AnimLinkup->BoneToTrackTable for bone 130 returning INDEX_NONE
[1944.39] Log: DFPawn_Hero_Female_0::UpdateMeleeCollisionChecks ERROR - AnimLinkup->BoneToTrackTable for bone 130 returning INDEX_NONE
[1944.41] Log: DFPawn_Hero_Female_0::UpdateMeleeCollisionChecks ERROR - AnimLinkup->BoneToTrackTable for bone 130 returning INDEX_NONE
[1944.43] Log: DFPawn_Hero_Female_0::UpdateMeleeCollisionChecks ERROR - AnimLinkup->BoneToTrackTable for bone 130 returning INDEX_NONE
[1944.44] Log: DFPawn_Hero_Female_0::UpdateMeleeCollisionChecks ERROR - AnimLinkup->BoneToTrackTable for bone 130 returning INDEX_NONE
[1944.46] Log: DFPawn_Hero_Female_0::UpdateMeleeCollisionChecks ERROR - AnimLinkup->BoneToTrackTable for bone 130 returning INDEX_NONE
[1944.48] Log: DFPawn_Hero_Female_0::UpdateMeleeCollisionChecks ERROR - AnimLinkup->BoneToTrackTable for bone 130 returning INDEX_NONE
[1944.49] Log: DFPawn_Hero_Female_0::UpdateMeleeCollisionChecks ERROR - AnimLinkup->BoneToTrackTable for bone 130 returning INDEX_NONE
[1944.51] Log: DFPawn_Hero_Female_0::UpdateMeleeCollisionChecks ERROR - AnimLinkup->BoneToTrackTable for bone 130 returning INDEX_NONE
[1944.53] Log: DFPawn_Hero_Female_0::UpdateMeleeCollisionChecks ERROR - AnimLinkup->BoneToTrackTable for bone 130 returning INDEX_NONE
[1944.55] Log: DFPawn_Hero_Female_0::UpdateMeleeCollisionChecks ERROR - AnimLinkup->BoneToTrackTable for bone 130 returning INDEX_NONE
[1944.55] Warning: DFNodeTurnInPlace_Player_315 - Failed, with animsequence 'inj_TurnL90' on SkeletalMeshComponent: 'inXileForgedMeshComponent_1445' whose owner is: 'DFPawn_Minotaur_5' and is of type 'ForgedMeshComponent'
[1944.55] Warning: DFNodeTurnInPlace_Player_315 - Failed, with animsequence 'inj_TurnL180' on SkeletalMeshComponent: 'inXileForgedMeshComponent_1445' whose owner is: 'DFPawn_Minotaur_5' and is of type 'ForgedMeshComponent'
[1944.56] Log: DFPawn_Hero_Female_0::UpdateMeleeCollisionChecks ERROR - AnimLinkup->BoneToTrackTable for bone 130 returning INDEX_NONE
[1944.58] Log: DFPawn_Hero_Female_0::UpdateMeleeCollisionChecks ERROR - AnimLinkup->BoneToTrackTable for bone 130 returning INDEX_NONE
[1944.60] Log: DFPawn_Hero_Female_0::UpdateMeleeCollisionChecks ERROR - AnimLinkup->BoneToTrackTable for bone 130 returning INDEX_NONE
[1944.61] Log: DFPawn_Hero_Female_0::UpdateMeleeCollisionChecks ERROR - AnimLinkup->BoneToTrackTable for bone 130 returning INDEX_NONE
[1944.63] Log: DFPawn_Hero_Female_0::UpdateMeleeCollisionChecks ERROR - AnimLinkup->BoneToTrackTable for bone 130 returning INDEX_NONE
[1944.65] Log: DFPawn_Hero_Female_0::UpdateMeleeCollisionChecks ERROR - AnimLinkup->BoneToTrackTable for bone 130 returning INDEX_NONE
[1944.66] Log: DFPawn_Hero_Female_0::UpdateMeleeCollisionChecks ERROR - AnimLinkup->BoneToTrackTable for bone 130 returning INDEX_NONE
[1944.68] Log: DFPawn_Hero_Female_0::UpdateMeleeCollisionChecks ERROR - AnimLinkup->BoneToTrackTable for bone 130 returning INDEX_NONE
[1944.70] Log: DFPawn_Hero_Female_0::UpdateMeleeCollisionChecks ERROR - AnimLinkup->BoneToTrackTable for bone 130 returning INDEX_NONE
[1944.71] Log: DFPawn_Hero_Female_0::UpdateMeleeCollisionChecks ERROR - AnimLinkup->BoneToTrackTable for bone 130 returning INDEX_NONE
[1944.73] Log: DFPawn_Hero_Female_0::UpdateMeleeCollisionChecks ERROR - AnimLinkup->BoneToTrackTable for bone 130 returning INDEX_NONE
[1944.75] Log: DFPawn_Hero_Female_0::UpdateMeleeCollisionChecks ERROR - AnimLinkup->BoneToTrackTable for bone 130 returning INDEX_NONE
[1944.76] Log: DFPawn_Hero_Female_0::UpdateMeleeCollisionChecks ERROR - AnimLinkup->BoneToTrackTable for bone 130 returning INDEX_NONE
[1944.78] Log: DFPawn_Hero_Female_0::UpdateMeleeCollisionChecks ERROR - AnimLinkup->BoneToTrackTable for bone 130 returning INDEX_NONE
[1944.80] Log: DFPawn_Hero_Female_0::UpdateMeleeCollisionChecks ERROR - AnimLinkup->BoneToTrackTable for bone 130 returning INDEX_NONE
[1944.82] Log: DFPawn_Hero_Female_0::UpdateMeleeCollisionChecks ERROR - AnimLinkup->BoneToTrackTable for bone 130 returning INDEX_NONE
[1944.83] Log: DFPawn_Hero_Female_0::UpdateMeleeCollisionChecks ERROR - AnimLinkup->BoneToTrackTable for bone 130 returning INDEX_NONE
[1944.85] Log: DFPawn_Hero_Female_0::UpdateMeleeCollisionChecks ERROR - AnimLinkup->BoneToTrackTable for bone 130 returning INDEX_NONE
[1944.87] Log: DFPawn_Hero_Female_0::UpdateMeleeCollisionChecks ERROR - AnimLinkup->BoneToTrackTable for bone 130 returning INDEX_NONE
[1944.88] Log: DFPawn_Hero_Female_0::UpdateMeleeCollisionChecks ERROR - AnimLinkup->BoneToTrackTable for bone 130 returning INDEX_NONE
[1944.90] Log: DFPawn_Hero_Female_0::UpdateMeleeCollisionChecks ERROR - AnimLinkup->BoneToTrackTable for bone 130 returning INDEX_NONE
[1944.92] Log: DFPawn_Hero_Female_0::UpdateMeleeCollisionChecks ERROR - AnimLinkup->BoneToTrackTable for bone 130 returning INDEX_NONE
[1944.93] Log: DFPawn_Hero_Female_0::UpdateMeleeCollisionChecks ERROR - AnimLinkup->BoneToTrackTable for bone 130 returning INDEX_NONE
[1944.95] Log: DFPawn_Hero_Female_0::UpdateMeleeCollisionChecks ERROR - AnimLinkup->BoneToTrackTable for bone 130 returning INDEX_NONE
[1944.97] Log: DFPawn_Hero_Female_0::UpdateMeleeCollisionChecks ERROR - AnimLinkup->BoneToTrackTable for bone 130 returning INDEX_NONE
[1944.99] Log: DFPawn_Hero_Female_0::UpdateMeleeCollisionChecks ERROR - AnimLinkup->BoneToTrackTable for bone 130 returning INDEX_NONE
[1945.00] Log: DFPawn_Hero_Female_0::UpdateMeleeCollisionChecks ERROR - AnimLinkup->BoneToTrackTable for bone 130 returning INDEX_NONE
[1945.02] Log: DFPawn_Hero_Female_0::UpdateMeleeCollisionChecks ERROR - AnimLinkup->BoneToTrackTable for bone 130 returning INDEX_NONE
[1945.04] Log: DFPawn_Hero_Female_0::UpdateMeleeCollisionChecks ERROR - AnimLinkup->BoneToTrackTable for bone 130 returning INDEX_NONE
[1945.43] DevOnline: Listening for lan beacon requests on 6777
[1947.44] Log: Could not find FMC creator for PSC UGC-Persistent.TheWorld:PersistentLevel.DFPawn_Nid_55.inXileParticleSystemComponent_4867 completion callback, message None
[1950.04] Warning: DFNodeTurnInPlace_Player_315 - Failed, with animsequence 'inj_TurnR90' on SkeletalMeshComponent: 'inXileForgedMeshComponent_1445' whose owner is: 'DFPawn_Minotaur_5' and is of type 'ForgedMeshComponent'
[1950.04] Warning: DFNodeTurnInPlace_Player_315 - Failed, with animsequence 'inj_TurnL180' on SkeletalMeshComponent: 'inXileForgedMeshComponent_1445' whose owner is: 'DFPawn_Minotaur_5' and is of type 'ForgedMeshComponent'
[1950.43] DevOnline: Can't free search results while the search is in progress
[1950.43] DevOnline: Listening for lan beacon requests on 6777
[1953.21] Log: Could not find FMC creator for PSC UGC-Persistent.TheWorld:PersistentLevel.DFPawn_Hero_Male_0.inXileParticleSystemComponent_34 completion callback, message None
[1953.50] Log: Could not find FMC creator for PSC UGC-Persistent.TheWorld:PersistentLevel.DFPawn_Nid_55.inXileParticleSystemComponent_4867 completion callback, message None
[1954.44] DevOnline: Listening for lan beacon requests on 6777
[1957.22] Error: ApplyNewRBState() called for kinematic actor DFDroppedPickup_204
[1957.22] Error: ApplyNewRBState() called for kinematic actor DFDroppedPickup_Shield_27
[1957.27] MP_Weapons_Native: SetAttackSkillObjectByName() failed, due to not having a prev. ASO - DFWeaponAttachment_Melee_59
[1957.29] Error: ApplyNewRBState() called for kinematic actor DFDroppedPickup_Shield_27
[1957.36] Error: ApplyNewRBState() called for kinematic actor DFDroppedPickup_204
[1958.73] ScriptWarning: Accessed None 'CurrentWeaponAttachment'
	DFWeaponAttachment_Melee UGC-Persistent.TheWorld:PersistentLevel.DFWeaponAttachment_Melee_58
	Function DFGame.DFWeaponAttachment:Cleanup:0152
[1959.02] Log: Could not find FMC creator for PSC UGC-Persistent.TheWorld:PersistentLevel.DFPawn_Hero_Female_0.inXileParticleSystemComponent_5138 completion callback, message None
[1959.02] Log: Could not find FMC creator for PSC UGC-Persistent.TheWorld:PersistentLevel.DFPawn_Hero_Female_0.inXileParticleSystemComponent_5139 completion callback, message None
[1959.12] MP_Weapons_Native: SetAttackSkillObjectByName() failed, due to not having a prev. ASO - DFWeaponAttachment_Ranged_Spell_49
[1959.36] ScriptWarning: Accessed None 'ChargeSound'
	DFSpecialMove_ChargeMove UGC-Persistent.TheWorld:PersistentLevel.DFSpecialMove_ChargeMove_5
	Function DFGame.DFSpecialMove_ChargeMove:StartSpecialMove:009F
[1959.37] ScriptWarning: Accessed None 'ChargeSound'
	DFSpecialMove_ChargeMove UGC-Persistent.TheWorld:PersistentLevel.DFSpecialMove_ChargeMove_5
	Function DFGame.DFSpecialMove_ChargeMove:StopSpecialMove:009C
[1959.37] ScriptWarning: Accessed None 'ChargeSound'
	DFSpecialMove_ChargeMove UGC-Persistent.TheWorld:PersistentLevel.DFSpecialMove_ChargeMove_5
	Function DFGame.DFSpecialMove_ChargeMove:StartSpecialMove:009F
[1959.46] DevOnline: Listening for lan beacon requests on 6777
[1959.83] Warning: DFNodeTurnInPlace_Player_307 - Failed, with animsequence 'inj_TurnR180' on SkeletalMeshComponent: 'inXileForgedMeshComponent_1437' whose owner is: 'DFPawn_Minotaur_4' and is of type 'ForgedMeshComponent'
[1960.41] ScriptWarning: Accessed None 'ChargeSound'
	DFSpecialMove_ChargeMove UGC-Persistent.TheWorld:PersistentLevel.DFSpecialMove_ChargeMove_5
	Function DFGame.DFSpecialMove_ChargeMove:StopSpecialMove:009C
[1961.22] Log: Could not find FMC creator for PSC UGC-Persistent.TheWorld:PersistentLevel.DFPawn_Hero_Female_0.inXileParticleSystemComponent_5144 completion callback, message None
[1961.46] Warning: DFNodeTurnInPlace_Player_315 - Failed, with animsequence 'inj_TurnR90' on SkeletalMeshComponent: 'inXileForgedMeshComponent_1445' whose owner is: 'DFPawn_Minotaur_5' and is of type 'ForgedMeshComponent'
[1961.46] Warning: DFNodeTurnInPlace_Player_315 - Failed, with animsequence 'inj_TurnL180' on SkeletalMeshComponent: 'inXileForgedMeshComponent_1445' whose owner is: 'DFPawn_Minotaur_5' and is of type 'ForgedMeshComponent'
[1962.27] Log: UAnimNodeSlot::PlayAnim - AnimSequence for RunToCovLo70 not found
[1962.36] ScriptWarning: Accessed None 'ChargeSound'
	DFSpecialMove_ChargeMove UGC-Persistent.TheWorld:PersistentLevel.DFSpecialMove_ChargeMove_4
	Function DFGame.DFSpecialMove_ChargeMove:StartSpecialMove:009F
[1962.37] ScriptWarning: Accessed None 'ChargeSound'
	DFSpecialMove_ChargeMove UGC-Persistent.TheWorld:PersistentLevel.DFSpecialMove_ChargeMove_4
	Function DFGame.DFSpecialMove_ChargeMove:StopSpecialMove:009C
[1962.37] ScriptWarning: Accessed None 'ChargeSound'
	DFSpecialMove_ChargeMove UGC-Persistent.TheWorld:PersistentLevel.DFSpecialMove_ChargeMove_4
	Function DFGame.DFSpecialMove_ChargeMove:StartSpecialMove:009F
[1963.07] ScriptWarning: Accessed None 'ChargeSound'
	DFSpecialMove_ChargeMove UGC-Persistent.TheWorld:PersistentLevel.DFSpecialMove_ChargeMove_4
	Function DFGame.DFSpecialMove_ChargeMove:StopSpecialMove:009C
[1963.41] Log: Could not find FMC creator for PSC UGC-Persistent.TheWorld:PersistentLevel.DFPawn_Hero_Female_0.inXileParticleSystemComponent_5145 completion callback, message None
[1963.46] DevOnline: Listening for lan beacon requests on 6777
[1964.14] Warning: DFNodeTurnInPlace_Player_307 - Failed, with animsequence 'inj_TurnR180' on SkeletalMeshComponent: 'inXileForgedMeshComponent_1437' whose owner is: 'DFPawn_Minotaur_4' and is of type 'ForgedMeshComponent'
[1967.83] Log: Could not find FMC creator for PSC UGC-Persistent.TheWorld:PersistentLevel.DFPawn_Nid_55.inXileParticleSystemComponent_4867 completion callback, message None
[1968.47] DevOnline: Listening for lan beacon requests on 6777
[1970.42] Warning: DFNodeTurnInPlace_Player_307 - Failed, with animsequence 'inj_TurnR45' on SkeletalMeshComponent: 'inXileForgedMeshComponent_1437' whose owner is: 'DFPawn_Minotaur_4' and is of type 'ForgedMeshComponent'
[1971.33] Error: ApplyNewRBState() called for kinematic actor DFDroppedPickup_209
[1971.39] MP_Weapons_Native: SetAttackSkillObjectByName() failed, due to not having a prev. ASO - DFWeaponAttachment_Ranged_Bow_52
[1971.40] Error: ApplyNewRBState() called for kinematic actor DFDroppedPickup_209
[1972.47] DevOnline: Listening for lan beacon requests on 6777
[1974.39] Log: Could not find FMC creator for PSC UGC-Persistent.TheWorld:PersistentLevel.DFPawn_Nid_56.inXileParticleSystemComponent_5181 completion callback, message None
[1977.49] DevOnline: Listening for lan beacon requests on 6777
[1980.03] Log: Could not find FMC creator for PSC UGC-Persistent.TheWorld:PersistentLevel.DFPawn_Hero_Male_0.inXileParticleSystemComponent_5062 completion callback, message None
[1981.50] DevOnline: Listening for lan beacon requests on 6777
[1982.10] MP_Weapons_Native: SetAttackSkillObjectByName() failed, due to not having a prev. ASO - DFWeaponAttachment_Ranged_Spell_50
[1984.06] Log: Could not find FMC creator for PSC UGC-Persistent.TheWorld:PersistentLevel.DFPawn_Hero_Male_0.inXileParticleSystemComponent_5205 completion callback, message None
[1986.52] DevOnline: Listening for lan beacon requests on 6777
[1987.45] Log: Could not find FMC creator for PSC UGC-Persistent.TheWorld:PersistentLevel.DFPawn_Hero_Male_0.inXileParticleSystemComponent_5206 completion callback, message None
[1988.99] ScriptWarning: Accessed None 'RunSound'
	DFSpecialMove_RoadieRun UGC-Persistent.TheWorld:PersistentLevel.DFSpecialMove_RoadieRun_1
	Function DFGame.DFSpecialMove_RoadieRun:StartSpecialMove:04EF
[1989.01] ScriptWarning: Accessed None 'RunSound'
	DFSpecialMove_RoadieRun UGC-Persistent.TheWorld:PersistentLevel.DFSpecialMove_RoadieRun_1
	Function DFGame.DFSpecialMove_RoadieRun:StopSpecialMove:0174
[1990.04] MP_Weapons_Native: SetAttackSkillObjectByName() failed, due to not having a prev. ASO - DFWeaponAttachment_Ranged_Bow_53
[1990.53] DevOnline: Listening for lan beacon requests on 6777
[1992.45] ScriptWarning: Accessed None 'CurrentWeaponAttachment'
	DFWeaponAttachment_Ranged_Spell UGC-Persistent.TheWorld:PersistentLevel.DFWeaponAttachment_Ranged_Spell_49
	Function DFGame.DFWeaponAttachment:Cleanup:0152
[1992.71] MP_Weapons_Native: SetAttackSkillObjectByName() failed, due to not having a prev. ASO - DFWeaponAttachment_Melee_60
[1995.54] DevOnline: Listening for lan beacon requests on 6777
[1999.55] DevOnline: Listening for lan beacon requests on 6777
[2000.38] ScriptWarning: Accessed None 'ChargeSound'
	DFSpecialMove_ChargeMove UGC-Persistent.TheWorld:PersistentLevel.DFSpecialMove_ChargeMove_4
	Function DFGame.DFSpecialMove_ChargeMove:StartSpecialMove:009F
[2000.40] ScriptWarning: Accessed None 'ChargeSound'
	DFSpecialMove_ChargeMove UGC-Persistent.TheWorld:PersistentLevel.DFSpecialMove_ChargeMove_4
	Function DFGame.DFSpecialMove_ChargeMove:StopSpecialMove:009C
[2000.40] ScriptWarning: Accessed None 'ChargeSound'
	DFSpecialMove_ChargeMove UGC-Persistent.TheWorld:PersistentLevel.DFSpecialMove_ChargeMove_4
	Function DFGame.DFSpecialMove_ChargeMove:StartSpecialMove:009F
[2000.54] Error: ApplyNewRBState() called for kinematic actor DFDroppedPickup_210
[2000.54] Error: ApplyNewRBState() called for kinematic actor DFDroppedPickup_211
[2000.57] MP_Weapons_Native: SetAttackSkillObjectByName() failed, due to not having a prev. ASO - DFWeaponAttachment_Ranged_Bow_54
[2000.60] Error: ApplyNewRBState() called for kinematic actor DFDroppedPickup_210
[2000.60] Error: ApplyNewRBState() called for kinematic actor DFDroppedPickup_211
[2001.18] Log: Could not find FMC creator for PSC UGC-Persistent.TheWorld:PersistentLevel.DFPawn_Hero_Male_0.inXileParticleSystemComponent_34 completion callback, message None
[2001.38] ScriptWarning: Accessed None 'ChargeSound'
	DFSpecialMove_ChargeMove UGC-Persistent.TheWorld:PersistentLevel.DFSpecialMove_ChargeMove_4
	Function DFGame.DFSpecialMove_ChargeMove:StopSpecialMove:009C
[2002.47] Warning: DFNodeTurnInPlace_Player_307 - Failed, with animsequence 'inj_TurnL90' on SkeletalMeshComponent: 'inXileForgedMeshComponent_1437' whose owner is: 'DFPawn_Minotaur_4' and is of type 'ForgedMeshComponent'
[2004.55] DevOnline: Can't free search results while the search is in progress
[2004.55] DevOnline: Listening for lan beacon requests on 6777
[2005.69] ScriptWarning: Accessed None 'CurrentWeaponAttachment'
	DFWeaponAttachment_Melee UGC-Persistent.TheWorld:PersistentLevel.DFWeaponAttachment_Melee_60
	Function DFGame.DFWeaponAttachment:Cleanup:0152
[2005.98] Log: Could not find FMC creator for PSC UGC-Persistent.TheWorld:PersistentLevel.DFPawn_Hero_Female_0.inXileParticleSystemComponent_5279 completion callback, message None
[2005.98] Log: Could not find FMC creator for PSC UGC-Persistent.TheWorld:PersistentLevel.DFPawn_Hero_Female_0.inXileParticleSystemComponent_5280 completion callback, message None
[2006.10] MP_Weapons_Native: SetAttackSkillObjectByName() failed, due to not having a prev. ASO - DFWeaponAttachment_Ranged_Spell_51
[2007.37] Log: Could not find FMC creator for PSC UGC-Persistent.TheWorld:PersistentLevel.DFPawn_Nid_57.inXileParticleSystemComponent_5264 completion callback, message None
[2008.57] DevOnline: Listening for lan beacon requests on 6777
[2009.75] MP_Weapons_Native: SetAttackSkillObjectByName() failed, due to not having a prev. ASO - DFWeaponAttachment_Ranged_Spell_52
[2009.89] Warning: DFNodeTurnInPlace_Player_307 - Failed, with animsequence 'inj_TurnL90' on SkeletalMeshComponent: 'inXileForgedMeshComponent_1437' whose owner is: 'DFPawn_Minotaur_4' and is of type 'ForgedMeshComponent'
[2009.89] Warning: DFNodeTurnInPlace_Player_307 - Failed, with animsequence 'inj_TurnL90' on SkeletalMeshComponent: 'inXileForgedMeshComponent_1437' whose owner is: 'DFPawn_Minotaur_4' and is of type 'ForgedMeshComponent'
[2011.93] Error: ApplyNewRBState() called for kinematic actor DFDroppedPickup_214
[2011.93] Error: ApplyNewRBState() called for kinematic actor DFDroppedPickup_215
[2011.99] Error: ApplyNewRBState() called for kinematic actor DFDroppedPickup_213
[2011.99] Error: ApplyNewRBState() called for kinematic actor DFDroppedPickup_214
[2011.99] Error: ApplyNewRBState() called for kinematic actor DFDroppedPickup_215
[2013.58] DevOnline: Can't free search results while the search is in progress
[2013.58] DevOnline: Listening for lan beacon requests on 6777
[2016.35] Error: ApplyNewRBState() called for kinematic actor DFDroppedPickup_Shield_28
[2016.35] Error: ApplyNewRBState() called for kinematic actor DFDroppedPickup_216
[2016.42] Error: ApplyNewRBState() called for kinematic actor DFDroppedPickup_Shield_28
[2016.42] Error: ApplyNewRBState() called for kinematic actor DFDroppedPickup_216
[2017.59] DevOnline: Listening for lan beacon requests on 6777
[2019.84] Log: Could not find FMC creator for PSC UGC-Persistent.TheWorld:PersistentLevel.DFPawn_Nid_57.inXileParticleSystemComponent_5264 completion callback, message None
[2020.31] MP_Weapons_Native: SetAttackSkillObjectByName() failed, due to not having a prev. ASO - DFWeaponAttachment_Ranged_Bow_55
[2022.60] DevOnline: Listening for lan beacon requests on 6777
[2025.35] ScriptWarning: Accessed None 'CurrentWeaponAttachment'
	DFWeaponAttachment_Ranged_Spell UGC-Persistent.TheWorld:PersistentLevel.DFWeaponAttachment_Ranged_Spell_51
	Function DFGame.DFWeaponAttachment:Cleanup:0152
[2025.64] MP_Weapons_Native: SetAttackSkillObjectByName() failed, due to not having a prev. ASO - DFWeaponAttachment_Melee_61
[2026.23] Log: Could not find FMC creator for PSC UGC-Persistent.TheWorld:PersistentLevel.DFPawn_Nid_57.inXileParticleSystemComponent_5264 completion callback, message None
[2026.60] DevOnline: Listening for lan beacon requests on 6777
[2031.62] DevOnline: Listening for lan beacon requests on 6777
[2035.62] DevOnline: Listening for lan beacon requests on 6777
[2038.67] Error: ApplyNewRBState() called for kinematic actor DFDroppedPickup_219
[2038.74] Error: ApplyNewRBState() called for kinematic actor DFDroppedPickup_219
[2040.64] DevOnline: Listening for lan beacon requests on 6777
[2044.65] DevOnline: Listening for lan beacon requests on 6777
[2046.35] ScriptWarning: Accessed None 'CurrentWeaponAttachment'
	DFWeaponAttachment_Melee UGC-Persistent.TheWorld:PersistentLevel.DFWeaponAttachment_Melee_61
	Function DFGame.DFWeaponAttachment:Cleanup:0152
[2046.64] Log: Could not find FMC creator for PSC UGC-Persistent.TheWorld:PersistentLevel.DFPawn_Hero_Female_0.inXileParticleSystemComponent_5398 completion callback, message None
[2046.64] Log: Could not find FMC creator for PSC UGC-Persistent.TheWorld:PersistentLevel.DFPawn_Hero_Female_0.inXileParticleSystemComponent_5399 completion callback, message None
[2046.74] MP_Weapons_Native: SetAttackSkillObjectByName() failed, due to not having a prev. ASO - DFWeaponAttachment_Ranged_Spell_53
[2047.94] Log: Could not find FMC creator for PSC UGC-Persistent.TheWorld:PersistentLevel.DFPawn_Hero_Female_0.inXileParticleSystemComponent_5404 completion callback, message None
[2049.65] DevOnline: Listening for lan beacon requests on 6777
[2050.11] Log: Could not find FMC creator for PSC UGC-Persistent.TheWorld:PersistentLevel.DFPawn_Hero_Female_0.inXileParticleSystemComponent_5405 completion callback, message None
[2053.67] DevOnline: Listening for lan beacon requests on 6777
[2058.67] DevOnline: Listening for lan beacon requests on 6777
[2062.68] DevOnline: Listening for lan beacon requests on 6777
[2066.34] Log: Could not find FMC creator for PSC UGC-Persistent.TheWorld:PersistentLevel.DFPawn_Hero_Male_0.inXileParticleSystemComponent_5347 completion callback, message None
[2067.69] DevOnline: Listening for lan beacon requests on 6777
[2069.98] ScriptWarning: Accessed None 'CurrentWeaponAttachment'
	DFWeaponAttachment_Ranged_Spell UGC-Persistent.TheWorld:PersistentLevel.DFWeaponAttachment_Ranged_Spell_53
	Function DFGame.DFWeaponAttachment:Cleanup:0152
[2070.27] MP_Weapons_Native: SetAttackSkillObjectByName() failed, due to not having a prev. ASO - DFWeaponAttachment_Melee_62
[2071.71] DevOnline: Listening for lan beacon requests on 6777
[2076.72] DevOnline: Listening for lan beacon requests on 6777
[2078.66] Warning: DFNodeTurnInPlace_Player_315 - Failed, with animsequence 'inj_TurnR90' on SkeletalMeshComponent: 'inXileForgedMeshComponent_1445' whose owner is: 'DFPawn_Minotaur_5' and is of type 'ForgedMeshComponent'
[2078.66] Warning: DFNodeTurnInPlace_Player_315 - Failed, with animsequence 'inj_TurnL180' on SkeletalMeshComponent: 'inXileForgedMeshComponent_1445' whose owner is: 'DFPawn_Minotaur_5' and is of type 'ForgedMeshComponent'
[2078.66] Log: DFPawn_Minotaur_5 PLAYSOUND with no sound cue called from HandleDeflect
[2078.66] Log: Script call stack:
	Function DFGame.DFForgedMeshProjectile_Arrow:HandleDeflect
	Function DFGame.DFForgedMeshProjectile:HandleDeflect

[2078.66] Log: DFPawn_Minotaur_5 PLAYSOUND with no sound cue called from HandleDeflect
[2078.66] Log: Script call stack:
	Function DFGame.DFForgedMeshProjectile_Arrow:HandleDeflect
	Function DFGame.DFForgedMeshProjectile:HandleDeflect

[2080.69] Error: ApplyNewRBState() called for kinematic actor DFDroppedPickup_221
[2080.69] Error: ApplyNewRBState() called for kinematic actor DFDroppedPickup_223
[2080.73] DevOnline: Listening for lan beacon requests on 6777
[2080.74] MP_Weapons_Native: SetAttackSkillObjectByName() failed, due to not having a prev. ASO - DFWeaponAttachment_Melee_63
[2080.76] Error: ApplyNewRBState() called for kinematic actor DFDroppedPickup_221
[2080.76] Error: ApplyNewRBState() called for kinematic actor DFDroppedPickup_223
[2085.74] DevOnline: Listening for lan beacon requests on 6777
[2087.23] ScriptWarning: Accessed None 'CurrentWeaponAttachment'
	DFWeaponAttachment_Melee UGC-Persistent.TheWorld:PersistentLevel.DFWeaponAttachment_Melee_62
	Function DFGame.DFWeaponAttachment:Cleanup:0152
[2087.52] Log: Could not find FMC creator for PSC UGC-Persistent.TheWorld:PersistentLevel.DFPawn_Hero_Female_0.inXileParticleSystemComponent_5489 completion callback, message None
[2087.52] Log: Could not find FMC creator for PSC UGC-Persistent.TheWorld:PersistentLevel.DFPawn_Hero_Female_0.inXileParticleSystemComponent_5490 completion callback, message None
[2087.62] MP_Weapons_Native: SetAttackSkillObjectByName() failed, due to not having a prev. ASO - DFWeaponAttachment_Ranged_Spell_54
[2088.61] MP_Weapons_Native: SetAttackSkillObjectByName() failed, due to not having a prev. ASO - DFWeaponAttachment_Ranged_Spell_55
[2089.74] DevOnline: Listening for lan beacon requests on 6777
[2090.10] Log: Could not find FMC creator for PSC UGC-Persistent.TheWorld:PersistentLevel.DFPawn_Hero_Female_0.inXileParticleSystemComponent_5495 completion callback, message None
[2090.74] Log: Could not find FMC creator for PSC UGC-Persistent.TheWorld:PersistentLevel.DFPawn_Hero_Male_0.inXileParticleSystemComponent_5501 completion callback, message None
[2092.33] Log: Could not find FMC creator for PSC UGC-Persistent.TheWorld:PersistentLevel.DFPawn_Hero_Female_0.inXileParticleSystemComponent_5496 completion callback, message None
[2092.86] Log: Could not find FMC creator for PSC UGC-Persistent.TheWorld:PersistentLevel.DFPawn_Hero_Male_0.inXileParticleSystemComponent_5502 completion callback, message None
[2093.15] Warning: DFNodeTurnInPlace_Player_331 - Failed, with animsequence 'inj_TurnL45' on SkeletalMeshComponent: 'inXileForgedMeshComponent_1572' whose owner is: 'DFPawn_Minotaur_6' and is of type 'ForgedMeshComponent'
[2093.94] Warning: DFNodeTurnInPlace_Player_331 - Failed, with animsequence 'inj_TurnR45' on SkeletalMeshComponent: 'inXileForgedMeshComponent_1572' whose owner is: 'DFPawn_Minotaur_6' and is of type 'ForgedMeshComponent'
[2094.74] DevOnline: Listening for lan beacon requests on 6777
[2095.64] MP_Weapons_Native: SetAttackSkillObjectByName() failed, due to not having a prev. ASO - DFWeaponAttachment_Ranged_Bow_56
[2096.56] ScriptWarning: Accessed None 'CurrentWeaponAttachment'
	DFWeaponAttachment_Ranged_Spell UGC-Persistent.TheWorld:PersistentLevel.DFWeaponAttachment_Ranged_Spell_54
	Function DFGame.DFWeaponAttachment:Cleanup:0152
[2096.82] MP_Weapons_Native: SetAttackSkillObjectByName() failed, due to not having a prev. ASO - DFWeaponAttachment_Melee_64
[2098.76] DevOnline: Listening for lan beacon requests on 6777
[2098.88] ScriptWarning: Accessed None 'ChargeSound'
	DFSpecialMove_ChargeMove UGC-Persistent.TheWorld:PersistentLevel.DFSpecialMove_ChargeMove_6
	Function DFGame.DFSpecialMove_ChargeMove:StartSpecialMove:009F
[2099.78] ScriptWarning: Accessed None 'ChargeSound'
	DFSpecialMove_ChargeMove UGC-Persistent.TheWorld:PersistentLevel.DFSpecialMove_ChargeMove_6
	Function DFGame.DFSpecialMove_ChargeMove:StopSpecialMove:009C
[2100.86] Warning: DFNodeTurnInPlace_Player_331 - Failed, with animsequence 'inj_TurnL90' on SkeletalMeshComponent: 'inXileForgedMeshComponent_1572' whose owner is: 'DFPawn_Minotaur_6' and is of type 'ForgedMeshComponent'
[2101.27] ScriptWarning: Accessed None 'CurrentWeaponAttachment'
	DFWeaponAttachment_Melee UGC-Persistent.TheWorld:PersistentLevel.DFWeaponAttachment_Melee_64
	Function DFGame.DFWeaponAttachment:Cleanup:0152
[2101.56] Log: Could not find FMC creator for PSC UGC-Persistent.TheWorld:PersistentLevel.DFPawn_Hero_Female_0.inXileParticleSystemComponent_5538 completion callback, message None
[2101.56] Log: Could not find FMC creator for PSC UGC-Persistent.TheWorld:PersistentLevel.DFPawn_Hero_Female_0.inXileParticleSystemComponent_5539 completion callback, message None
[2101.62] MP_Weapons_Native: SetAttackSkillObjectByName() failed, due to not having a prev. ASO - DFWeaponAttachment_Ranged_Spell_56
[2102.96] Warning: DFNodeTurnInPlace_Player_331 - Failed, with animsequence 'inj_TurnL90' on SkeletalMeshComponent: 'inXileForgedMeshComponent_1572' whose owner is: 'DFPawn_Minotaur_6' and is of type 'ForgedMeshComponent'
[2102.98] Warning: DFNodeTurnInPlace_Player_331 - Failed, with animsequence 'inj_TurnL90' on SkeletalMeshComponent: 'inXileForgedMeshComponent_1572' whose owner is: 'DFPawn_Minotaur_6' and is of type 'ForgedMeshComponent'
[2102.98] Warning: DFNodeTurnInPlace_Player_331 - Failed, with animsequence 'inj_TurnL180' on SkeletalMeshComponent: 'inXileForgedMeshComponent_1572' whose owner is: 'DFPawn_Minotaur_6' and is of type 'ForgedMeshComponent'
[2103.77] DevOnline: Listening for lan beacon requests on 6777
[2103.83] Warning: DFNodeTurnInPlace_Player_331 - Failed, with animsequence 'inj_TurnL90' on SkeletalMeshComponent: 'inXileForgedMeshComponent_1572' whose owner is: 'DFPawn_Minotaur_6' and is of type 'ForgedMeshComponent'
[2103.83] Warning: DFNodeTurnInPlace_Player_331 - Failed, with animsequence 'inj_TurnL180' on SkeletalMeshComponent: 'inXileForgedMeshComponent_1572' whose owner is: 'DFPawn_Minotaur_6' and is of type 'ForgedMeshComponent'
[2107.51] ScriptWarning: Accessed None 'RunSound'
	DFSpecialMove_RoadieRun UGC-Persistent.TheWorld:PersistentLevel.DFSpecialMove_RoadieRun_1
	Function DFGame.DFSpecialMove_RoadieRun:StartSpecialMove:04EF
[2107.60] ScriptWarning: Accessed None 'RunSound'
	DFSpecialMove_RoadieRun UGC-Persistent.TheWorld:PersistentLevel.DFSpecialMove_RoadieRun_1
	Function DFGame.DFSpecialMove_RoadieRun:StopSpecialMove:0174
[2107.79] DevOnline: Listening for lan beacon requests on 6777
[2108.13] ScriptWarning: Accessed None 'CurrentWeaponAttachment'
	DFWeaponAttachment_Ranged_Spell UGC-Persistent.TheWorld:PersistentLevel.DFWeaponAttachment_Ranged_Spell_56
	Function DFGame.DFWeaponAttachment:Cleanup:0152
[2108.38] MP_Weapons_Native: SetAttackSkillObjectByName() failed, due to not having a prev. ASO - DFWeaponAttachment_Melee_65
[2110.15] Warning: DFNodeTurnInPlace_Player_331 - Failed, with animsequence 'inj_TurnL90' on SkeletalMeshComponent: 'inXileForgedMeshComponent_1572' whose owner is: 'DFPawn_Minotaur_6' and is of type 'ForgedMeshComponent'
[2110.15] Warning: DFNodeTurnInPlace_Player_331 - Failed, with animsequence 'inj_TurnL180' on SkeletalMeshComponent: 'inXileForgedMeshComponent_1572' whose owner is: 'DFPawn_Minotaur_6' and is of type 'ForgedMeshComponent'
[2110.18] MP_Weapons_Native: SetAttackSkillObjectByName() failed, due to not having a prev. ASO - DFWeaponAttachment_Ranged_Spell_57
[2111.54] ScriptWarning: Accessed None 'RunSound'
	DFSpecialMove_RoadieRun UGC-Persistent.TheWorld:PersistentLevel.DFSpecialMove_RoadieRun_1
	Function DFGame.DFSpecialMove_RoadieRun:StartSpecialMove:04EF
[2111.57] ScriptWarning: Accessed None 'RunSound'
	DFSpecialMove_RoadieRun UGC-Persistent.TheWorld:PersistentLevel.DFSpecialMove_RoadieRun_1
	Function DFGame.DFSpecialMove_RoadieRun:StopSpecialMove:0174
[2112.35] Log: DFPawn_Hero_Female_0::UpdateMeleeCollisionChecks ERROR - AnimLinkup->BoneToTrackTable for bone 130 returning INDEX_NONE
[2112.37] Log: DFPawn_Hero_Female_0::UpdateMeleeCollisionChecks ERROR - AnimLinkup->BoneToTrackTable for bone 130 returning INDEX_NONE
[2112.38] Log: DFPawn_Hero_Female_0::UpdateMeleeCollisionChecks ERROR - AnimLinkup->BoneToTrackTable for bone 130 returning INDEX_NONE
[2112.40] Log: DFPawn_Hero_Female_0::UpdateMeleeCollisionChecks ERROR - AnimLinkup->BoneToTrackTable for bone 130 returning INDEX_NONE
[2112.42] Log: DFPawn_Hero_Female_0::UpdateMeleeCollisionChecks ERROR - AnimLinkup->BoneToTrackTable for bone 130 returning INDEX_NONE
[2112.44] Log: DFPawn_Hero_Female_0::UpdateMeleeCollisionChecks ERROR - AnimLinkup->BoneToTrackTable for bone 130 returning INDEX_NONE
[2112.61] ScriptWarning: Accessed None 'ChargeSound'
	DFSpecialMove_ChargeMove UGC-Persistent.TheWorld:PersistentLevel.DFSpecialMove_ChargeMove_6
	Function DFGame.DFSpecialMove_ChargeMove:StartSpecialMove:009F
[2112.79] DevOnline: Listening for lan beacon requests on 6777
[2113.11] ScriptWarning: Accessed None 'ChargeSound'
	DFSpecialMove_ChargeMove UGC-Persistent.TheWorld:PersistentLevel.DFSpecialMove_ChargeMove_6
	Function DFGame.DFSpecialMove_ChargeMove:StopSpecialMove:009C
[2114.18] Warning: DFNodeTurnInPlace_Player_331 - Failed, with animsequence 'inj_TurnL90' on SkeletalMeshComponent: 'inXileForgedMeshComponent_1572' whose owner is: 'DFPawn_Minotaur_6' and is of type 'ForgedMeshComponent'
[2114.18] Warning: DFNodeTurnInPlace_Player_331 - Failed, with animsequence 'inj_TurnL180' on SkeletalMeshComponent: 'inXileForgedMeshComponent_1572' whose owner is: 'DFPawn_Minotaur_6' and is of type 'ForgedMeshComponent'
[2115.54] MP_Weapons_Native: SetAttackSkillObjectByName() failed, due to not having a prev. ASO - DFWeaponAttachment_Ranged_Bow_57
[2116.15] Warning: DFNodeTurnInPlace_Player_331 - Failed, with animsequence 'inj_TurnL90' on SkeletalMeshComponent: 'inXileForgedMeshComponent_1572' whose owner is: 'DFPawn_Minotaur_6' and is of type 'ForgedMeshComponent'
[2116.15] Warning: DFNodeTurnInPlace_Player_331 - Failed, with animsequence 'inj_TurnL180' on SkeletalMeshComponent: 'inXileForgedMeshComponent_1572' whose owner is: 'DFPawn_Minotaur_6' and is of type 'ForgedMeshComponent'
[2116.15] Log: DFPawn_Minotaur_6 PLAYSOUND with no sound cue called from HandleDeflect
[2116.15] Log: Script call stack:
	Function DFGame.DFForgedMeshProjectile_Arrow:HandleDeflect
	Function DFGame.DFForgedMeshProjectile:HandleDeflect

[2116.79] DevOnline: Listening for lan beacon requests on 6777
[2118.18] Error: ApplyNewRBState() called for kinematic actor DFDroppedPickup_224
[2118.25] Error: ApplyNewRBState() called for kinematic actor DFDroppedPickup_224
[2119.15] Log: ADFDialogManager::PlayConversationFromScript, Conversation not found: conv_TieElara
[2121.81] DevOnline: Listening for lan beacon requests on 6777
[2125.81] DevOnline: Listening for lan beacon requests on 6777
[2130.82] DevOnline: Listening for lan beacon requests on 6777
[2134.84] DevOnline: Listening for lan beacon requests on 6777
[2139.86] DevOnline: Listening for lan beacon requests on 6777
[2142.42] ScriptWarning: Accessed None 'RunSound'
	DFSpecialMove_RoadieRun UGC-Persistent.TheWorld:PersistentLevel.DFSpecialMove_RoadieRun_1
	Function DFGame.DFSpecialMove_RoadieRun:StartSpecialMove:04EF
[2143.89] DevOnline: Listening for lan beacon requests on 6777
[2145.25] Log: APPLY TRANSFORM LEVEL from UpdateSTreamingLevels():
[2145.25] Log: APPLY TRANSFORM ROOM #6, rot.pitch=0, rot.yaw=49152, rot.roll=0;  Offset=-7943.639648,-30993.609375,-3523.423096
[2145.25] Log: APPLY TRANSFORM ROOM: UGCDungeonLayoutValues.LevelIndexCurr = 6
[2145.25] Log:  LevelData[6] setting bOffsetsApplied to TRUE
[2145.25] Log:  Flagging Level[6] to be Not Visible
[2145.25] Log:  Flagging Level[6] to be Visible
[2147.10] ScriptWarning: Accessed None 'RunSound'
	DFSpecialMove_RoadieRun UGC-Persistent.TheWorld:PersistentLevel.DFSpecialMove_RoadieRun_1
	Function DFGame.DFSpecialMove_RoadieRun:StopSpecialMove:0174
[2147.88] Log: Could not find FMC creator for PSC 000_Hallway1.TheWorld:PersistentLevel.DFPickupFactoryAlchemyObject_ShardContent_0.inXileParticleSystemComponent_4090 completion callback, message None
[2148.88] DevOnline: Listening for lan beacon requests on 6777
[2152.90] DevOnline: Listening for lan beacon requests on 6777
[2152.90] Log: Changing subtitle setting, new value: 0
[2153.01] Warning: Warning, Failed to load 'SwfMovie ?INT?GFxUI.IME.MoviePath?': Failed to find object 'SwfMovie ?INT?GFxUI.IME.MoviePath?'
[2153.01] Log: GFx attempted to load missing object [?INT?GFxUI.IME.MoviePath?]
[2157.91] DevOnline: Listening for lan beacon requests on 6777
[2161.93] DevOnline: Listening for lan beacon requests on 6777
[2166.94] DevOnline: Listening for lan beacon requests on 6777
[2170.96] DevOnline: Listening for lan beacon requests on 6777
[2173.43] Log: Changing subtitle setting, new value: 1
[2175.98] DevOnline: Listening for lan beacon requests on 6777
[2179.99] DevOnline: Listening for lan beacon requests on 6777
[2185.00] DevOnline: Can't free search results while the search is in progress
[2185.00] DevOnline: Listening for lan beacon requests on 6777
[2189.00] DevOnline: Listening for lan beacon requests on 6777
[2190.63] Log: Before HALL TRANSORM: UGCDungeonLayoutValues.LevelIndexCurr=6
[2190.63] Log: APPLY TRANSFORM Hall: xformed exit door side=2, rot.roll=0, rot.pitch=0, rot.yaw=32768;  Offset=-10528.838379,-9842.433594,-5241.414307
[2190.63] Log:  LevelData[0] setting bOffsetsApplied to TRUE
[2190.63] Log:  Flagging Level[0] to be Not Visible
[2190.63] Log:  Flagging Level[0] to be Visible
[2190.64] Log: FKAggregateGeom::InstanceNovodexGeom: (Actor: 000_Hallway1.TheWorld:PersistentLevel.StaticMeshActor_241 Component: StaticMeshComponent_1808 StaticMesh: ES3_EnviroProps.Meshes.S_WebPlane) No geometries in FKAggregateGeom.
[2190.64] Log: URB_BodyInstance::InitBody : Could not create new Shape: Actor: 000_Hallway1.TheWorld:PersistentLevel.StaticMeshActor_241 Component: StaticMeshComponent_1808 StaticMesh: ES3_EnviroProps.Meshes.S_WebPlane
[2190.64] Log: FKAggregateGeom::InstanceNovodexGeom: (Actor: 000_Hallway1.TheWorld:PersistentLevel.StaticMeshActor_298 Component: StaticMeshComponent_1808 StaticMesh: ES3_EnviroProps.Meshes.S_WebPlane) No geometries in FKAggregateGeom.
[2190.64] Log: URB_BodyInstance::InitBody : Could not create new Shape: Actor: 000_Hallway1.TheWorld:PersistentLevel.StaticMeshActor_298 Component: StaticMeshComponent_1808 StaticMesh: ES3_EnviroProps.Meshes.S_WebPlane
[2190.64] Log: FKAggregateGeom::InstanceNovodexGeom: (Actor: 000_Hallway1.TheWorld:PersistentLevel.StaticMeshActor_191 Component: StaticMeshComponent_1808 StaticMesh: ES3_EnviroProps.Meshes.S_WebPlane) No geometries in FKAggregateGeom.
[2190.64] Log: URB_BodyInstance::InitBody : Could not create new Shape: Actor: 000_Hallway1.TheWorld:PersistentLevel.StaticMeshActor_191 Component: StaticMeshComponent_1808 StaticMesh: ES3_EnviroProps.Meshes.S_WebPlane
[2191.09] ScriptWarning: Accessed None 'CurrentWeaponAttachment'
	DFWeaponAttachment_Melee UGC-Persistent.TheWorld:PersistentLevel.DFWeaponAttachment_Melee_65
	Function DFGame.DFWeaponAttachment:Cleanup:0152
[2191.37] Log: Could not find FMC creator for PSC UGC-Persistent.TheWorld:PersistentLevel.DFPawn_Hero_Female_0.inXileParticleSystemComponent_5686 completion callback, message None
[2191.37] Log: Could not find FMC creator for PSC UGC-Persistent.TheWorld:PersistentLevel.DFPawn_Hero_Female_0.inXileParticleSystemComponent_5687 completion callback, message None
[2191.46] MP_Weapons_Native: SetAttackSkillObjectByName() failed, due to not having a prev. ASO - DFWeaponAttachment_Ranged_Spell_58
[2194.00] DevOnline: Listening for lan beacon requests on 6777
[2194.21] Log: Could not find FMC creator for PSC UGC-Persistent.TheWorld:PersistentLevel.DFPawn_Hero_Female_0.inXileParticleSystemComponent_5692 completion callback, message None
[2194.36] Log: AActor::SyncActorToRBPhysics: Invalid or Missing BodyInstance in CollisionComponent. (check to make certain your object actually has a collision volume) for: DFForgedMeshProjectile_Arrow UGC-Persistent.TheWorld:PersistentLevel.DFForgedMeshProjectile_Arrow_269  CollisionComp: No StaticMeshComponent Assigned  CylinderComponent_1093 DetailedInfo: No_Detailed_Info_Specified
[2196.01] Error: ApplyNewRBState() called for kinematic actor DFDroppedPickup_226
[2196.08] Error: ApplyNewRBState() called for kinematic actor DFDroppedPickup_226
[2196.33] Log: Could not find FMC creator for PSC UGC-Persistent.TheWorld:PersistentLevel.DFPawn_Hero_Female_0.inXileParticleSystemComponent_5693 completion callback, message None
[2198.01] DevOnline: Listening for lan beacon requests on 6777
[2200.16] MP_Weapons_Native: SetAttackSkillObjectByName() failed, due to not having a prev. ASO - DFWeaponAttachment_Melee_66
[2200.18] Log: Skills: Adding skill to cache... Melee Attack
[2200.18] MP_Weapons_Native: SetAttackSkillObjectByName() failed, due to not having a prev. ASO - DFWeaponAttachment_Melee_67
[2200.23] Log: Skills: Adding skill to cache... Ranged Attack
[2200.23] MP_Weapons_Native: SetAttackSkillObjectByName() failed, due to not having a prev. ASO - DFWeaponAttachment_Ranged_Bow_58
[2200.33] Warning: DFNodeTurnInPlace_Player_335 - Failed, with animsequence 'inj_TurnR180' on SkeletalMeshComponent: 'inXileForgedMeshComponent_1616' whose owner is: 'DFPawn_Minotaur_7' and is of type 'ForgedMeshComponent'
[2201.15] MP_Weapons_Native: SetAttackSkillObjectByName() failed, due to not having a prev. ASO - DFWeaponAttachment_Melee_68
[2201.20] MP_Weapons_Native: SetAttackSkillObjectByName() failed, due to not having a prev. ASO - DFWeaponAttachment_Melee_69
[2201.27] MP_Weapons_Native: SetAttackSkillObjectByName() failed, due to not having a prev. ASO - DFWeaponAttachment_Ranged_Bow_59
[2201.32] Warning: DFNodeTurnInPlace_Player_347 - Failed, with animsequence 'inj_TurnR90' on SkeletalMeshComponent: 'inXileForgedMeshComponent_1621' whose owner is: 'DFPawn_Minotaur_8' and is of type 'ForgedMeshComponent'
[2201.98] Error: ApplyNewRBState() called for kinematic actor DFDroppedPickup_227
[2202.05] Error: ApplyNewRBState() called for kinematic actor DFDroppedPickup_227
[2202.24] ScriptWarning: Accessed None 'CurrentWeaponAttachment'
	DFWeaponAttachment_Ranged_Spell UGC-Persistent.TheWorld:PersistentLevel.DFWeaponAttachment_Ranged_Spell_58
	Function DFGame.DFWeaponAttachment:Cleanup:0152
[2202.49] MP_Weapons_Native: SetAttackSkillObjectByName() failed, due to not having a prev. ASO - DFWeaponAttachment_Melee_70
[2203.01] DevOnline: Listening for lan beacon requests on 6777
[2205.33] Error: ApplyNewRBState() called for kinematic actor DFDroppedPickup_228
[2205.40] Error: ApplyNewRBState() called for kinematic actor DFDroppedPickup_228
[2206.57] MP_Weapons_Native: SetAttackSkillObjectByName() failed, due to not having a prev. ASO - DFWeaponAttachment_Ranged_Bow_60
[2207.01] DevOnline: Listening for lan beacon requests on 6777
[2207.52] Error: ApplyNewRBState() called for kinematic actor DFDroppedPickup_229
[2207.52] Error: ApplyNewRBState() called for kinematic actor DFDroppedPickup_230
[2207.52] Error: ApplyNewRBState() called for kinematic actor DFDroppedPickup_231
[2207.59] Error: ApplyNewRBState() called for kinematic actor DFDroppedPickup_229
[2207.59] Error: ApplyNewRBState() called for kinematic actor DFDroppedPickup_230
[2207.59] Error: ApplyNewRBState() called for kinematic actor DFDroppedPickup_231
[2207.84] Log: DFPawn_Nid_58 PLAYSOUND with no sound cue called from HandleDeflect
[2207.84] Log: Script call stack:
	Function DFGame.DFForgedMeshProjectile_Arrow:HandleDeflect
	Function DFGame.DFForgedMeshProjectile:HandleDeflect

[2209.88] Error: ApplyNewRBState() called for kinematic actor DFDroppedPickup_232
[2209.88] Error: ApplyNewRBState() called for kinematic actor DFDroppedPickup_233
[2209.88] Error: ApplyNewRBState() called for kinematic actor DFDroppedPickup_234
[2209.94] Error: ApplyNewRBState() called for kinematic actor DFDroppedPickup_232
[2209.94] Error: ApplyNewRBState() called for kinematic actor DFDroppedPickup_233
[2209.94] Error: ApplyNewRBState() called for kinematic actor DFDroppedPickup_234
[2211.30] ScriptWarning: Accessed None 'CurrentWeaponAttachment'
	DFWeaponAttachment_Melee UGC-Persistent.TheWorld:PersistentLevel.DFWeaponAttachment_Melee_70
	Function DFGame.DFWeaponAttachment:Cleanup:0152
[2211.59] Log: Could not find FMC creator for PSC UGC-Persistent.TheWorld:PersistentLevel.DFPawn_Hero_Female_0.inXileParticleSystemComponent_5799 completion callback, message None
[2211.59] Log: Could not find FMC creator for PSC UGC-Persistent.TheWorld:PersistentLevel.DFPawn_Hero_Female_0.inXileParticleSystemComponent_5800 completion callback, message None
[2211.69] MP_Weapons_Native: SetAttackSkillObjectByName() failed, due to not having a prev. ASO - DFWeaponAttachment_Ranged_Spell_59
[2211.91] Log: Could not find FMC creator for PSC UGC-Persistent.TheWorld:PersistentLevel.DFPawn_Hero_Male_0.inXileParticleSystemComponent_5610 completion callback, message None
[2212.01] DevOnline: Listening for lan beacon requests on 6777
[2212.20] Error: ApplyNewRBState() called for kinematic actor DFDroppedPickup_235
[2212.20] Error: ApplyNewRBState() called for kinematic actor DFDroppedPickup_236
[2212.20] Error: ApplyNewRBState() called for kinematic actor DFDroppedPickup_237
[2212.27] Error: ApplyNewRBState() called for kinematic actor DFDroppedPickup_235
[2212.27] Error: ApplyNewRBState() called for kinematic actor DFDroppedPickup_236
[2212.27] Error: ApplyNewRBState() called for kinematic actor DFDroppedPickup_237
[2216.01] DevOnline: Listening for lan beacon requests on 6777
[2216.17] ScriptWarning: Accessed None 'ChargeSound'
	DFSpecialMove_ChargeMove UGC-Persistent.TheWorld:PersistentLevel.DFSpecialMove_ChargeMove_7
	Function DFGame.DFSpecialMove_ChargeMove:StartSpecialMove:009F
[2216.18] ScriptWarning: Accessed None 'ChargeSound'
	DFSpecialMove_ChargeMove UGC-Persistent.TheWorld:PersistentLevel.DFSpecialMove_ChargeMove_7
	Function DFGame.DFSpecialMove_ChargeMove:StopSpecialMove:009C
[2216.18] ScriptWarning: Accessed None 'ChargeSound'
	DFSpecialMove_ChargeMove UGC-Persistent.TheWorld:PersistentLevel.DFSpecialMove_ChargeMove_7
	Function DFGame.DFSpecialMove_ChargeMove:StartSpecialMove:009F
[2216.82] ScriptWarning: Accessed None 'ChargeSound'
	DFSpecialMove_ChargeMove UGC-Persistent.TheWorld:PersistentLevel.DFSpecialMove_ChargeMove_7
	Function DFGame.DFSpecialMove_ChargeMove:StopSpecialMove:009C
[2218.08] Warning: DFNodeTurnInPlace_Player_347 - Failed, with animsequence 'inj_TurnL90' on SkeletalMeshComponent: 'inXileForgedMeshComponent_1621' whose owner is: 'DFPawn_Minotaur_8' and is of type 'ForgedMeshComponent'
[2218.22] ScriptWarning: Accessed None 'RunSound'
	DFSpecialMove_RoadieRun UGC-Persistent.TheWorld:PersistentLevel.DFSpecialMove_RoadieRun_1
	Function DFGame.DFSpecialMove_RoadieRun:StartSpecialMove:04EF
[2218.42] ScriptWarning: Accessed None 'RunSound'
	DFSpecialMove_RoadieRun UGC-Persistent.TheWorld:PersistentLevel.DFSpecialMove_RoadieRun_1
	Function DFGame.DFSpecialMove_RoadieRun:StopSpecialMove:0174
[2220.54] ScriptWarning: Accessed None 'CurrentWeaponAttachment'
	DFWeaponAttachment_Ranged_Spell UGC-Persistent.TheWorld:PersistentLevel.DFWeaponAttachment_Ranged_Spell_59
	Function DFGame.DFWeaponAttachment:Cleanup:0152
[2220.83] MP_Weapons_Native: SetAttackSkillObjectByName() failed, due to not having a prev. ASO - DFWeaponAttachment_Melee_71
[2221.03] DevOnline: Listening for lan beacon requests on 6777
[2223.10] Error: ApplyNewRBState() called for kinematic actor DFDroppedPickup_238
[2223.10] Error: ApplyNewRBState() called for kinematic actor DFDroppedPickup_239
[2223.17] Error: ApplyNewRBState() called for kinematic actor DFDroppedPickup_238
[2223.17] Error: ApplyNewRBState() called for kinematic actor DFDroppedPickup_239
[2223.28] Error: ApplyNewRBState() called for kinematic actor DFDroppedPickup_240
[2223.35] Error: ApplyNewRBState() called for kinematic actor DFDroppedPickup_240
[2225.05] DevOnline: Listening for lan beacon requests on 6777
[2225.54] Warning: DFNodeTurnInPlace_Player_335 - Failed, with animsequence 'inj_TurnL180' on SkeletalMeshComponent: 'inXileForgedMeshComponent_1616' whose owner is: 'DFPawn_Minotaur_7' and is of type 'ForgedMeshComponent'
[2225.55] Warning: DFNodeTurnInPlace_Player_347 - Failed, with animsequence 'inj_TurnL90' on SkeletalMeshComponent: 'inXileForgedMeshComponent_1621' whose owner is: 'DFPawn_Minotaur_8' and is of type 'ForgedMeshComponent'
[2226.52] Warning: DFNodeTurnInPlace_Player_347 - Failed, with animsequence 'inj_TurnL90' on SkeletalMeshComponent: 'inXileForgedMeshComponent_1621' whose owner is: 'DFPawn_Minotaur_8' and is of type 'ForgedMeshComponent'
[2226.74] MP_Weapons_Native: SetAttackSkillObjectByName() failed, due to not having a prev. ASO - DFWeaponAttachment_Ranged_Spell_60
[2226.79] Error: ApplyNewRBState() called for kinematic actor DFDroppedPickup_241
[2226.79] Error: ApplyNewRBState() called for kinematic actor DFDroppedPickup_242
[2226.86] Error: ApplyNewRBState() called for kinematic actor DFDroppedPickup_241
[2226.86] Error: ApplyNewRBState() called for kinematic actor DFDroppedPickup_242
[2226.96] Warning: DFNodeTurnInPlace_Player_335 - Failed, with animsequence 'inj_TurnL90' on SkeletalMeshComponent: 'inXileForgedMeshComponent_1616' whose owner is: 'DFPawn_Minotaur_7' and is of type 'ForgedMeshComponent'
[2227.28] Error: ApplyNewRBState() called for kinematic actor DFDroppedPickup_243
[2227.35] Warning: DFNodeTurnInPlace_Player_347 - Failed, with animsequence 'inj_TurnL90' on SkeletalMeshComponent: 'inXileForgedMeshComponent_1621' whose owner is: 'DFPawn_Minotaur_8' and is of type 'ForgedMeshComponent'
[2227.35] Error: ApplyNewRBState() called for kinematic actor DFDroppedPickup_243
[2228.13] Warning: DFNodeTurnInPlace_Player_347 - Failed, with animsequence 'inj_TurnL90' on SkeletalMeshComponent: 'inXileForgedMeshComponent_1621' whose owner is: 'DFPawn_Minotaur_8' and is of type 'ForgedMeshComponent'
[2228.40] Warning: DFNodeTurnInPlace_Player_335 - Failed, with animsequence 'inj_TurnR90' on SkeletalMeshComponent: 'inXileForgedMeshComponent_1616' whose owner is: 'DFPawn_Minotaur_7' and is of type 'ForgedMeshComponent'
[2228.56] Log: Could not find FMC creator for PSC UGC-Persistent.TheWorld:PersistentLevel.DFPawn_Hero_Male_0.inXileParticleSystemComponent_5858 completion callback, message None
[2228.93] Warning: DFNodeTurnInPlace_Player_347 - Failed, with animsequence 'inj_TurnR90' on SkeletalMeshComponent: 'inXileForgedMeshComponent_1621' whose owner is: 'DFPawn_Minotaur_8' and is of type 'ForgedMeshComponent'
[2229.39] ScriptWarning: Accessed None 'CurrentWeaponAttachment'
	DFWeaponAttachment_Melee UGC-Persistent.TheWorld:PersistentLevel.DFWeaponAttachment_Melee_71
	Function DFGame.DFWeaponAttachment:Cleanup:0152
[2229.67] Log: Could not find FMC creator for PSC UGC-Persistent.TheWorld:PersistentLevel.DFPawn_Hero_Female_0.inXileParticleSystemComponent_5870 completion callback, message None
[2229.67] Log: Could not find FMC creator for PSC UGC-Persistent.TheWorld:PersistentLevel.DFPawn_Hero_Female_0.inXileParticleSystemComponent_5871 completion callback, message None
[2229.71] Warning: DFNodeTurnInPlace_Player_347 - Failed, with animsequence 'inj_TurnR90' on SkeletalMeshComponent: 'inXileForgedMeshComponent_1621' whose owner is: 'DFPawn_Minotaur_8' and is of type 'ForgedMeshComponent'
[2229.74] MP_Weapons_Native: SetAttackSkillObjectByName() failed, due to not having a prev. ASO - DFWeaponAttachment_Ranged_Spell_61
[2229.84] Warning: DFNodeTurnInPlace_Player_335 - Failed, with animsequence 'inj_TurnL180' on SkeletalMeshComponent: 'inXileForgedMeshComponent_1616' whose owner is: 'DFPawn_Minotaur_7' and is of type 'ForgedMeshComponent'
[2230.05] DevOnline: Listening for lan beacon requests on 6777
[2230.55] Error: ApplyNewRBState() called for kinematic actor DFDroppedPickup_244
[2230.62] Error: ApplyNewRBState() called for kinematic actor DFDroppedPickup_244
[2230.72] Warning: DFNodeTurnInPlace_Player_347 - Failed, with animsequence 'inj_TurnR90' on SkeletalMeshComponent: 'inXileForgedMeshComponent_1621' whose owner is: 'DFPawn_Minotaur_8' and is of type 'ForgedMeshComponent'
[2230.96] Log: Could not find FMC creator for PSC UGC-Persistent.TheWorld:PersistentLevel.DFPawn_Hero_Male_0.inXileParticleSystemComponent_5859 completion callback, message None
[2231.25] Warning: DFNodeTurnInPlace_Player_335 - Failed, with animsequence 'inj_TurnR90' on SkeletalMeshComponent: 'inXileForgedMeshComponent_1616' whose owner is: 'DFPawn_Minotaur_7' and is of type 'ForgedMeshComponent'
[2231.50] Warning: DFNodeTurnInPlace_Player_347 - Failed, with animsequence 'inj_TurnR90' on SkeletalMeshComponent: 'inXileForgedMeshComponent_1621' whose owner is: 'DFPawn_Minotaur_8' and is of type 'ForgedMeshComponent'
[2232.25] Warning: DFNodeTurnInPlace_Player_347 - Failed, with animsequence 'inj_TurnL90' on SkeletalMeshComponent: 'inXileForgedMeshComponent_1621' whose owner is: 'DFPawn_Minotaur_8' and is of type 'ForgedMeshComponent'
[2232.69] Warning: DFNodeTurnInPlace_Player_335 - Failed, with animsequence 'inj_TurnL180' on SkeletalMeshComponent: 'inXileForgedMeshComponent_1616' whose owner is: 'DFPawn_Minotaur_7' and is of type 'ForgedMeshComponent'
[2233.10] Warning: DFNodeTurnInPlace_Player_347 - Failed, with animsequence 'inj_TurnL90' on SkeletalMeshComponent: 'inXileForgedMeshComponent_1621' whose owner is: 'DFPawn_Minotaur_8' and is of type 'ForgedMeshComponent'
[2233.71] Warning: DFNodeTurnInPlace_Player_347 - Failed, with animsequence 'inj_TurnR180' on SkeletalMeshComponent: 'inXileForgedMeshComponent_1621' whose owner is: 'DFPawn_Minotaur_8' and is of type 'ForgedMeshComponent'
[2234.06] DevOnline: Listening for lan beacon requests on 6777
[2234.15] Warning: DFNodeTurnInPlace_Player_335 - Failed, with animsequence 'inj_TurnR90' on SkeletalMeshComponent: 'inXileForgedMeshComponent_1616' whose owner is: 'DFPawn_Minotaur_7' and is of type 'ForgedMeshComponent'
[2234.81] Warning: DFNodeTurnInPlace_Player_347 - Failed, with animsequence 'inj_TurnR180' on SkeletalMeshComponent: 'inXileForgedMeshComponent_1621' whose owner is: 'DFPawn_Minotaur_8' and is of type 'ForgedMeshComponent'
[2234.94] Log: Could not find FMC creator for PSC UGC-Persistent.TheWorld:PersistentLevel.DFPawn_Hero_Female_0.inXileParticleSystemComponent_5876 completion callback, message None
[2235.54] MP_Weapons_Native: SetAttackSkillObjectByName() failed, due to not having a prev. ASO - DFWeaponAttachment_Ranged_Bow_61
[2235.56] Warning: DFNodeTurnInPlace_Player_335 - Failed, with animsequence 'inj_TurnL180' on SkeletalMeshComponent: 'inXileForgedMeshComponent_1616' whose owner is: 'DFPawn_Minotaur_7' and is of type 'ForgedMeshComponent'
[2235.96] Warning: DFNodeTurnInPlace_Player_347 - Failed, with animsequence 'inj_TurnL90' on SkeletalMeshComponent: 'inXileForgedMeshComponent_1621' whose owner is: 'DFPawn_Minotaur_8' and is of type 'ForgedMeshComponent'
[2236.57] Warning: DFNodeTurnInPlace_Player_347 - Failed, with animsequence 'inj_TurnR180' on SkeletalMeshComponent: 'inXileForgedMeshComponent_1621' whose owner is: 'DFPawn_Minotaur_8' and is of type 'ForgedMeshComponent'
[2237.00] Log: Could not find FMC creator for PSC UGC-Persistent.TheWorld:PersistentLevel.DFPawn_Hero_Female_0.inXileParticleSystemComponent_5877 completion callback, message None
[2237.67] Warning: DFNodeTurnInPlace_Player_335 - Failed, with animsequence 'inj_TurnR180' on SkeletalMeshComponent: 'inXileForgedMeshComponent_1616' whose owner is: 'DFPawn_Minotaur_7' and is of type 'ForgedMeshComponent'
[2237.67] Warning: DFNodeTurnInPlace_Player_347 - Failed, with animsequence 'inj_TurnL180' on SkeletalMeshComponent: 'inXileForgedMeshComponent_1621' whose owner is: 'DFPawn_Minotaur_8' and is of type 'ForgedMeshComponent'
[2238.75] Warning: DFNodeTurnInPlace_Player_347 - Failed, with animsequence 'inj_TurnR180' on SkeletalMeshComponent: 'inXileForgedMeshComponent_1621' whose owner is: 'DFPawn_Minotaur_8' and is of type 'ForgedMeshComponent'
[2239.08] DevOnline: Listening for lan beacon requests on 6777
[2239.86] Warning: DFNodeTurnInPlace_Player_347 - Failed, with animsequence 'inj_TurnL180' on SkeletalMeshComponent: 'inXileForgedMeshComponent_1621' whose owner is: 'DFPawn_Minotaur_8' and is of type 'ForgedMeshComponent'
[2240.13] Warning: DFNodeTurnInPlace_Player_335 - Failed, with animsequence 'inj_TurnR45' on SkeletalMeshComponent: 'inXileForgedMeshComponent_1616' whose owner is: 'DFPawn_Minotaur_7' and is of type 'ForgedMeshComponent'
[2240.94] Warning: DFNodeTurnInPlace_Player_347 - Failed, with animsequence 'inj_TurnR180' on SkeletalMeshComponent: 'inXileForgedMeshComponent_1621' whose owner is: 'DFPawn_Minotaur_8' and is of type 'ForgedMeshComponent'
[2241.39] ScriptWarning: Accessed None 'ChargeSound'
	DFSpecialMove_ChargeMove UGC-Persistent.TheWorld:PersistentLevel.DFSpecialMove_ChargeMove_8
	Function DFGame.DFSpecialMove_ChargeMove:StartSpecialMove:009F
[2242.06] Warning: DFNodeTurnInPlace_Player_347 - Failed, with animsequence 'inj_TurnL90' on SkeletalMeshComponent: 'inXileForgedMeshComponent_1621' whose owner is: 'DFPawn_Minotaur_8' and is of type 'ForgedMeshComponent'
[2242.39] ScriptWarning: Accessed None 'ChargeSound'
	DFSpecialMove_ChargeMove UGC-Persistent.TheWorld:PersistentLevel.DFSpecialMove_ChargeMove_8
	Function DFGame.DFSpecialMove_ChargeMove:StopSpecialMove:009C
[2242.86] Warning: DFNodeTurnInPlace_Player_347 - Failed, with animsequence 'inj_TurnL45' on SkeletalMeshComponent: 'inXileForgedMeshComponent_1621' whose owner is: 'DFPawn_Minotaur_8' and is of type 'ForgedMeshComponent'
[2243.09] DevOnline: Listening for lan beacon requests on 6777
[2243.45] Warning: DFNodeTurnInPlace_Player_335 - Failed, with animsequence 'inj_TurnL90' on SkeletalMeshComponent: 'inXileForgedMeshComponent_1616' whose owner is: 'DFPawn_Minotaur_7' and is of type 'ForgedMeshComponent'
[2243.64] Warning: DFNodeTurnInPlace_Player_347 - Failed, with animsequence 'inj_TurnL45' on SkeletalMeshComponent: 'inXileForgedMeshComponent_1621' whose owner is: 'DFPawn_Minotaur_8' and is of type 'ForgedMeshComponent'
[2244.33] Warning: DFNodeTurnInPlace_Player_335 - Failed, with animsequence 'inj_TurnL90' on SkeletalMeshComponent: 'inXileForgedMeshComponent_1616' whose owner is: 'DFPawn_Minotaur_7' and is of type 'ForgedMeshComponent'
[2244.35] Warning: DFNodeTurnInPlace_Player_335 - Failed, with animsequence 'inj_TurnL90' on SkeletalMeshComponent: 'inXileForgedMeshComponent_1616' whose owner is: 'DFPawn_Minotaur_7' and is of type 'ForgedMeshComponent'
[2244.35] Warning: DFNodeTurnInPlace_Player_335 - Failed, with animsequence 'inj_TurnL90' on SkeletalMeshComponent: 'inXileForgedMeshComponent_1616' whose owner is: 'DFPawn_Minotaur_7' and is of type 'ForgedMeshComponent'
[2244.45] Warning: DFNodeTurnInPlace_Player_347 - Failed, with animsequence 'inj_TurnL45' on SkeletalMeshComponent: 'inXileForgedMeshComponent_1621' whose owner is: 'DFPawn_Minotaur_8' and is of type 'ForgedMeshComponent'
[2245.23] Warning: DFNodeTurnInPlace_Player_347 - Failed, with animsequence 'inj_TurnL45' on SkeletalMeshComponent: 'inXileForgedMeshComponent_1621' whose owner is: 'DFPawn_Minotaur_8' and is of type 'ForgedMeshComponent'
[2246.03] Warning: DFNodeTurnInPlace_Player_347 - Failed, with animsequence 'inj_TurnL45' on SkeletalMeshComponent: 'inXileForgedMeshComponent_1621' whose owner is: 'DFPawn_Minotaur_8' and is of type 'ForgedMeshComponent'
[2248.10] DevOnline: Listening for lan beacon requests on 6777
[2248.71] Warning: DFNodeTurnInPlace_Player_347 - Failed, with animsequence 'inj_TurnR45' on SkeletalMeshComponent: 'inXileForgedMeshComponent_1621' whose owner is: 'DFPawn_Minotaur_8' and is of type 'ForgedMeshComponent'
[2249.50] Warning: DFNodeTurnInPlace_Player_347 - Failed, with animsequence 'inj_TurnR45' on SkeletalMeshComponent: 'inXileForgedMeshComponent_1621' whose owner is: 'DFPawn_Minotaur_8' and is of type 'ForgedMeshComponent'
[2249.94] Warning: DFNodeTurnInPlace_Player_335 - Failed, with animsequence 'inj_TurnL90' on SkeletalMeshComponent: 'inXileForgedMeshComponent_1616' whose owner is: 'DFPawn_Minotaur_7' and is of type 'ForgedMeshComponent'
[2249.94] Warning: DFNodeTurnInPlace_Player_335 - Failed, with animsequence 'inj_TurnL90' on SkeletalMeshComponent: 'inXileForgedMeshComponent_1616' whose owner is: 'DFPawn_Minotaur_7' and is of type 'ForgedMeshComponent'
[2250.27] Warning: DFNodeTurnInPlace_Player_347 - Failed, with animsequence 'inj_TurnR45' on SkeletalMeshComponent: 'inXileForgedMeshComponent_1621' whose owner is: 'DFPawn_Minotaur_8' and is of type 'ForgedMeshComponent'
[2251.06] Warning: DFNodeTurnInPlace_Player_347 - Failed, with animsequence 'inj_TurnL45' on SkeletalMeshComponent: 'inXileForgedMeshComponent_1621' whose owner is: 'DFPawn_Minotaur_8' and is of type 'ForgedMeshComponent'
[2251.67] Warning: DFNodeTurnInPlace_Player_347 - Failed, with animsequence 'inj_TurnL180' on SkeletalMeshComponent: 'inXileForgedMeshComponent_1621' whose owner is: 'DFPawn_Minotaur_8' and is of type 'ForgedMeshComponent'
[2252.11] DevOnline: Listening for lan beacon requests on 6777
[2252.98] Warning: DFNodeTurnInPlace_Player_347 - Failed, with animsequence 'inj_TurnR90' on SkeletalMeshComponent: 'inXileForgedMeshComponent_1621' whose owner is: 'DFPawn_Minotaur_8' and is of type 'ForgedMeshComponent'
[2253.50] Log: Could not find FMC creator for PSC UGC-Persistent.TheWorld:PersistentLevel.DFPawn_Hero_Male_0.inXileParticleSystemComponent_5884 completion callback, message None
[2253.81] Warning: DFNodeTurnInPlace_Player_347 - Failed, with animsequence 'inj_TurnL45' on SkeletalMeshComponent: 'inXileForgedMeshComponent_1621' whose owner is: 'DFPawn_Minotaur_8' and is of type 'ForgedMeshComponent'
[2254.64] Warning: DFNodeTurnInPlace_Player_347 - Failed, with animsequence 'inj_TurnR45' on SkeletalMeshComponent: 'inXileForgedMeshComponent_1621' whose owner is: 'DFPawn_Minotaur_8' and is of type 'ForgedMeshComponent'
[2255.47] Warning: DFNodeTurnInPlace_Player_347 - Failed, with animsequence 'inj_TurnL45' on SkeletalMeshComponent: 'inXileForgedMeshComponent_1621' whose owner is: 'DFPawn_Minotaur_8' and is of type 'ForgedMeshComponent'
[2256.28] Warning: DFNodeTurnInPlace_Player_347 - Failed, with animsequence 'inj_TurnR45' on SkeletalMeshComponent: 'inXileForgedMeshComponent_1621' whose owner is: 'DFPawn_Minotaur_8' and is of type 'ForgedMeshComponent'
[2257.09] Warning: DFNodeTurnInPlace_Player_347 - Failed, with animsequence 'inj_TurnL45' on SkeletalMeshComponent: 'inXileForgedMeshComponent_1621' whose owner is: 'DFPawn_Minotaur_8' and is of type 'ForgedMeshComponent'
[2257.13] DevOnline: Listening for lan beacon requests on 6777
[2257.18] Warning: DFNodeTurnInPlace_Player_347 - Failed, with animsequence 'inj_TurnL45' on SkeletalMeshComponent: 'inXileForgedMeshComponent_1621' whose owner is: 'DFPawn_Minotaur_8' and is of type 'ForgedMeshComponent'
[2257.18] Log: DFPawn_Minotaur_8 PLAYSOUND with no sound cue called from HandleDeflect
[2257.18] Log: Script call stack:
	Function DFGame.DFForgedMeshProjectile_Arrow:HandleDeflect
	Function DFGame.DFForgedMeshProjectile:HandleDeflect

[2257.18] Log: DFPawn_Minotaur_8 PLAYSOUND with no sound cue called from HandleDeflect
[2257.18] Log: Script call stack:
	Function DFGame.DFForgedMeshProjectile_Arrow:HandleDeflect
	Function DFGame.DFForgedMeshProjectile:HandleDeflect

[2259.21] Error: ApplyNewRBState() called for kinematic actor DFDroppedPickup_247
[2259.21] Error: ApplyNewRBState() called for kinematic actor DFDroppedPickup_248
[2259.21] Error: ApplyNewRBState() called for kinematic actor DFDroppedPickup_249
[2259.28] Error: ApplyNewRBState() called for kinematic actor DFDroppedPickup_247
[2259.28] Error: ApplyNewRBState() called for kinematic actor DFDroppedPickup_248
[2259.28] Error: ApplyNewRBState() called for kinematic actor DFDroppedPickup_249
[2260.84] ScriptWarning: Accessed None 'CurrentWeaponAttachment'
	DFWeaponAttachment_Ranged_Spell UGC-Persistent.TheWorld:PersistentLevel.DFWeaponAttachment_Ranged_Spell_61
	Function DFGame.DFWeaponAttachment:Cleanup:0152
[2260.99] MP_Weapons_Native: SetAttackSkillObjectByName() failed, due to not having a prev. ASO - DFWeaponAttachment_Ranged_Spell_62
[2261.09] MP_Weapons_Native: SetAttackSkillObjectByName() failed, due to not having a prev. ASO - DFWeaponAttachment_Melee_72
[2261.13] DevOnline: Listening for lan beacon requests on 6777
[2263.76] Error: ApplyNewRBState() called for kinematic actor DFDroppedPickup_250
[2263.82] Error: ApplyNewRBState() called for kinematic actor DFDroppedPickup_250
[2264.81] ScriptWarning: Accessed None 'CurrentWeaponAttachment'
	DFWeaponAttachment_Melee UGC-Persistent.TheWorld:PersistentLevel.DFWeaponAttachment_Melee_72
	Function DFGame.DFWeaponAttachment:Cleanup:0152
[2265.09] Log: Could not find FMC creator for PSC UGC-Persistent.TheWorld:PersistentLevel.DFPawn_Hero_Female_0.inXileParticleSystemComponent_5986 completion callback, message None
[2265.09] Log: Could not find FMC creator for PSC UGC-Persistent.TheWorld:PersistentLevel.DFPawn_Hero_Female_0.inXileParticleSystemComponent_5987 completion callback, message None
[2265.20] MP_Weapons_Native: SetAttackSkillObjectByName() failed, due to not having a prev. ASO - DFWeaponAttachment_Ranged_Spell_63
[2265.33] Log: Could not find FMC creator for PSC UGC-Persistent.TheWorld:PersistentLevel.DFPawn_Hero_Male_0.inXileParticleSystemComponent_5971 completion callback, message None
[2266.13] DevOnline: Can't free search results while the search is in progress
[2266.13] DevOnline: Listening for lan beacon requests on 6777
[2266.42] Log: Could not find FMC creator for PSC UGC-Persistent.TheWorld:PersistentLevel.DFPawn_Hero_Female_0.inXileParticleSystemComponent_5992 completion callback, message None
[2267.33] MP_Weapons_Native: SetAttackSkillObjectByName() failed, due to not having a prev. ASO - DFWeaponAttachment_Melee_73
[2267.40] MP_Weapons_Native: SetAttackSkillObjectByName() failed, due to not having a prev. ASO - DFWeaponAttachment_Melee_74
[2267.47] MP_Weapons_Native: SetAttackSkillObjectByName() failed, due to not having a prev. ASO - DFWeaponAttachment_Ranged_Bow_62
[2267.97] Log: Could not find FMC creator for PSC UGC-Persistent.TheWorld:PersistentLevel.DFPawn_Hero_Male_0.inXileParticleSystemComponent_5972 completion callback, message None
[2268.27] MP_Weapons_Native: SetAttackSkillObjectByName() failed, due to not having a prev. ASO - DFWeaponAttachment_Melee_75
[2268.46] Log: Could not find FMC creator for PSC UGC-Persistent.TheWorld:PersistentLevel.DFPawn_Hero_Female_0.inXileParticleSystemComponent_5993 completion callback, message None
[2269.36] MP_Weapons_Native: SetAttackSkillObjectByName() failed, due to not having a prev. ASO - DFWeaponAttachment_Melee_76
[2269.41] MP_Weapons_Native: SetAttackSkillObjectByName() failed, due to not having a prev. ASO - DFWeaponAttachment_Ranged_Bow_63
[2270.14] DevOnline: Listening for lan beacon requests on 6777
[2270.69] MP_Weapons_Native: SetAttackSkillObjectByName() failed, due to not having a prev. ASO - DFWeaponAttachment_Ranged_Bow_64
[2271.04] Log: Could not find FMC creator for PSC UGC-Persistent.TheWorld:PersistentLevel.DFPawn_Nid_61.inXileParticleSystemComponent_6006 completion callback, message None
[2271.59] Log: Could not find FMC creator for PSC UGC-Persistent.TheWorld:PersistentLevel.DFPawn_Nid_63.inXileParticleSystemComponent_6028 completion callback, message None
[2275.15] DevOnline: Listening for lan beacon requests on 6777
[2275.73] Log: Could not find FMC creator for PSC UGC-Persistent.TheWorld:PersistentLevel.DFPawn_Nid_63.inXileParticleSystemComponent_6028 completion callback, message None
[2278.17] MP_Weapons_Native: SetAttackSkillObjectByName() failed, due to not having a prev. ASO - DFWeaponAttachment_Ranged_Spell_64
[2279.17] DevOnline: Listening for lan beacon requests on 6777
[2280.34] Log: Could not find FMC creator for PSC UGC-Persistent.TheWorld:PersistentLevel.DFPawn_Hero_Male_0.inXileParticleSystemComponent_6108 completion callback, message None
[2282.37] Log: Could not find FMC creator for PSC UGC-Persistent.TheWorld:PersistentLevel.DFPawn_Nid_61.inXileParticleSystemComponent_6006 completion callback, message None
[2282.78] Warning: DFNodeTurnInPlace_Player_379 - Failed, with animsequence 'inj_TurnL90' on SkeletalMeshComponent: 'inXileForgedMeshComponent_1709' whose owner is: 'DFPawn_Minotaur_10' and is of type 'ForgedMeshComponent'
[2283.76] MP_Weapons_Native: SetAttackSkillObjectByName() failed, due to not having a prev. ASO - DFWeaponAttachment_Melee_77
[2283.81] Warning: DFNodeTurnInPlace_Player_379 - Failed, with animsequence 'inj_TurnL90' on SkeletalMeshComponent: 'inXileForgedMeshComponent_1709' whose owner is: 'DFPawn_Minotaur_10' and is of type 'ForgedMeshComponent'
[2284.10] Log: Could not find FMC creator for PSC UGC-Persistent.TheWorld:PersistentLevel.DFPawn_Hero_Male_0.inXileParticleSystemComponent_6109 completion callback, message None
[2284.17] DevOnline: Listening for lan beacon requests on 6777
[2284.49] MP_Weapons_Native: SetAttackSkillObjectByName() failed, due to not having a prev. ASO - DFWeaponAttachment_Ranged_Bow_65
[2284.59] Log: Could not find FMC creator for PSC UGC-Persistent.TheWorld:PersistentLevel.DFPawn_Nid_63.inXileParticleSystemComponent_6028 completion callback, message None
[2284.71] Error: ApplyNewRBState() called for kinematic actor DFDroppedPickup_251
[2284.71] Error: ApplyNewRBState() called for kinematic actor DFDroppedPickup_252
[2284.71] Error: ApplyNewRBState() called for kinematic actor DFDroppedPickup_Shield_29
[2284.78] Error: ApplyNewRBState() called for kinematic actor DFDroppedPickup_251
[2284.78] Error: ApplyNewRBState() called for kinematic actor DFDroppedPickup_252
[2284.78] Error: ApplyNewRBState() called for kinematic actor DFDroppedPickup_Shield_29
[2284.93] ScriptWarning: Accessed None 'ChargeSound'
	DFSpecialMove_ChargeMove UGC-Persistent.TheWorld:PersistentLevel.DFSpecialMove_ChargeMove_9
	Function DFGame.DFSpecialMove_ChargeMove:StartSpecialMove:009F
[2285.86] ScriptWarning: Accessed None 'ChargeSound'
	DFSpecialMove_ChargeMove UGC-Persistent.TheWorld:PersistentLevel.DFSpecialMove_ChargeMove_9
	Function DFGame.DFSpecialMove_ChargeMove:StopSpecialMove:009C
[2287.03] Warning: DFNodeTurnInPlace_Player_379 - Failed, with animsequence 'inj_TurnL90' on SkeletalMeshComponent: 'inXileForgedMeshComponent_1709' whose owner is: 'DFPawn_Minotaur_10' and is of type 'ForgedMeshComponent'
[2287.95] Log: Could not find FMC creator for PSC UGC-Persistent.TheWorld:PersistentLevel.DFPawn_Nid_61.inXileParticleSystemComponent_6006 completion callback, message None
[2288.18] DevOnline: Listening for lan beacon requests on 6777
[2288.20] Log: Could not find FMC creator for PSC UGC-Persistent.TheWorld:PersistentLevel.DFPawn_Hero_Female_0.inXileParticleSystemComponent_6077 completion callback, message None
[2288.78] Log: Could not find FMC creator for PSC UGC-Persistent.TheWorld:PersistentLevel.DFPawn_Nid_63.inXileParticleSystemComponent_6028 completion callback, message None
[2293.20] DevOnline: Listening for lan beacon requests on 6777
[2293.78] ScriptWarning: Accessed None 'ChargeSound'
	DFSpecialMove_ChargeMove UGC-Persistent.TheWorld:PersistentLevel.DFSpecialMove_ChargeMove_9
	Function DFGame.DFSpecialMove_ChargeMove:StartSpecialMove:009F
[2293.80] ScriptWarning: Accessed None 'ChargeSound'
	DFSpecialMove_ChargeMove UGC-Persistent.TheWorld:PersistentLevel.DFSpecialMove_ChargeMove_9
	Function DFGame.DFSpecialMove_ChargeMove:StopSpecialMove:009C
[2293.80] ScriptWarning: Accessed None 'ChargeSound'
	DFSpecialMove_ChargeMove UGC-Persistent.TheWorld:PersistentLevel.DFSpecialMove_ChargeMove_9
	Function DFGame.DFSpecialMove_ChargeMove:StartSpecialMove:009F
[2294.37] ScriptWarning: Accessed None 'ChargeSound'
	DFSpecialMove_ChargeMove UGC-Persistent.TheWorld:PersistentLevel.DFSpecialMove_ChargeMove_9
	Function DFGame.DFSpecialMove_ChargeMove:StopSpecialMove:009C
[2295.51] Warning: DFNodeTurnInPlace_Player_379 - Failed, with animsequence 'inj_TurnR90' on SkeletalMeshComponent: 'inXileForgedMeshComponent_1709' whose owner is: 'DFPawn_Minotaur_10' and is of type 'ForgedMeshComponent'
[2297.22] DevOnline: Listening for lan beacon requests on 6777
[2299.90] Log: Could not find FMC creator for PSC UGC-Persistent.TheWorld:PersistentLevel.DFPawn_Nid_61.inXileParticleSystemComponent_6006 completion callback, message None
[2302.22] DevOnline: Listening for lan beacon requests on 6777
[2302.79] ScriptWarning: Accessed None 'ChargeSound'
	DFSpecialMove_ChargeMove UGC-Persistent.TheWorld:PersistentLevel.DFSpecialMove_ChargeMove_9
	Function DFGame.DFSpecialMove_ChargeMove:StartSpecialMove:009F
[2302.81] ScriptWarning: Accessed None 'ChargeSound'
	DFSpecialMove_ChargeMove UGC-Persistent.TheWorld:PersistentLevel.DFSpecialMove_ChargeMove_9
	Function DFGame.DFSpecialMove_ChargeMove:StopSpecialMove:009C
[2302.81] ScriptWarning: Accessed None 'ChargeSound'
	DFSpecialMove_ChargeMove UGC-Persistent.TheWorld:PersistentLevel.DFSpecialMove_ChargeMove_9
	Function DFGame.DFSpecialMove_ChargeMove:StartSpecialMove:009F
[2303.32] ScriptWarning: Accessed None 'ChargeSound'
	DFSpecialMove_ChargeMove UGC-Persistent.TheWorld:PersistentLevel.DFSpecialMove_ChargeMove_9
	Function DFGame.DFSpecialMove_ChargeMove:StopSpecialMove:009C
[2304.00] ScriptWarning: Accessed None 'ChargeSound'
	DFSpecialMove_ChargeMove UGC-Persistent.TheWorld:PersistentLevel.DFSpecialMove_ChargeMove_10
	Function DFGame.DFSpecialMove_ChargeMove:StartSpecialMove:009F
[2304.00] MP_Weapons_Native: SetAttackSkillObjectByName() failed, due to not having a prev. ASO - DFWeaponAttachment_Ranged_Spell_65
[2304.47] ScriptWarning: Accessed None 'ChargeSound'
	DFSpecialMove_ChargeMove UGC-Persistent.TheWorld:PersistentLevel.DFSpecialMove_ChargeMove_10
	Function DFGame.DFSpecialMove_ChargeMove:StopSpecialMove:009C
[2304.57] Warning: DFNodeTurnInPlace_Player_379 - Failed, with animsequence 'inj_TurnL90' on SkeletalMeshComponent: 'inXileForgedMeshComponent_1709' whose owner is: 'DFPawn_Minotaur_10' and is of type 'ForgedMeshComponent'
[2305.71] Warning: DFNodeTurnInPlace_Player_367 - Failed, with animsequence 'inj_TurnL180' on SkeletalMeshComponent: 'inXileForgedMeshComponent_1698' whose owner is: 'DFPawn_Minotaur_9' and is of type 'ForgedMeshComponent'
[2306.23] DevOnline: Listening for lan beacon requests on 6777
[2307.06] Error: ApplyNewRBState() called for kinematic actor DFDroppedPickup_254
[2307.06] Error: ApplyNewRBState() called for kinematic actor DFDroppedPickup_255
[2307.06] Error: ApplyNewRBState() called for kinematic actor DFDroppedPickup_Shield_30
[2307.13] Error: ApplyNewRBState() called for kinematic actor DFDroppedPickup_254
[2307.13] Error: ApplyNewRBState() called for kinematic actor DFDroppedPickup_255
[2307.13] Error: ApplyNewRBState() called for kinematic actor DFDroppedPickup_Shield_30
[2308.69] Log: Could not find FMC creator for PSC UGC-Persistent.TheWorld:PersistentLevel.DFPawn_Nid_63.inXileParticleSystemComponent_6028 completion callback, message None
[2309.25] Warning: DFNodeTurnInPlace_Player_367 - Failed, with animsequence 'inj_TurnL45' on SkeletalMeshComponent: 'inXileForgedMeshComponent_1698' whose owner is: 'DFPawn_Minotaur_9' and is of type 'ForgedMeshComponent'
[2309.91] Warning: DFNodeTurnInPlace_Player_379 - Failed, with animsequence 'inj_TurnR180' on SkeletalMeshComponent: 'inXileForgedMeshComponent_1709' whose owner is: 'DFPawn_Minotaur_10' and is of type 'ForgedMeshComponent'
[2310.45] Warning: DFNodeTurnInPlace_Player_367 - Failed, with animsequence 'inj_TurnR45' on SkeletalMeshComponent: 'inXileForgedMeshComponent_1698' whose owner is: 'DFPawn_Minotaur_9' and is of type 'ForgedMeshComponent'
[2311.17] Warning: DFNodeTurnInPlace_Player_379 - Failed, with animsequence 'inj_TurnR180' on SkeletalMeshComponent: 'inXileForgedMeshComponent_1709' whose owner is: 'DFPawn_Minotaur_10' and is of type 'ForgedMeshComponent'
[2311.23] DevOnline: Listening for lan beacon requests on 6777
[2312.72] Warning: DFNodeTurnInPlace_Player_379 - Failed, with animsequence 'inj_TurnL180' on SkeletalMeshComponent: 'inXileForgedMeshComponent_1709' whose owner is: 'DFPawn_Minotaur_10' and is of type 'ForgedMeshComponent'
[2312.98] ScriptWarning: Accessed None 'CurrentWeaponAttachment'
	DFWeaponAttachment_Ranged_Spell UGC-Persistent.TheWorld:PersistentLevel.DFWeaponAttachment_Ranged_Spell_63
	Function DFGame.DFWeaponAttachment:Cleanup:0152
[2313.27] MP_Weapons_Native: SetAttackSkillObjectByName() failed, due to not having a prev. ASO - DFWeaponAttachment_Melee_78
[2313.58] Error: ApplyNewRBState() called for kinematic actor DFDroppedPickup_257
[2313.58] Error: ApplyNewRBState() called for kinematic actor DFDroppedPickup_Shield_31
[2313.58] Error: ApplyNewRBState() called for kinematic actor DFDroppedPickup_258
[2313.64] Error: ApplyNewRBState() called for kinematic actor DFDroppedPickup_257
[2313.64] Error: ApplyNewRBState() called for kinematic actor DFDroppedPickup_Shield_31
[2313.64] Error: ApplyNewRBState() called for kinematic actor DFDroppedPickup_258
[2313.67] ScriptWarning: Accessed None 'RunSound'
	DFSpecialMove_RoadieRun UGC-Persistent.TheWorld:PersistentLevel.DFSpecialMove_RoadieRun_1
	Function DFGame.DFSpecialMove_RoadieRun:StartSpecialMove:04EF
[2314.32] ScriptWarning: Accessed None 'ChargeSound'
	DFSpecialMove_ChargeMove UGC-Persistent.TheWorld:PersistentLevel.DFSpecialMove_ChargeMove_9
	Function DFGame.DFSpecialMove_ChargeMove:StartSpecialMove:009F
[2314.88] ScriptWarning: Accessed None 'RunSound'
	DFSpecialMove_RoadieRun UGC-Persistent.TheWorld:PersistentLevel.DFSpecialMove_RoadieRun_1
	Function DFGame.DFSpecialMove_RoadieRun:StopSpecialMove:0174
[2315.23] DevOnline: Listening for lan beacon requests on 6777
[2315.69] ScriptWarning: Accessed None 'ChargeSound'
	DFSpecialMove_ChargeMove UGC-Persistent.TheWorld:PersistentLevel.DFSpecialMove_ChargeMove_9
	Function DFGame.DFSpecialMove_ChargeMove:StopSpecialMove:009C
[2316.83] Warning: DFNodeTurnInPlace_Player_379 - Failed, with animsequence 'inj_TurnR180' on SkeletalMeshComponent: 'inXileForgedMeshComponent_1709' whose owner is: 'DFPawn_Minotaur_10' and is of type 'ForgedMeshComponent'
[2317.06] MP_Weapons_Native: SetAttackSkillObjectByName() failed, due to not having a prev. ASO - DFWeaponAttachment_Ranged_Bow_66
[2317.74] Error: ApplyNewRBState() called for kinematic actor DFDroppedPickup_259
[2317.81] Error: ApplyNewRBState() called for kinematic actor DFDroppedPickup_259
[2318.01] Error: ApplyNewRBState() called for kinematic actor DFDroppedPickup_260
[2318.08] Error: ApplyNewRBState() called for kinematic actor DFDroppedPickup_260
[2319.38] ScriptWarning: Accessed None 'RunSound'
	DFSpecialMove_RoadieRun UGC-Persistent.TheWorld:PersistentLevel.DFSpecialMove_RoadieRun_1
	Function DFGame.DFSpecialMove_RoadieRun:StartSpecialMove:04EF
[2320.25] DevOnline: Listening for lan beacon requests on 6777
[2320.55] ScriptWarning: Accessed None 'RunSound'
	DFSpecialMove_RoadieRun UGC-Persistent.TheWorld:PersistentLevel.DFSpecialMove_RoadieRun_1
	Function DFGame.DFSpecialMove_RoadieRun:StopSpecialMove:0174
[2323.71] Error: ApplyNewRBState() called for kinematic actor DFDroppedPickup_261
[2323.71] Error: ApplyNewRBState() called for kinematic actor DFDroppedPickup_262
[2323.71] Error: ApplyNewRBState() called for kinematic actor DFDroppedPickup_263
[2323.78] Error: ApplyNewRBState() called for kinematic actor DFDroppedPickup_261
[2323.78] Error: ApplyNewRBState() called for kinematic actor DFDroppedPickup_262
[2323.78] Error: ApplyNewRBState() called for kinematic actor DFDroppedPickup_263
[2324.25] DevOnline: Listening for lan beacon requests on 6777
[2326.28] MP_Weapons_Native: SetAttackSkillObjectByName() failed, due to not having a prev. ASO - DFWeaponAttachment_Ranged_Bow_67
[2328.32] MP_Weapons_Native: SetAttackSkillObjectByName() failed, due to not having a prev. ASO - DFWeaponAttachment_Ranged_Spell_66
[2329.25] DevOnline: Listening for lan beacon requests on 6777
[2330.13] ScriptWarning: Accessed None 'RunSound'
	DFSpecialMove_RoadieRun UGC-Persistent.TheWorld:PersistentLevel.DFSpecialMove_RoadieRun_1
	Function DFGame.DFSpecialMove_RoadieRun:StartSpecialMove:04EF
[2330.66] ScriptWarning: Accessed None 'RunSound'
	DFSpecialMove_RoadieRun UGC-Persistent.TheWorld:PersistentLevel.DFSpecialMove_RoadieRun_1
	Function DFGame.DFSpecialMove_RoadieRun:StopSpecialMove:0174
[2331.13] Error: ApplyNewRBState() called for kinematic actor DFDroppedPickup_264
[2331.13] Error: ApplyNewRBState() called for kinematic actor DFDroppedPickup_266
[2331.20] Error: ApplyNewRBState() called for kinematic actor DFDroppedPickup_264
[2331.20] Error: ApplyNewRBState() called for kinematic actor DFDroppedPickup_266
[2331.49] ScriptWarning: Accessed None 'CurrentWeaponAttachment'
	DFWeaponAttachment_Melee UGC-Persistent.TheWorld:PersistentLevel.DFWeaponAttachment_Melee_78
	Function DFGame.DFWeaponAttachment:Cleanup:0152
[2331.56] Log: Could not find FMC creator for PSC UGC-Persistent.TheWorld:PersistentLevel.DFPawn_Hero_Male_0.inXileParticleSystemComponent_6503 completion callback, message None
[2331.78] Log: Could not find FMC creator for PSC UGC-Persistent.TheWorld:PersistentLevel.DFPawn_Hero_Female_0.inXileParticleSystemComponent_6522 completion callback, message None
[2331.78] Log: Could not find FMC creator for PSC UGC-Persistent.TheWorld:PersistentLevel.DFPawn_Hero_Female_0.inXileParticleSystemComponent_6523 completion callback, message None
[2331.88] MP_Weapons_Native: SetAttackSkillObjectByName() failed, due to not having a prev. ASO - DFWeaponAttachment_Ranged_Spell_67
[2333.27] DevOnline: Listening for lan beacon requests on 6777
[2333.71] Log: Could not find FMC creator for PSC UGC-Persistent.TheWorld:PersistentLevel.DFPawn_Hero_Female_0.inXileParticleSystemComponent_6528 completion callback, message None
[2333.76] Log: Could not find FMC creator for PSC UGC-Persistent.TheWorld:PersistentLevel.DFPawn_Hero_Male_0.inXileParticleSystemComponent_6504 completion callback, message None
[2335.96] Log: Could not find FMC creator for PSC UGC-Persistent.TheWorld:PersistentLevel.DFPawn_Hero_Female_0.inXileParticleSystemComponent_6529 completion callback, message None
[2338.27] DevOnline: Listening for lan beacon requests on 6777
[2338.96] MP_Weapons_Native: SetAttackSkillObjectByName() failed, due to not having a prev. ASO - DFWeaponAttachment_Ranged_Bow_68
[2340.20] ScriptWarning: Accessed None 'CurrentWeaponAttachment'
	DFWeaponAttachment_Ranged_Spell UGC-Persistent.TheWorld:PersistentLevel.DFWeaponAttachment_Ranged_Spell_67
	Function DFGame.DFWeaponAttachment:Cleanup:0152
[2340.49] MP_Weapons_Native: SetAttackSkillObjectByName() failed, due to not having a prev. ASO - DFWeaponAttachment_Melee_79
[2340.54] ScriptWarning: Accessed None 'ChargeSound'
	DFSpecialMove_ChargeMove UGC-Persistent.TheWorld:PersistentLevel.DFSpecialMove_ChargeMove_10
	Function DFGame.DFSpecialMove_ChargeMove:StartSpecialMove:009F
[2340.55] ScriptWarning: Accessed None 'ChargeSound'
	DFSpecialMove_ChargeMove UGC-Persistent.TheWorld:PersistentLevel.DFSpecialMove_ChargeMove_10
	Function DFGame.DFSpecialMove_ChargeMove:StopSpecialMove:009C
[2340.55] ScriptWarning: Accessed None 'ChargeSound'
	DFSpecialMove_ChargeMove UGC-Persistent.TheWorld:PersistentLevel.DFSpecialMove_ChargeMove_10
	Function DFGame.DFSpecialMove_ChargeMove:StartSpecialMove:009F
[2341.37] ScriptWarning: Accessed None 'ChargeSound'
	DFSpecialMove_ChargeMove UGC-Persistent.TheWorld:PersistentLevel.DFSpecialMove_ChargeMove_10
	Function DFGame.DFSpecialMove_ChargeMove:StopSpecialMove:009C
[2342.28] DevOnline: Listening for lan beacon requests on 6777
[2342.44] Warning: DFNodeTurnInPlace_Player_367 - Failed, with animsequence 'inj_TurnR180' on SkeletalMeshComponent: 'inXileForgedMeshComponent_1698' whose owner is: 'DFPawn_Minotaur_9' and is of type 'ForgedMeshComponent'
[2343.03] ScriptWarning: Accessed None 'ChargeSound'
	DFSpecialMove_ChargeMove UGC-Persistent.TheWorld:PersistentLevel.DFSpecialMove_ChargeMove_9
	Function DFGame.DFSpecialMove_ChargeMove:StartSpecialMove:009F
[2343.11] Warning: DFNodeTurnInPlace_Player_367 - Failed, with animsequence 'inj_TurnR180' on SkeletalMeshComponent: 'inXileForgedMeshComponent_1698' whose owner is: 'DFPawn_Minotaur_9' and is of type 'ForgedMeshComponent'
[2344.18] ScriptWarning: Accessed None 'ChargeSound'
	DFSpecialMove_ChargeMove UGC-Persistent.TheWorld:PersistentLevel.DFSpecialMove_ChargeMove_9
	Function DFGame.DFSpecialMove_ChargeMove:StopSpecialMove:009C
[2345.17] Log: DFPawn_Hero_Female_0::UpdateMeleeCollisionChecks ERROR - AnimLinkup->BoneToTrackTable for bone 130 returning INDEX_NONE
[2345.18] Log: DFPawn_Hero_Female_0::UpdateMeleeCollisionChecks ERROR - AnimLinkup->BoneToTrackTable for bone 130 returning INDEX_NONE
[2345.20] Log: DFPawn_Hero_Female_0::UpdateMeleeCollisionChecks ERROR - AnimLinkup->BoneToTrackTable for bone 130 returning INDEX_NONE
[2345.22] Log: DFPawn_Hero_Female_0::UpdateMeleeCollisionChecks ERROR - AnimLinkup->BoneToTrackTable for bone 130 returning INDEX_NONE
[2345.23] Log: DFPawn_Hero_Female_0::UpdateMeleeCollisionChecks ERROR - AnimLinkup->BoneToTrackTable for bone 130 returning INDEX_NONE
[2345.25] Log: DFPawn_Hero_Female_0::UpdateMeleeCollisionChecks ERROR - AnimLinkup->BoneToTrackTable for bone 130 returning INDEX_NONE
[2345.27] Log: DFPawn_Hero_Female_0::UpdateMeleeCollisionChecks ERROR - AnimLinkup->BoneToTrackTable for bone 130 returning INDEX_NONE
[2345.28] Log: DFPawn_Hero_Female_0::UpdateMeleeCollisionChecks ERROR - AnimLinkup->BoneToTrackTable for bone 130 returning INDEX_NONE
[2345.30] Log: DFPawn_Hero_Female_0::UpdateMeleeCollisionChecks ERROR - AnimLinkup->BoneToTrackTable for bone 130 returning INDEX_NONE
[2345.32] Log: DFPawn_Hero_Female_0::UpdateMeleeCollisionChecks ERROR - AnimLinkup->BoneToTrackTable for bone 130 returning INDEX_NONE
[2345.33] Log: DFPawn_Hero_Female_0::UpdateMeleeCollisionChecks ERROR - AnimLinkup->BoneToTrackTable for bone 130 returning INDEX_NONE
[2345.35] Warning: DFNodeTurnInPlace_Player_379 - Failed, with animsequence 'inj_TurnR180' on SkeletalMeshComponent: 'inXileForgedMeshComponent_1709' whose owner is: 'DFPawn_Minotaur_10' and is of type 'ForgedMeshComponent'
[2345.35] Log: DFPawn_Hero_Female_0::UpdateMeleeCollisionChecks ERROR - AnimLinkup->BoneToTrackTable for bone 130 returning INDEX_NONE
[2345.37] Log: DFPawn_Hero_Female_0::UpdateMeleeCollisionChecks ERROR - AnimLinkup->BoneToTrackTable for bone 130 returning INDEX_NONE
[2345.38] Log: DFPawn_Hero_Female_0::UpdateMeleeCollisionChecks ERROR - AnimLinkup->BoneToTrackTable for bone 130 returning INDEX_NONE
[2345.40] Log: DFPawn_Hero_Female_0::UpdateMeleeCollisionChecks ERROR - AnimLinkup->BoneToTrackTable for bone 130 returning INDEX_NONE
[2345.42] Log: DFPawn_Hero_Female_0::UpdateMeleeCollisionChecks ERROR - AnimLinkup->BoneToTrackTable for bone 130 returning INDEX_NONE
[2345.44] Log: DFPawn_Hero_Female_0::UpdateMeleeCollisionChecks ERROR - AnimLinkup->BoneToTrackTable for bone 130 returning INDEX_NONE
[2346.10] Log: DFPawn_Hero_Female_0::UpdateMeleeCollisionChecks ERROR - AnimLinkup->BoneToTrackTable for bone 130 returning INDEX_NONE
[2346.11] Log: DFPawn_Hero_Female_0::UpdateMeleeCollisionChecks ERROR - AnimLinkup->BoneToTrackTable for bone 130 returning INDEX_NONE
[2346.13] Log: DFPawn_Hero_Female_0::UpdateMeleeCollisionChecks ERROR - AnimLinkup->BoneToTrackTable for bone 130 returning INDEX_NONE
[2346.15] Log: DFPawn_Hero_Female_0::UpdateMeleeCollisionChecks ERROR - AnimLinkup->BoneToTrackTable for bone 130 returning INDEX_NONE
[2346.17] Log: DFPawn_Hero_Female_0::UpdateMeleeCollisionChecks ERROR - AnimLinkup->BoneToTrackTable for bone 130 returning INDEX_NONE
[2346.18] Log: DFPawn_Hero_Female_0::UpdateMeleeCollisionChecks ERROR - AnimLinkup->BoneToTrackTable for bone 130 returning INDEX_NONE
[2346.20] Log: DFPawn_Hero_Female_0::UpdateMeleeCollisionChecks ERROR - AnimLinkup->BoneToTrackTable for bone 130 returning INDEX_NONE
[2346.21] Log: DFPawn_Hero_Female_0::UpdateMeleeCollisionChecks ERROR - AnimLinkup->BoneToTrackTable for bone 130 returning INDEX_NONE
[2346.23] Log: DFPawn_Hero_Female_0::UpdateMeleeCollisionChecks ERROR - AnimLinkup->BoneToTrackTable for bone 130 returning INDEX_NONE
[2346.25] Log: DFPawn_Hero_Female_0::UpdateMeleeCollisionChecks ERROR - AnimLinkup->BoneToTrackTable for bone 130 returning INDEX_NONE
[2346.27] Log: DFPawn_Hero_Female_0::UpdateMeleeCollisionChecks ERROR - AnimLinkup->BoneToTrackTable for bone 130 returning INDEX_NONE
[2346.28] Log: DFPawn_Hero_Female_0::UpdateMeleeCollisionChecks ERROR - AnimLinkup->BoneToTrackTable for bone 130 returning INDEX_NONE
[2346.30] Log: DFPawn_Hero_Female_0::UpdateMeleeCollisionChecks ERROR - AnimLinkup->BoneToTrackTable for bone 130 returning INDEX_NONE
[2346.32] Log: DFPawn_Hero_Female_0::UpdateMeleeCollisionChecks ERROR - AnimLinkup->BoneToTrackTable for bone 130 returning INDEX_NONE
[2346.33] Log: DFPawn_Hero_Female_0::UpdateMeleeCollisionChecks ERROR - AnimLinkup->BoneToTrackTable for bone 130 returning INDEX_NONE
[2346.35] Log: DFPawn_Hero_Female_0::UpdateMeleeCollisionChecks ERROR - AnimLinkup->BoneToTrackTable for bone 130 returning INDEX_NONE
[2346.37] Log: DFPawn_Hero_Female_0::UpdateMeleeCollisionChecks ERROR - AnimLinkup->BoneToTrackTable for bone 130 returning INDEX_NONE
[2346.39] Log: DFPawn_Hero_Female_0::UpdateMeleeCollisionChecks ERROR - AnimLinkup->BoneToTrackTable for bone 130 returning INDEX_NONE
[2346.40] Log: DFPawn_Hero_Female_0::UpdateMeleeCollisionChecks ERROR - AnimLinkup->BoneToTrackTable for bone 130 returning INDEX_NONE
[2346.42] Log: DFPawn_Hero_Female_0::UpdateMeleeCollisionChecks ERROR - AnimLinkup->BoneToTrackTable for bone 130 returning INDEX_NONE
[2346.43] Log: DFPawn_Hero_Female_0::UpdateMeleeCollisionChecks ERROR - AnimLinkup->BoneToTrackTable for bone 130 returning INDEX_NONE
[2346.45] Log: DFPawn_Hero_Female_0::UpdateMeleeCollisionChecks ERROR - AnimLinkup->BoneToTrackTable for bone 130 returning INDEX_NONE
[2346.47] Log: DFPawn_Hero_Female_0::UpdateMeleeCollisionChecks ERROR - AnimLinkup->BoneToTrackTable for bone 130 returning INDEX_NONE
[2346.49] Log: DFPawn_Hero_Female_0::UpdateMeleeCollisionChecks ERROR - AnimLinkup->BoneToTrackTable for bone 130 returning INDEX_NONE
[2346.50] Log: DFPawn_Hero_Female_0::UpdateMeleeCollisionChecks ERROR - AnimLinkup->BoneToTrackTable for bone 130 returning INDEX_NONE
[2346.52] Log: DFPawn_Hero_Female_0::UpdateMeleeCollisionChecks ERROR - AnimLinkup->BoneToTrackTable for bone 130 returning INDEX_NONE
[2346.54] Log: DFPawn_Hero_Female_0::UpdateMeleeCollisionChecks ERROR - AnimLinkup->BoneToTrackTable for bone 130 returning INDEX_NONE
[2346.55] Log: DFPawn_Hero_Female_0::UpdateMeleeCollisionChecks ERROR - AnimLinkup->BoneToTrackTable for bone 130 returning INDEX_NONE
[2346.57] Log: DFPawn_Hero_Female_0::UpdateMeleeCollisionChecks ERROR - AnimLinkup->BoneToTrackTable for bone 130 returning INDEX_NONE
[2346.59] Log: DFPawn_Hero_Female_0::UpdateMeleeCollisionChecks ERROR - AnimLinkup->BoneToTrackTable for bone 130 returning INDEX_NONE
[2346.60] Log: DFPawn_Hero_Female_0::UpdateMeleeCollisionChecks ERROR - AnimLinkup->BoneToTrackTable for bone 130 returning INDEX_NONE
[2346.62] Log: DFPawn_Hero_Female_0::UpdateMeleeCollisionChecks ERROR - AnimLinkup->BoneToTrackTable for bone 130 returning INDEX_NONE
[2346.64] Log: DFPawn_Hero_Female_0::UpdateMeleeCollisionChecks ERROR - AnimLinkup->BoneToTrackTable for bone 130 returning INDEX_NONE
[2346.66] Log: DFPawn_Hero_Female_0::UpdateMeleeCollisionChecks ERROR - AnimLinkup->BoneToTrackTable for bone 130 returning INDEX_NONE
[2346.67] Log: DFPawn_Hero_Female_0::UpdateMeleeCollisionChecks ERROR - AnimLinkup->BoneToTrackTable for bone 130 returning INDEX_NONE
[2346.69] Log: DFPawn_Hero_Female_0::UpdateMeleeCollisionChecks ERROR - AnimLinkup->BoneToTrackTable for bone 130 returning INDEX_NONE
[2346.71] Log: DFPawn_Hero_Female_0::UpdateMeleeCollisionChecks ERROR - AnimLinkup->BoneToTrackTable for bone 130 returning INDEX_NONE
[2346.72] Log: DFPawn_Hero_Female_0::UpdateMeleeCollisionChecks ERROR - AnimLinkup->BoneToTrackTable for bone 130 returning INDEX_NONE
[2346.74] Log: DFPawn_Hero_Female_0::UpdateMeleeCollisionChecks ERROR - AnimLinkup->BoneToTrackTable for bone 130 returning INDEX_NONE
[2346.76] Log: DFPawn_Hero_Female_0::UpdateMeleeCollisionChecks ERROR - AnimLinkup->BoneToTrackTable for bone 130 returning INDEX_NONE
[2346.77] Log: DFPawn_Hero_Female_0::UpdateMeleeCollisionChecks ERROR - AnimLinkup->BoneToTrackTable for bone 130 returning INDEX_NONE
[2346.79] Log: DFPawn_Hero_Female_0::UpdateMeleeCollisionChecks ERROR - AnimLinkup->BoneToTrackTable for bone 130 returning INDEX_NONE
[2346.81] Log: DFPawn_Hero_Female_0::UpdateMeleeCollisionChecks ERROR - AnimLinkup->BoneToTrackTable for bone 130 returning INDEX_NONE
[2346.83] Log: DFPawn_Hero_Female_0::UpdateMeleeCollisionChecks ERROR - AnimLinkup->BoneToTrackTable for bone 130 returning INDEX_NONE
[2346.84] Log: DFPawn_Hero_Female_0::UpdateMeleeCollisionChecks ERROR - AnimLinkup->BoneToTrackTable for bone 130 returning INDEX_NONE
[2346.86] Log: DFPawn_Hero_Female_0::UpdateMeleeCollisionChecks ERROR - AnimLinkup->BoneToTrackTable for bone 130 returning INDEX_NONE
[2346.88] Log: DFPawn_Hero_Female_0::UpdateMeleeCollisionChecks ERROR - AnimLinkup->BoneToTrackTable for bone 130 returning INDEX_NONE
[2346.89] Log: DFPawn_Hero_Female_0::UpdateMeleeCollisionChecks ERROR - AnimLinkup->BoneToTrackTable for bone 130 returning INDEX_NONE
[2346.91] Log: DFPawn_Hero_Female_0::UpdateMeleeCollisionChecks ERROR - AnimLinkup->BoneToTrackTable for bone 130 returning INDEX_NONE
[2346.93] Log: DFPawn_Hero_Female_0::UpdateMeleeCollisionChecks ERROR - AnimLinkup->BoneToTrackTable for bone 130 returning INDEX_NONE
[2346.94] Log: DFPawn_Hero_Female_0::UpdateMeleeCollisionChecks ERROR - AnimLinkup->BoneToTrackTable for bone 130 returning INDEX_NONE
[2346.96] Log: DFPawn_Hero_Female_0::UpdateMeleeCollisionChecks ERROR - AnimLinkup->BoneToTrackTable for bone 130 returning INDEX_NONE
[2346.98] Log: DFPawn_Hero_Female_0::UpdateMeleeCollisionChecks ERROR - AnimLinkup->BoneToTrackTable for bone 130 returning INDEX_NONE
[2347.00] Log: DFPawn_Hero_Female_0::UpdateMeleeCollisionChecks ERROR - AnimLinkup->BoneToTrackTable for bone 130 returning INDEX_NONE
[2347.01] Log: DFPawn_Hero_Female_0::UpdateMeleeCollisionChecks ERROR - AnimLinkup->BoneToTrackTable for bone 130 returning INDEX_NONE
[2347.03] Log: DFPawn_Hero_Female_0::UpdateMeleeCollisionChecks ERROR - AnimLinkup->BoneToTrackTable for bone 130 returning INDEX_NONE
[2347.05] Log: DFPawn_Hero_Female_0::UpdateMeleeCollisionChecks ERROR - AnimLinkup->BoneToTrackTable for bone 130 returning INDEX_NONE
[2347.06] Log: DFPawn_Hero_Female_0::UpdateMeleeCollisionChecks ERROR - AnimLinkup->BoneToTrackTable for bone 130 returning INDEX_NONE
[2347.08] Log: DFPawn_Hero_Female_0::UpdateMeleeCollisionChecks ERROR - AnimLinkup->BoneToTrackTable for bone 130 returning INDEX_NONE
[2347.10] Log: DFPawn_Hero_Female_0::UpdateMeleeCollisionChecks ERROR - AnimLinkup->BoneToTrackTable for bone 130 returning INDEX_NONE
[2347.11] Log: DFPawn_Hero_Female_0::UpdateMeleeCollisionChecks ERROR - AnimLinkup->BoneToTrackTable for bone 130 returning INDEX_NONE
[2347.13] Log: DFPawn_Hero_Female_0::UpdateMeleeCollisionChecks ERROR - AnimLinkup->BoneToTrackTable for bone 130 returning INDEX_NONE
[2347.15] Log: DFPawn_Hero_Female_0::UpdateMeleeCollisionChecks ERROR - AnimLinkup->BoneToTrackTable for bone 130 returning INDEX_NONE
[2347.21] Warning: DFNodeTurnInPlace_Player_367 - Failed, with animsequence 'inj_TurnR180' on SkeletalMeshComponent: 'inXileForgedMeshComponent_1698' whose owner is: 'DFPawn_Minotaur_9' and is of type 'ForgedMeshComponent'
[2347.21] Warning: DFNodeTurnInPlace_Player_367 - Failed, with animsequence 'inj_TurnR180' on SkeletalMeshComponent: 'inXileForgedMeshComponent_1698' whose owner is: 'DFPawn_Minotaur_9' and is of type 'ForgedMeshComponent'
[2347.21] Log: DFPawn_Minotaur_9 PLAYSOUND with no sound cue called from HandleDeflect
[2347.21] Log: Script call stack:
	Function DFGame.DFForgedMeshProjectile_Arrow:HandleDeflect
	Function DFGame.DFForgedMeshProjectile:HandleDeflect

[2347.21] Log: DFPawn_Minotaur_9 PLAYSOUND with no sound cue called from HandleDeflect
[2347.21] Log: Script call stack:
	Function DFGame.DFForgedMeshProjectile_Arrow:HandleDeflect
	Function DFGame.DFForgedMeshProjectile:HandleDeflect

[2347.28] DevOnline: Listening for lan beacon requests on 6777
[2348.50] MP_Weapons_Native: SetAttackSkillObjectByName() failed, due to not having a prev. ASO - DFWeaponAttachment_Ranged_Spell_68
[2349.25] Error: ApplyNewRBState() called for kinematic actor DFDroppedPickup_267
[2349.25] Error: ApplyNewRBState() called for kinematic actor DFDroppedPickup_268
[2349.32] Error: ApplyNewRBState() called for kinematic actor DFDroppedPickup_267
[2349.32] Error: ApplyNewRBState() called for kinematic actor DFDroppedPickup_268
[2349.99] Log: DFPawn_Hero_Female_0::UpdateMeleeCollisionChecks ERROR - AnimLinkup->BoneToTrackTable for bone 130 returning INDEX_NONE
[2350.01] Log: DFPawn_Hero_Female_0::UpdateMeleeCollisionChecks ERROR - AnimLinkup->BoneToTrackTable for bone 130 returning INDEX_NONE
[2350.03] Log: DFPawn_Hero_Female_0::UpdateMeleeCollisionChecks ERROR - AnimLinkup->BoneToTrackTable for bone 130 returning INDEX_NONE
[2350.67] Warning: DFNodeTurnInPlace_Player_379 - Failed, with animsequence 'inj_TurnR90' on SkeletalMeshComponent: 'inXileForgedMeshComponent_1709' whose owner is: 'DFPawn_Minotaur_10' and is of type 'ForgedMeshComponent'
[2350.88] MP_Weapons_Native: SetAttackSkillObjectByName() failed, due to not having a prev. ASO - DFWeaponAttachment_Ranged_Bow_69
[2351.28] DevOnline: Listening for lan beacon requests on 6777
[2351.52] Warning: DFNodeTurnInPlace_Player_379 - Failed, with animsequence 'inj_TurnR90' on SkeletalMeshComponent: 'inXileForgedMeshComponent_1709' whose owner is: 'DFPawn_Minotaur_10' and is of type 'ForgedMeshComponent'
[2351.52] Log: DFPawn_Minotaur_10 PLAYSOUND with no sound cue called from HandleDeflect
[2351.52] Log: Script call stack:
	Function DFGame.DFForgedMeshProjectile_Arrow:HandleDeflect
	Function DFGame.DFForgedMeshProjectile:HandleDeflect

[2353.55] Error: ApplyNewRBState() called for kinematic actor DFDroppedPickup_270
[2353.62] Error: ApplyNewRBState() called for kinematic actor DFDroppedPickup_270
[2354.53] ScriptWarning: Accessed None 'RunSound'
	DFSpecialMove_RoadieRun UGC-Persistent.TheWorld:PersistentLevel.DFSpecialMove_RoadieRun_1
	Function DFGame.DFSpecialMove_RoadieRun:StartSpecialMove:04EF
[2355.30] ScriptWarning: Accessed None 'RunSound'
	DFSpecialMove_RoadieRun UGC-Persistent.TheWorld:PersistentLevel.DFSpecialMove_RoadieRun_1
	Function DFGame.DFSpecialMove_RoadieRun:StopSpecialMove:0174
[2356.15] ScriptWarning: Accessed None 'RunSound'
	DFSpecialMove_RoadieRun UGC-Persistent.TheWorld:PersistentLevel.DFSpecialMove_RoadieRun_1
	Function DFGame.DFSpecialMove_RoadieRun:StartSpecialMove:04EF
[2356.30] DevOnline: Listening for lan beacon requests on 6777
[2360.32] DevOnline: Listening for lan beacon requests on 6777
[2360.45] ScriptWarning: Accessed None 'RunSound'
	DFSpecialMove_RoadieRun UGC-Persistent.TheWorld:PersistentLevel.DFSpecialMove_RoadieRun_1
	Function DFGame.DFSpecialMove_RoadieRun:StopSpecialMove:0174
[2361.72] MP_Weapons_Native: SetAttackSkillObjectByName() failed, due to not having a prev. ASO - DFWeaponAttachment_Melee_80
[2361.72] Log: Skills: Adding skill to cache... Fireball Attack
[2361.72] MP_Weapons_Native: SetAttackSkillObjectByName() failed, due to not having a prev. ASO - DFWeaponAttachment_Ranged_Spell_69
[2361.81] Log: Skills: Adding skill to cache... Fireball Attack
[2361.81] MP_Weapons_Native: SetAttackSkillObjectByName() failed, due to not having a prev. ASO - DFWeaponAttachment_Ranged_Spell_70
[2362.63] MP_Weapons_Native: SetAttackSkillObjectByName() failed, due to not having a prev. ASO - DFWeaponAttachment_Melee_81
[2363.44] ScriptWarning: Accessed None 'CurrentWeaponAttachment'
	DFWeaponAttachment_Melee UGC-Persistent.TheWorld:PersistentLevel.DFWeaponAttachment_Melee_79
	Function DFGame.DFWeaponAttachment:Cleanup:0152
[2363.73] Log: Could not find FMC creator for PSC UGC-Persistent.TheWorld:PersistentLevel.DFPawn_Hero_Female_0.inXileParticleSystemComponent_6645 completion callback, message None
[2363.73] Log: Could not find FMC creator for PSC UGC-Persistent.TheWorld:PersistentLevel.DFPawn_Hero_Female_0.inXileParticleSystemComponent_6646 completion callback, message None
[2363.83] MP_Weapons_Native: SetAttackSkillObjectByName() failed, due to not having a prev. ASO - DFWeaponAttachment_Ranged_Spell_71
[2364.10] MP_Weapons_Native: SetAttackSkillObjectByName() failed, due to not having a prev. ASO - DFWeaponAttachment_Ranged_Spell_72
[2365.12] Log: Could not find FMC creator for PSC UGC-Persistent.TheWorld:PersistentLevel.DFPawn_Hero_Female_0.inXileParticleSystemComponent_6653 completion callback, message None
[2365.33] DevOnline: Listening for lan beacon requests on 6777
[2365.58] Log: Could not find FMC creator for PSC UGC-Persistent.TheWorld:PersistentLevel.DFPawn_Hero_Male_0.inXileParticleSystemComponent_6658 completion callback, message None
[2367.24] Log: Could not find FMC creator for PSC UGC-Persistent.TheWorld:PersistentLevel.DFPawn_Hero_Female_0.inXileParticleSystemComponent_6654 completion callback, message None
[2367.70] Log: Could not find FMC creator for PSC UGC-Persistent.TheWorld:PersistentLevel.DFPawn_Hero_Male_0.inXileParticleSystemComponent_6659 completion callback, message None
[2367.80] Log: Skills: Adding skill to cache... 
[2368.80] Log: AActor::SetBase : Bone (BuffLight) not found on DFPawn_Nid_66 for inXileForgedMeshActorSpawnable_51!
[2369.34] DevOnline: Listening for lan beacon requests on 6777
[2370.60] MP_Weapons_Native: SetAttackSkillObjectByName() failed, due to not having a prev. ASO - DFWeaponAttachment_Ranged_Bow_70
[2370.86] Log: Skills: Adding skill to cache... Area Of Denial
[2371.00] Log: WARNING! 2 TurnInPlace_Blender nodes are relevant, should only be 1 at a time!
[2371.59] Error: ApplyNewRBState() called for kinematic actor DFDroppedPickup_273
[2371.66] Error: ApplyNewRBState() called for kinematic actor DFDroppedPickup_273
[2374.35] DevOnline: Listening for lan beacon requests on 6777
[2375.39] ScriptWarning: Accessed None 'RunSound'
	DFSpecialMove_RoadieRun UGC-Persistent.TheWorld:PersistentLevel.DFSpecialMove_RoadieRun_1
	Function DFGame.DFSpecialMove_RoadieRun:StartSpecialMove:04EF
[2375.41] ScriptWarning: Accessed None 'RunSound'
	DFSpecialMove_RoadieRun UGC-Persistent.TheWorld:PersistentLevel.DFSpecialMove_RoadieRun_1
	Function DFGame.DFSpecialMove_RoadieRun:StopSpecialMove:0174
[2376.15] Log: DFPawn_Nid_68 PLAYSOUND with no sound cue called from HandleDeflect
[2376.15] Log: Script call stack:
	Function DFGame.DFForgedMeshProjectile_Arrow:HandleDeflect
	Function DFGame.DFForgedMeshProjectile:HandleDeflect

[2376.90] ScriptWarning: Accessed None 'RunSound'
	DFSpecialMove_RoadieRun UGC-Persistent.TheWorld:PersistentLevel.DFSpecialMove_RoadieRun_1
	Function DFGame.DFSpecialMove_RoadieRun:StartSpecialMove:04EF
[2377.01] ScriptWarning: Accessed None 'RunSound'
	DFSpecialMove_RoadieRun UGC-Persistent.TheWorld:PersistentLevel.DFSpecialMove_RoadieRun_1
	Function DFGame.DFSpecialMove_RoadieRun:StopSpecialMove:0174
[2378.18] Error: ApplyNewRBState() called for kinematic actor DFDroppedPickup_276
[2378.25] Error: ApplyNewRBState() called for kinematic actor DFDroppedPickup_276
[2378.36] DevOnline: Listening for lan beacon requests on 6777
[2380.98] MP_Weapons_Native: SetAttackSkillObjectByName() failed, due to not having a prev. ASO - DFWeaponAttachment_Ranged_Spell_73
[2383.37] DevOnline: Listening for lan beacon requests on 6777
[2387.39] DevOnline: Listening for lan beacon requests on 6777
[2390.59] Error: ApplyNewRBState() called for kinematic actor DFDroppedPickup_277
[2390.59] Error: ApplyNewRBState() called for kinematic actor DFDroppedPickup_278
[2390.66] Error: ApplyNewRBState() called for kinematic actor DFDroppedPickup_277
[2390.66] Error: ApplyNewRBState() called for kinematic actor DFDroppedPickup_278
[2392.40] DevOnline: Listening for lan beacon requests on 6777
[2392.61] ScriptWarning: Accessed None 'CurrentWeaponAttachment'
	DFWeaponAttachment_Ranged_Spell UGC-Persistent.TheWorld:PersistentLevel.DFWeaponAttachment_Ranged_Spell_71
	Function DFGame.DFWeaponAttachment:Cleanup:0152
[2392.90] MP_Weapons_Native: SetAttackSkillObjectByName() failed, due to not having a prev. ASO - DFWeaponAttachment_Melee_82
[2392.90] Log: Could not find FMC creator for PSC UGC-Persistent.TheWorld:PersistentLevel.DFPawn_Hero_Male_0.inXileParticleSystemComponent_6723 completion callback, message None
[2393.76] Log: WARNING! 2 TurnInPlace_Blender nodes are relevant, should only be 1 at a time!
[2396.42] DevOnline: Listening for lan beacon requests on 6777
[2396.62] Log: WARNING! 2 TurnInPlace_Blender nodes are relevant, should only be 1 at a time!
[2396.71] Log: Could not find FMC creator for PSC UGC-Persistent.TheWorld:PersistentLevel.DFPawn_Hero_Male_0.inXileParticleSystemComponent_6724 completion callback, message None
[2397.80] MP_Weapons_Native: SetAttackSkillObjectByName() failed, due to not having a prev. ASO - DFWeaponAttachment_Ranged_Bow_71
[2399.08] ScriptWarning: Accessed None 'RunSound'
	DFSpecialMove_RoadieRun UGC-Persistent.TheWorld:PersistentLevel.DFSpecialMove_RoadieRun_1
	Function DFGame.DFSpecialMove_RoadieRun:StartSpecialMove:04EF
[2399.56] ScriptWarning: Accessed None 'RunSound'
	DFSpecialMove_RoadieRun UGC-Persistent.TheWorld:PersistentLevel.DFSpecialMove_RoadieRun_1
	Function DFGame.DFSpecialMove_RoadieRun:StopSpecialMove:0174
[2400.47] Log: PlayCustomAnim ADD_DamLiteB, CustomChildIndex: 1, Animation Not Found!!
[2400.49] Log: PlayCustomAnim StowMeleeNone, CustomChildIndex: 1, Animation Not Found!!
[2401.03] Log: PlayCustomAnim ADD_DamLiteB, CustomChildIndex: 1, Animation Not Found!!
[2401.44] DevOnline: Listening for lan beacon requests on 6777
[2401.49] Log: PlayCustomAnim EquipMeleeNone, CustomChildIndex: 1, Animation Not Found!!
[2401.64] Log: PlayCustomAnim ADD_DamLiteB, CustomChildIndex: 1, Animation Not Found!!
[2402.49] Log: PlayCustomAnim ADD_DamLiteB, CustomChildIndex: 1, Animation Not Found!!
[2402.51] Log: Skills: Adding skill to cache... Melee Stomp
[2402.51] MP_Weapons_Native: SetAttackSkillObjectByName() failed, due to not having a prev. ASO - DFWeaponAttachment_Melee_83
[2404.51] ScriptWarning: Accessed None 'RunSound'
	DFSpecialMove_RoadieRun UGC-Persistent.TheWorld:PersistentLevel.DFSpecialMove_RoadieRun_1
	Function DFGame.DFSpecialMove_RoadieRun:StartSpecialMove:04EF
[2404.62] ScriptWarning: Accessed None 'RunSound'
	DFSpecialMove_RoadieRun UGC-Persistent.TheWorld:PersistentLevel.DFSpecialMove_RoadieRun_1
	Function DFGame.DFSpecialMove_RoadieRun:StopSpecialMove:0174
[2405.22] ScriptWarning: Accessed None 'RunSound'
	DFSpecialMove_RoadieRun UGC-Persistent.TheWorld:PersistentLevel.DFSpecialMove_RoadieRun_1
	Function DFGame.DFSpecialMove_RoadieRun:StartSpecialMove:04EF
[2405.46] DevOnline: Listening for lan beacon requests on 6777
[2407.42] ScriptWarning: Accessed None 'RunSound'
	DFSpecialMove_RoadieRun UGC-Persistent.TheWorld:PersistentLevel.DFSpecialMove_RoadieRun_1
	Function DFGame.DFSpecialMove_RoadieRun:StopSpecialMove:0174
[2407.89] Log: PlayCustomAnim ADD_DamLiteB, CustomChildIndex: 1, Animation Not Found!!
[2408.39] Log: DFPawn_Hero_Female_0::UpdateMeleeCollisionChecks ERROR - AnimLinkup->BoneToTrackTable for bone 130 returning INDEX_NONE
[2408.40] Log: DFPawn_Hero_Female_0::UpdateMeleeCollisionChecks ERROR - AnimLinkup->BoneToTrackTable for bone 130 returning INDEX_NONE
[2408.42] Log: DFPawn_Hero_Female_0::UpdateMeleeCollisionChecks ERROR - AnimLinkup->BoneToTrackTable for bone 130 returning INDEX_NONE
[2408.44] Log: DFPawn_Hero_Female_0::UpdateMeleeCollisionChecks ERROR - AnimLinkup->BoneToTrackTable for bone 130 returning INDEX_NONE
[2408.45] Log: DFPawn_Hero_Female_0::UpdateMeleeCollisionChecks ERROR - AnimLinkup->BoneToTrackTable for bone 130 returning INDEX_NONE
[2408.47] Log: DFPawn_Hero_Female_0::UpdateMeleeCollisionChecks ERROR - AnimLinkup->BoneToTrackTable for bone 130 returning INDEX_NONE
[2408.49] Log: DFPawn_Hero_Female_0::UpdateMeleeCollisionChecks ERROR - AnimLinkup->BoneToTrackTable for bone 130 returning INDEX_NONE
[2408.51] Log: DFPawn_Hero_Female_0::UpdateMeleeCollisionChecks ERROR - AnimLinkup->BoneToTrackTable for bone 130 returning INDEX_NONE
[2408.52] Log: DFPawn_Hero_Female_0::UpdateMeleeCollisionChecks ERROR - AnimLinkup->BoneToTrackTable for bone 130 returning INDEX_NONE
[2408.54] Log: DFPawn_Hero_Female_0::UpdateMeleeCollisionChecks ERROR - AnimLinkup->BoneToTrackTable for bone 130 returning INDEX_NONE
[2408.56] Log: DFPawn_Hero_Female_0::UpdateMeleeCollisionChecks ERROR - AnimLinkup->BoneToTrackTable for bone 130 returning INDEX_NONE
[2408.57] Log: DFPawn_Hero_Female_0::UpdateMeleeCollisionChecks ERROR - AnimLinkup->BoneToTrackTable for bone 130 returning INDEX_NONE
[2408.59] Log: DFPawn_Hero_Female_0::UpdateMeleeCollisionChecks ERROR - AnimLinkup->BoneToTrackTable for bone 130 returning INDEX_NONE
[2408.61] Log: DFPawn_Hero_Female_0::UpdateMeleeCollisionChecks ERROR - AnimLinkup->BoneToTrackTable for bone 130 returning INDEX_NONE
[2408.62] Log: DFPawn_Hero_Female_0::UpdateMeleeCollisionChecks ERROR - AnimLinkup->BoneToTrackTable for bone 130 returning INDEX_NONE
[2408.64] Log: DFPawn_Hero_Female_0::UpdateMeleeCollisionChecks ERROR - AnimLinkup->BoneToTrackTable for bone 130 returning INDEX_NONE
[2408.66] Log: DFPawn_Hero_Female_0::UpdateMeleeCollisionChecks ERROR - AnimLinkup->BoneToTrackTable for bone 130 returning INDEX_NONE
[2408.68] Log: DFPawn_Hero_Female_0::UpdateMeleeCollisionChecks ERROR - AnimLinkup->BoneToTrackTable for bone 130 returning INDEX_NONE
[2408.69] Log: DFPawn_Hero_Female_0::UpdateMeleeCollisionChecks ERROR - AnimLinkup->BoneToTrackTable for bone 130 returning INDEX_NONE
[2408.71] Log: DFPawn_Hero_Female_0::UpdateMeleeCollisionChecks ERROR - AnimLinkup->BoneToTrackTable for bone 130 returning INDEX_NONE
[2408.73] Log: DFPawn_Hero_Female_0::UpdateMeleeCollisionChecks ERROR - AnimLinkup->BoneToTrackTable for bone 130 returning INDEX_NONE
[2408.74] Log: DFPawn_Hero_Female_0::UpdateMeleeCollisionChecks ERROR - AnimLinkup->BoneToTrackTable for bone 130 returning INDEX_NONE
[2408.76] Log: DFPawn_Hero_Female_0::UpdateMeleeCollisionChecks ERROR - AnimLinkup->BoneToTrackTable for bone 130 returning INDEX_NONE
[2408.78] Log: DFPawn_Hero_Female_0::UpdateMeleeCollisionChecks ERROR - AnimLinkup->BoneToTrackTable for bone 130 returning INDEX_NONE
[2408.79] Log: DFPawn_Hero_Female_0::UpdateMeleeCollisionChecks ERROR - AnimLinkup->BoneToTrackTable for bone 130 returning INDEX_NONE
[2408.81] Log: DFPawn_Hero_Female_0::UpdateMeleeCollisionChecks ERROR - AnimLinkup->BoneToTrackTable for bone 130 returning INDEX_NONE
[2408.83] Log: DFPawn_Hero_Female_0::UpdateMeleeCollisionChecks ERROR - AnimLinkup->BoneToTrackTable for bone 130 returning INDEX_NONE
[2408.84] Log: DFPawn_Hero_Female_0::UpdateMeleeCollisionChecks ERROR - AnimLinkup->BoneToTrackTable for bone 130 returning INDEX_NONE
[2408.86] Log: DFPawn_Hero_Female_0::UpdateMeleeCollisionChecks ERROR - AnimLinkup->BoneToTrackTable for bone 130 returning INDEX_NONE
[2408.88] Log: DFPawn_Hero_Female_0::UpdateMeleeCollisionChecks ERROR - AnimLinkup->BoneToTrackTable for bone 130 returning INDEX_NONE
[2408.90] Log: DFPawn_Hero_Female_0::UpdateMeleeCollisionChecks ERROR - AnimLinkup->BoneToTrackTable for bone 130 returning INDEX_NONE
[2408.91] Log: DFPawn_Hero_Female_0::UpdateMeleeCollisionChecks ERROR - AnimLinkup->BoneToTrackTable for bone 130 returning INDEX_NONE
[2408.93] Log: DFPawn_Hero_Female_0::UpdateMeleeCollisionChecks ERROR - AnimLinkup->BoneToTrackTable for bone 130 returning INDEX_NONE
[2408.95] Log: DFPawn_Hero_Female_0::UpdateMeleeCollisionChecks ERROR - AnimLinkup->BoneToTrackTable for bone 130 returning INDEX_NONE
[2408.96] Log: DFPawn_Hero_Female_0::UpdateMeleeCollisionChecks ERROR - AnimLinkup->BoneToTrackTable for bone 130 returning INDEX_NONE
[2408.98] Log: DFPawn_Hero_Female_0::UpdateMeleeCollisionChecks ERROR - AnimLinkup->BoneToTrackTable for bone 130 returning INDEX_NONE
[2409.00] Log: DFPawn_Hero_Female_0::UpdateMeleeCollisionChecks ERROR - AnimLinkup->BoneToTrackTable for bone 130 returning INDEX_NONE
[2409.01] Log: DFPawn_Hero_Female_0::UpdateMeleeCollisionChecks ERROR - AnimLinkup->BoneToTrackTable for bone 130 returning INDEX_NONE
[2409.03] Log: DFPawn_Hero_Female_0::UpdateMeleeCollisionChecks ERROR - AnimLinkup->BoneToTrackTable for bone 130 returning INDEX_NONE
[2409.05] Log: DFPawn_Hero_Female_0::UpdateMeleeCollisionChecks ERROR - AnimLinkup->BoneToTrackTable for bone 130 returning INDEX_NONE
[2409.06] Log: DFPawn_Hero_Female_0::UpdateMeleeCollisionChecks ERROR - AnimLinkup->BoneToTrackTable for bone 130 returning INDEX_NONE
[2409.08] Log: DFPawn_Hero_Female_0::UpdateMeleeCollisionChecks ERROR - AnimLinkup->BoneToTrackTable for bone 130 returning INDEX_NONE
[2409.10] Log: DFPawn_Hero_Female_0::UpdateMeleeCollisionChecks ERROR - AnimLinkup->BoneToTrackTable for bone 130 returning INDEX_NONE
[2409.11] Log: DFPawn_Hero_Female_0::UpdateMeleeCollisionChecks ERROR - AnimLinkup->BoneToTrackTable for bone 130 returning INDEX_NONE
[2409.13] Log: DFPawn_Hero_Female_0::UpdateMeleeCollisionChecks ERROR - AnimLinkup->BoneToTrackTable for bone 130 returning INDEX_NONE
[2409.15] Log: DFPawn_Hero_Female_0::UpdateMeleeCollisionChecks ERROR - AnimLinkup->BoneToTrackTable for bone 130 returning INDEX_NONE
[2409.17] Log: DFPawn_Hero_Female_0::UpdateMeleeCollisionChecks ERROR - AnimLinkup->BoneToTrackTable for bone 130 returning INDEX_NONE
[2409.18] Log: DFPawn_Hero_Female_0::UpdateMeleeCollisionChecks ERROR - AnimLinkup->BoneToTrackTable for bone 130 returning INDEX_NONE
[2409.20] Log: DFPawn_Hero_Female_0::UpdateMeleeCollisionChecks ERROR - AnimLinkup->BoneToTrackTable for bone 130 returning INDEX_NONE
[2409.22] Log: DFPawn_Hero_Female_0::UpdateMeleeCollisionChecks ERROR - AnimLinkup->BoneToTrackTable for bone 130 returning INDEX_NONE
[2409.23] Log: DFPawn_Hero_Female_0::UpdateMeleeCollisionChecks ERROR - AnimLinkup->BoneToTrackTable for bone 130 returning INDEX_NONE
[2409.25] Log: DFPawn_Hero_Female_0::UpdateMeleeCollisionChecks ERROR - AnimLinkup->BoneToTrackTable for bone 130 returning INDEX_NONE
[2409.27] Log: DFPawn_Hero_Female_0::UpdateMeleeCollisionChecks ERROR - AnimLinkup->BoneToTrackTable for bone 130 returning INDEX_NONE
[2409.28] Log: DFPawn_Hero_Female_0::UpdateMeleeCollisionChecks ERROR - AnimLinkup->BoneToTrackTable for bone 130 returning INDEX_NONE
[2409.30] Log: DFPawn_Hero_Female_0::UpdateMeleeCollisionChecks ERROR - AnimLinkup->BoneToTrackTable for bone 130 returning INDEX_NONE
[2409.32] Log: DFPawn_Hero_Female_0::UpdateMeleeCollisionChecks ERROR - AnimLinkup->BoneToTrackTable for bone 130 returning INDEX_NONE
[2409.34] Log: DFPawn_Hero_Female_0::UpdateMeleeCollisionChecks ERROR - AnimLinkup->BoneToTrackTable for bone 130 returning INDEX_NONE
[2409.35] Log: DFPawn_Hero_Female_0::UpdateMeleeCollisionChecks ERROR - AnimLinkup->BoneToTrackTable for bone 130 returning INDEX_NONE
[2409.37] Log: DFPawn_Hero_Female_0::UpdateMeleeCollisionChecks ERROR - AnimLinkup->BoneToTrackTable for bone 130 returning INDEX_NONE
[2409.39] Log: DFPawn_Hero_Female_0::UpdateMeleeCollisionChecks ERROR - AnimLinkup->BoneToTrackTable for bone 130 returning INDEX_NONE
[2409.40] Log: DFPawn_Hero_Female_0::UpdateMeleeCollisionChecks ERROR - AnimLinkup->BoneToTrackTable for bone 130 returning INDEX_NONE
[2409.42] Log: DFPawn_Hero_Female_0::UpdateMeleeCollisionChecks ERROR - AnimLinkup->BoneToTrackTable for bone 130 returning INDEX_NONE
[2409.44] Log: DFPawn_Hero_Female_0::UpdateMeleeCollisionChecks ERROR - AnimLinkup->BoneToTrackTable for bone 130 returning INDEX_NONE
[2409.45] Log: DFPawn_Hero_Female_0::UpdateMeleeCollisionChecks ERROR - AnimLinkup->BoneToTrackTable for bone 130 returning INDEX_NONE
[2409.47] Log: DFPawn_Hero_Female_0::UpdateMeleeCollisionChecks ERROR - AnimLinkup->BoneToTrackTable for bone 130 returning INDEX_NONE
[2409.49] Log: DFPawn_Hero_Female_0::UpdateMeleeCollisionChecks ERROR - AnimLinkup->BoneToTrackTable for bone 130 returning INDEX_NONE
[2409.50] Log: DFPawn_Hero_Female_0::UpdateMeleeCollisionChecks ERROR - AnimLinkup->BoneToTrackTable for bone 130 returning INDEX_NONE
[2409.52] Log: DFPawn_Hero_Female_0::UpdateMeleeCollisionChecks ERROR - AnimLinkup->BoneToTrackTable for bone 130 returning INDEX_NONE
[2409.54] Log: DFPawn_Hero_Female_0::UpdateMeleeCollisionChecks ERROR - AnimLinkup->BoneToTrackTable for bone 130 returning INDEX_NONE
[2409.56] Log: DFPawn_Hero_Female_0::UpdateMeleeCollisionChecks ERROR - AnimLinkup->BoneToTrackTable for bone 130 returning INDEX_NONE
[2409.57] Log: DFPawn_Hero_Female_0::UpdateMeleeCollisionChecks ERROR - AnimLinkup->BoneToTrackTable for bone 130 returning INDEX_NONE
[2409.59] Log: DFPawn_Hero_Female_0::UpdateMeleeCollisionChecks ERROR - AnimLinkup->BoneToTrackTable for bone 130 returning INDEX_NONE
[2409.61] Log: DFPawn_Hero_Female_0::UpdateMeleeCollisionChecks ERROR - AnimLinkup->BoneToTrackTable for bone 130 returning INDEX_NONE
[2409.62] Log: DFPawn_Hero_Female_0::UpdateMeleeCollisionChecks ERROR - AnimLinkup->BoneToTrackTable for bone 130 returning INDEX_NONE
[2409.64] Log: DFPawn_Hero_Female_0::UpdateMeleeCollisionChecks ERROR - AnimLinkup->BoneToTrackTable for bone 130 returning INDEX_NONE
[2409.66] Log: DFPawn_Hero_Female_0::UpdateMeleeCollisionChecks ERROR - AnimLinkup->BoneToTrackTable for bone 130 returning INDEX_NONE
[2409.67] Log: DFPawn_Hero_Female_0::UpdateMeleeCollisionChecks ERROR - AnimLinkup->BoneToTrackTable for bone 130 returning INDEX_NONE
[2409.69] Log: DFPawn_Hero_Female_0::UpdateMeleeCollisionChecks ERROR - AnimLinkup->BoneToTrackTable for bone 130 returning INDEX_NONE
[2409.71] Log: DFPawn_Hero_Female_0::UpdateMeleeCollisionChecks ERROR - AnimLinkup->BoneToTrackTable for bone 130 returning INDEX_NONE
[2409.72] Log: DFPawn_Hero_Female_0::UpdateMeleeCollisionChecks ERROR - AnimLinkup->BoneToTrackTable for bone 130 returning INDEX_NONE
[2409.74] Log: DFPawn_Hero_Female_0::UpdateMeleeCollisionChecks ERROR - AnimLinkup->BoneToTrackTable for bone 130 returning INDEX_NONE
[2409.76] Log: DFPawn_Hero_Female_0::UpdateMeleeCollisionChecks ERROR - AnimLinkup->BoneToTrackTable for bone 130 returning INDEX_NONE
[2409.78] Log: DFPawn_Hero_Female_0::UpdateMeleeCollisionChecks ERROR - AnimLinkup->BoneToTrackTable for bone 130 returning INDEX_NONE
[2409.79] Log: DFPawn_Hero_Female_0::UpdateMeleeCollisionChecks ERROR - AnimLinkup->BoneToTrackTable for bone 130 returning INDEX_NONE
[2409.81] Log: DFPawn_Hero_Female_0::UpdateMeleeCollisionChecks ERROR - AnimLinkup->BoneToTrackTable for bone 130 returning INDEX_NONE
[2409.83] Log: DFPawn_Hero_Female_0::UpdateMeleeCollisionChecks ERROR - AnimLinkup->BoneToTrackTable for bone 130 returning INDEX_NONE
[2409.84] Log: DFPawn_Hero_Female_0::UpdateMeleeCollisionChecks ERROR - AnimLinkup->BoneToTrackTable for bone 130 returning INDEX_NONE
[2409.86] Log: DFPawn_Hero_Female_0::UpdateMeleeCollisionChecks ERROR - AnimLinkup->BoneToTrackTable for bone 130 returning INDEX_NONE
[2409.88] Log: DFPawn_Hero_Female_0::UpdateMeleeCollisionChecks ERROR - AnimLinkup->BoneToTrackTable for bone 130 returning INDEX_NONE
[2409.89] Log: DFPawn_Hero_Female_0::UpdateMeleeCollisionChecks ERROR - AnimLinkup->BoneToTrackTable for bone 130 returning INDEX_NONE
[2409.91] Log: PlayCustomAnim StowMeleeNone, CustomChildIndex: 1, Animation Not Found!!
[2409.91] Log: DFPawn_Hero_Female_0::UpdateMeleeCollisionChecks ERROR - AnimLinkup->BoneToTrackTable for bone 130 returning INDEX_NONE
[2409.93] Log: DFPawn_Hero_Female_0::UpdateMeleeCollisionChecks ERROR - AnimLinkup->BoneToTrackTable for bone 130 returning INDEX_NONE
[2409.95] Log: DFPawn_Hero_Female_0::UpdateMeleeCollisionChecks ERROR - AnimLinkup->BoneToTrackTable for bone 130 returning INDEX_NONE
[2409.96] Log: DFPawn_Hero_Female_0::UpdateMeleeCollisionChecks ERROR - AnimLinkup->BoneToTrackTable for bone 130 returning INDEX_NONE
[2409.98] Log: DFPawn_Hero_Female_0::UpdateMeleeCollisionChecks ERROR - AnimLinkup->BoneToTrackTable for bone 130 returning INDEX_NONE
[2410.00] Log: DFPawn_Hero_Female_0::UpdateMeleeCollisionChecks ERROR - AnimLinkup->BoneToTrackTable for bone 130 returning INDEX_NONE
[2410.02] Log: DFPawn_Hero_Female_0::UpdateMeleeCollisionChecks ERROR - AnimLinkup->BoneToTrackTable for bone 130 returning INDEX_NONE
[2410.03] Log: DFPawn_Hero_Female_0::UpdateMeleeCollisionChecks ERROR - AnimLinkup->BoneToTrackTable for bone 130 returning INDEX_NONE
[2410.05] Log: DFPawn_Hero_Female_0::UpdateMeleeCollisionChecks ERROR - AnimLinkup->BoneToTrackTable for bone 130 returning INDEX_NONE
[2410.06] Log: DFPawn_Hero_Female_0::UpdateMeleeCollisionChecks ERROR - AnimLinkup->BoneToTrackTable for bone 130 returning INDEX_NONE
[2410.08] Log: DFPawn_Hero_Female_0::UpdateMeleeCollisionChecks ERROR - AnimLinkup->BoneToTrackTable for bone 130 returning INDEX_NONE
[2410.10] Log: DFPawn_Hero_Female_0::UpdateMeleeCollisionChecks ERROR - AnimLinkup->BoneToTrackTable for bone 130 returning INDEX_NONE
[2410.12] Log: DFPawn_Hero_Female_0::UpdateMeleeCollisionChecks ERROR - AnimLinkup->BoneToTrackTable for bone 130 returning INDEX_NONE
[2410.13] Log: DFPawn_Hero_Female_0::UpdateMeleeCollisionChecks ERROR - AnimLinkup->BoneToTrackTable for bone 130 returning INDEX_NONE
[2410.15] Log: DFPawn_Hero_Female_0::UpdateMeleeCollisionChecks ERROR - AnimLinkup->BoneToTrackTable for bone 130 returning INDEX_NONE
[2410.17] Log: DFPawn_Hero_Female_0::UpdateMeleeCollisionChecks ERROR - AnimLinkup->BoneToTrackTable for bone 130 returning INDEX_NONE
[2410.18] Log: DFPawn_Hero_Female_0::UpdateMeleeCollisionChecks ERROR - AnimLinkup->BoneToTrackTable for bone 130 returning INDEX_NONE
[2410.20] Log: DFPawn_Hero_Female_0::UpdateMeleeCollisionChecks ERROR - AnimLinkup->BoneToTrackTable for bone 130 returning INDEX_NONE
[2410.22] Log: DFPawn_Hero_Female_0::UpdateMeleeCollisionChecks ERROR - AnimLinkup->BoneToTrackTable for bone 130 returning INDEX_NONE
[2410.23] Log: DFPawn_Hero_Female_0::UpdateMeleeCollisionChecks ERROR - AnimLinkup->BoneToTrackTable for bone 130 returning INDEX_NONE
[2410.25] Log: DFPawn_Hero_Female_0::UpdateMeleeCollisionChecks ERROR - AnimLinkup->BoneToTrackTable for bone 130 returning INDEX_NONE
[2410.27] Log: DFPawn_Hero_Female_0::UpdateMeleeCollisionChecks ERROR - AnimLinkup->BoneToTrackTable for bone 130 returning INDEX_NONE
[2410.28] Log: DFPawn_Hero_Female_0::UpdateMeleeCollisionChecks ERROR - AnimLinkup->BoneToTrackTable for bone 130 returning INDEX_NONE
[2410.30] Log: DFPawn_Hero_Female_0::UpdateMeleeCollisionChecks ERROR - AnimLinkup->BoneToTrackTable for bone 130 returning INDEX_NONE
[2410.32] Log: DFPawn_Hero_Female_0::UpdateMeleeCollisionChecks ERROR - AnimLinkup->BoneToTrackTable for bone 130 returning INDEX_NONE
[2410.34] Log: DFPawn_Hero_Female_0::UpdateMeleeCollisionChecks ERROR - AnimLinkup->BoneToTrackTable for bone 130 returning INDEX_NONE
[2410.36] Log: DFPawn_Hero_Female_0::UpdateMeleeCollisionChecks ERROR - AnimLinkup->BoneToTrackTable for bone 130 returning INDEX_NONE
[2410.37] Log: DFPawn_Hero_Female_0::UpdateMeleeCollisionChecks ERROR - AnimLinkup->BoneToTrackTable for bone 130 returning INDEX_NONE
[2410.39] Log: DFPawn_Hero_Female_0::UpdateMeleeCollisionChecks ERROR - AnimLinkup->BoneToTrackTable for bone 130 returning INDEX_NONE
[2410.40] Log: DFPawn_Hero_Female_0::UpdateMeleeCollisionChecks ERROR - AnimLinkup->BoneToTrackTable for bone 130 returning INDEX_NONE
[2410.42] Log: DFPawn_Hero_Female_0::UpdateMeleeCollisionChecks ERROR - AnimLinkup->BoneToTrackTable for bone 130 returning INDEX_NONE
[2410.44] Log: DFPawn_Hero_Female_0::UpdateMeleeCollisionChecks ERROR - AnimLinkup->BoneToTrackTable for bone 130 returning INDEX_NONE
[2410.45] Log: DFPawn_Hero_Female_0::UpdateMeleeCollisionChecks ERROR - AnimLinkup->BoneToTrackTable for bone 130 returning INDEX_NONE
[2410.47] DevOnline: Listening for lan beacon requests on 6777
[2410.47] Log: DFPawn_Hero_Female_0::UpdateMeleeCollisionChecks ERROR - AnimLinkup->BoneToTrackTable for bone 130 returning INDEX_NONE
[2410.49] Log: DFPawn_Hero_Female_0::UpdateMeleeCollisionChecks ERROR - AnimLinkup->BoneToTrackTable for bone 130 returning INDEX_NONE
[2410.50] Log: DFPawn_Hero_Female_0::UpdateMeleeCollisionChecks ERROR - AnimLinkup->BoneToTrackTable for bone 130 returning INDEX_NONE
[2410.52] Log: DFPawn_Hero_Female_0::UpdateMeleeCollisionChecks ERROR - AnimLinkup->BoneToTrackTable for bone 130 returning INDEX_NONE
[2410.54] Log: DFPawn_Hero_Female_0::UpdateMeleeCollisionChecks ERROR - AnimLinkup->BoneToTrackTable for bone 130 returning INDEX_NONE
[2410.54] ScriptWarning: Accessed None 'RunSound'
	DFSpecialMove_RoadieRun UGC-Persistent.TheWorld:PersistentLevel.DFSpecialMove_RoadieRun_1
	Function DFGame.DFSpecialMove_RoadieRun:StartSpecialMove:04EF
[2410.64] Log: Could not find FMC creator for PSC UGC-Persistent.TheWorld:PersistentLevel.DFWeaponAttachment_Melee_82.inXileParticleSystemComponent_6760 completion callback, message None
[2410.89] Log: PlayCustomAnim EquipMeleeNone, CustomChildIndex: 1, Animation Not Found!!
[2411.08] ScriptWarning: Accessed None 'RunSound'
	DFSpecialMove_RoadieRun UGC-Persistent.TheWorld:PersistentLevel.DFSpecialMove_RoadieRun_1
	Function DFGame.DFSpecialMove_RoadieRun:StopSpecialMove:0174
[2411.49] Log: PlayCustomAnim ADD_DamLiteF, CustomChildIndex: 1, Animation Not Found!!
[2411.91] MP_Weapons_Native: SetAttackSkillObjectByName() failed, due to not having a prev. ASO - DFWeaponAttachment_Ranged_Spell_74
[2412.69] ScriptWarning: Accessed None 'RunSound'
	DFSpecialMove_RoadieRun UGC-Persistent.TheWorld:PersistentLevel.DFSpecialMove_RoadieRun_1
	Function DFGame.DFSpecialMove_RoadieRun:StartSpecialMove:04EF
[2412.76] ScriptWarning: Accessed None 'RunSound'
	DFSpecialMove_RoadieRun UGC-Persistent.TheWorld:PersistentLevel.DFSpecialMove_RoadieRun_1
	Function DFGame.DFSpecialMove_RoadieRun:StopSpecialMove:0174
[2412.96] MP_Weapons_Native: SetAttackSkillObjectByName() failed, due to not having a prev. ASO - DFWeaponAttachment_Ranged_Spell_75
[2413.64] ScriptWarning: Accessed None 'RunSound'
	DFSpecialMove_RoadieRun UGC-Persistent.TheWorld:PersistentLevel.DFSpecialMove_RoadieRun_1
	Function DFGame.DFSpecialMove_RoadieRun:StartSpecialMove:04EF
[2413.69] Log: PlayCustomAnim StowMeleeNone, CustomChildIndex: 1, Animation Not Found!!
[2413.72] ScriptWarning: Accessed None 'RunSound'
	DFSpecialMove_RoadieRun UGC-Persistent.TheWorld:PersistentLevel.DFSpecialMove_RoadieRun_1
	Function DFGame.DFSpecialMove_RoadieRun:StopSpecialMove:0174
[2414.49] DevOnline: Listening for lan beacon requests on 6777
[2414.52] Log: Could not find FMC creator for PSC UGC-Persistent.TheWorld:PersistentLevel.DFPawn_Hero_Male_0.inXileParticleSystemComponent_6814 completion callback, message None
[2414.68] Log: PlayCustomAnim EquipMeleeNone, CustomChildIndex: 1, Animation Not Found!!
[2415.71] MP_Weapons_Native: SetAttackSkillObjectByName() failed, due to not having a prev. ASO - DFWeaponAttachment_Melee_84
[2417.59] Log: Could not find FMC creator for PSC UGC-Persistent.TheWorld:PersistentLevel.DFPawn_Hero_Male_0.inXileParticleSystemComponent_6815 completion callback, message None
[2418.35] MP_Weapons_Native: SetAttackSkillObjectByName() failed, due to not having a prev. ASO - DFWeaponAttachment_Ranged_Bow_72
[2419.25] ScriptWarning: Accessed None 'CurrentWeaponAttachment'
	DFWeaponAttachment_Melee UGC-Persistent.TheWorld:PersistentLevel.DFWeaponAttachment_Melee_82
	Function DFGame.DFWeaponAttachment:Cleanup:0152
[2419.51] DevOnline: Listening for lan beacon requests on 6777
[2419.54] Log: Could not find FMC creator for PSC UGC-Persistent.TheWorld:PersistentLevel.DFPawn_Hero_Female_0.inXileParticleSystemComponent_6831 completion callback, message None
[2419.54] Log: Could not find FMC creator for PSC UGC-Persistent.TheWorld:PersistentLevel.DFPawn_Hero_Female_0.inXileParticleSystemComponent_6832 completion callback, message None
[2419.61] MP_Weapons_Native: SetAttackSkillObjectByName() failed, due to not having a prev. ASO - DFWeaponAttachment_Ranged_Spell_76
[2422.34] Log: Could not find FMC creator for PSC UGC-Persistent.TheWorld:PersistentLevel.DFPawn_Hero_Female_0.inXileParticleSystemComponent_6837 completion callback, message None
[2423.52] DevOnline: Listening for lan beacon requests on 6777
[2423.69] Log: DFPawn_Boss_Demon_0 PLAYSOUND with no sound cue called from HandleDeflect
[2423.69] Log: Script call stack:
	Function DFGame.DFForgedMeshProjectile_Arrow:HandleDeflect
	Function DFGame.DFForgedMeshProjectile:HandleDeflect

[2423.69] Log: PlayCustomAnim StowMeleeNone, CustomChildIndex: 1, Animation Not Found!!
[2424.47] Log: Could not find FMC creator for PSC UGC-Persistent.TheWorld:PersistentLevel.DFPawn_Hero_Female_0.inXileParticleSystemComponent_6838 completion callback, message None
[2424.69] Log: PlayCustomAnim EquipMeleeNone, CustomChildIndex: 1, Animation Not Found!!
[2425.71] MP_Weapons_Native: SetAttackSkillObjectByName() failed, due to not having a prev. ASO - DFWeaponAttachment_Ranged_Spell_77
[2427.05] Log: PlayCustomAnim ADD_DamLiteF, CustomChildIndex: 1, Animation Not Found!!
[2428.03] Log: PlayCustomAnim ADD_DamLiteR, CustomChildIndex: 1, Animation Not Found!!
[2428.18] Log: PlayCustomAnim ADD_DamLiteF, CustomChildIndex: 1, Animation Not Found!!
[2428.52] DevOnline: Listening for lan beacon requests on 6777
[2428.71] Log: PlayCustomAnim StowMeleeNone, CustomChildIndex: 1, Animation Not Found!!
[2428.93] ScriptWarning: Accessed None 'RunSound'
	DFSpecialMove_RoadieRun UGC-Persistent.TheWorld:PersistentLevel.DFSpecialMove_RoadieRun_1
	Function DFGame.DFSpecialMove_RoadieRun:StartSpecialMove:04EF
[2428.96] ScriptWarning: Accessed None 'RunSound'
	DFSpecialMove_RoadieRun UGC-Persistent.TheWorld:PersistentLevel.DFSpecialMove_RoadieRun_1
	Function DFGame.DFSpecialMove_RoadieRun:StopSpecialMove:0174
[2429.71] Log: PlayCustomAnim EquipMeleeNone, CustomChildIndex: 1, Animation Not Found!!
[2429.83] ScriptWarning: Accessed None 'RunSound'
	DFSpecialMove_RoadieRun UGC-Persistent.TheWorld:PersistentLevel.DFSpecialMove_RoadieRun_1
	Function DFGame.DFSpecialMove_RoadieRun:StartSpecialMove:04EF
[2429.86] ScriptWarning: Accessed None 'RunSound'
	DFSpecialMove_RoadieRun UGC-Persistent.TheWorld:PersistentLevel.DFSpecialMove_RoadieRun_1
	Function DFGame.DFSpecialMove_RoadieRun:StopSpecialMove:0174
[2429.91] Log: PlayCustomAnim ADD_DamLiteR, CustomChildIndex: 1, Animation Not Found!!
[2430.71] MP_Weapons_Native: SetAttackSkillObjectByName() failed, due to not having a prev. ASO - DFWeaponAttachment_Melee_85
[2431.86] Log: PlayCustomAnim ADD_DamLiteL, CustomChildIndex: 1, Animation Not Found!!
[2432.16] Log: PlayCustomAnim ADD_DamLiteF, CustomChildIndex: 1, Animation Not Found!!
[2432.54] DevOnline: Listening for lan beacon requests on 6777
[2433.27] Log: DFPawn_Boss_Demon_0 PLAYSOUND with no sound cue called from HandleDeflect
[2433.27] Log: Script call stack:
	Function DFGame.DFForgedMeshProjectile_Arrow:HandleDeflect
	Function DFGame.DFForgedMeshProjectile:HandleDeflect

[2433.27] Log: PlayCustomAnim StowMeleeNone, CustomChildIndex: 1, Animation Not Found!!
[2434.25] Log: PlayCustomAnim EquipMeleeNone, CustomChildIndex: 1, Animation Not Found!!
[2435.25] MP_Weapons_Native: SetAttackSkillObjectByName() failed, due to not having a prev. ASO - DFWeaponAttachment_Ranged_Spell_78
[2437.54] DevOnline: Listening for lan beacon requests on 6777
[2437.62] ScriptWarning: Accessed None 'CurrentWeaponAttachment'
	DFWeaponAttachment_Ranged_Spell UGC-Persistent.TheWorld:PersistentLevel.DFWeaponAttachment_Ranged_Spell_76
	Function DFGame.DFWeaponAttachment:Cleanup:0152
[2437.91] MP_Weapons_Native: SetAttackSkillObjectByName() failed, due to not having a prev. ASO - DFWeaponAttachment_Melee_86
[2439.40] ScriptWarning: Accessed None 'CurrentWeaponAttachment'
	DFWeaponAttachment_Melee UGC-Persistent.TheWorld:PersistentLevel.DFWeaponAttachment_Melee_86
	Function DFGame.DFWeaponAttachment:Cleanup:0152
[2439.69] Log: Could not find FMC creator for PSC UGC-Persistent.TheWorld:PersistentLevel.DFPawn_Hero_Female_0.inXileParticleSystemComponent_6889 completion callback, message None
[2439.69] Log: Could not find FMC creator for PSC UGC-Persistent.TheWorld:PersistentLevel.DFPawn_Hero_Female_0.inXileParticleSystemComponent_6890 completion callback, message None
[2439.72] Log: PlayCustomAnim Dam_L_CD2CU, CustomChildIndex: 2, Animation Not Found!!
[2439.78] MP_Weapons_Native: SetAttackSkillObjectByName() failed, due to not having a prev. ASO - DFWeaponAttachment_Ranged_Spell_79
[2440.01] Log: PlayCustomAnim StowMeleeNone, CustomChildIndex: 1, Animation Not Found!!
[2440.55] Log: Could not find FMC creator for PSC UGC-Persistent.TheWorld:PersistentLevel.DFPawn_Hero_Male_0.inXileParticleSystemComponent_6820 completion callback, message None
[2441.01] Log: PlayCustomAnim EquipMeleeNone, CustomChildIndex: 1, Animation Not Found!!
[2441.30] Log: Could not find FMC creator for PSC UGC-Persistent.TheWorld:PersistentLevel.DFPawn_Hero_Female_0.inXileParticleSystemComponent_6895 completion callback, message None
[2441.55] DevOnline: Listening for lan beacon requests on 6777
[2442.03] MP_Weapons_Native: SetAttackSkillObjectByName() failed, due to not having a prev. ASO - DFWeaponAttachment_Melee_87
[2443.37] MP_Weapons_Native: SetAttackSkillObjectByName() failed, due to not having a prev. ASO - DFWeaponAttachment_Ranged_Spell_80
[2443.44] Log: Could not find FMC creator for PSC UGC-Persistent.TheWorld:PersistentLevel.DFPawn_Hero_Female_0.inXileParticleSystemComponent_6896 completion callback, message None
[2445.98] Log: Could not find FMC creator for PSC UGC-Persistent.TheWorld:PersistentLevel.DFPawn_Hero_Male_0.inXileParticleSystemComponent_6905 completion callback, message None
[2446.58] DevOnline: Listening for lan beacon requests on 6777
[2448.18] Log: PlayCustomAnim StowMeleeNone, CustomChildIndex: 1, Animation Not Found!!
[2448.74] ScriptWarning: Accessed None 'CurrentWeaponAttachment'
	DFWeaponAttachment_Ranged_Spell UGC-Persistent.TheWorld:PersistentLevel.DFWeaponAttachment_Ranged_Spell_79
	Function DFGame.DFWeaponAttachment:Cleanup:0152
[2448.74] Log: Could not find FMC creator for PSC UGC-Persistent.TheWorld:PersistentLevel.DFPawn_Hero_Male_0.inXileParticleSystemComponent_6906 completion callback, message None
[2449.01] MP_Weapons_Native: SetAttackSkillObjectByName() failed, due to not having a prev. ASO - DFWeaponAttachment_Melee_88
[2449.18] Log: PlayCustomAnim EquipMeleeNone, CustomChildIndex: 1, Animation Not Found!!
[2450.18] MP_Weapons_Native: SetAttackSkillObjectByName() failed, due to not having a prev. ASO - DFWeaponAttachment_Ranged_Spell_81
[2450.59] DevOnline: Listening for lan beacon requests on 6777
[2451.74] Log: Could not find FMC creator for PSC UGC-Persistent.TheWorld:PersistentLevel.DFPawn_Hero_Male_0.inXileParticleSystemComponent_6905 completion callback, message None
[2453.25] Log: PlayCustomAnim StowMeleeNone, CustomChildIndex: 1, Animation Not Found!!
[2453.99] Log: Could not find FMC creator for PSC UGC-Persistent.TheWorld:PersistentLevel.DFPawn_Hero_Male_0.inXileParticleSystemComponent_6906 completion callback, message None
[2454.23] Log: PlayCustomAnim EquipMeleeNone, CustomChildIndex: 1, Animation Not Found!!
[2455.23] ScriptWarning: Accessed None 'CurrentWeaponAttachment'
	DFWeaponAttachment_Melee UGC-Persistent.TheWorld:PersistentLevel.DFWeaponAttachment_Melee_88
	Function DFGame.DFWeaponAttachment:Cleanup:0152
[2455.25] MP_Weapons_Native: SetAttackSkillObjectByName() failed, due to not having a prev. ASO - DFWeaponAttachment_Melee_89
[2455.53] Log: Could not find FMC creator for PSC UGC-Persistent.TheWorld:PersistentLevel.DFPawn_Hero_Female_0.inXileParticleSystemComponent_6924 completion callback, message None
[2455.53] Log: Could not find FMC creator for PSC UGC-Persistent.TheWorld:PersistentLevel.DFPawn_Hero_Female_0.inXileParticleSystemComponent_6925 completion callback, message None
[2455.59] DevOnline: Listening for lan beacon requests on 6777
[2455.62] MP_Weapons_Native: SetAttackSkillObjectByName() failed, due to not having a prev. ASO - DFWeaponAttachment_Ranged_Spell_82
[2455.92] MP_Weapons_Native: SetAttackSkillObjectByName() failed, due to not having a prev. ASO - DFWeaponAttachment_Ranged_Bow_73
[2456.89] Log: Could not find FMC creator for PSC UGC-Persistent.TheWorld:PersistentLevel.DFPawn_Hero_Female_0.inXileParticleSystemComponent_6930 completion callback, message None
[2459.03] Log: Could not find FMC creator for PSC UGC-Persistent.TheWorld:PersistentLevel.DFPawn_Hero_Female_0.inXileParticleSystemComponent_6931 completion callback, message None
[2459.60] DevOnline: Listening for lan beacon requests on 6777
[2459.94] ScriptWarning: Accessed None 'RunSound'
	DFSpecialMove_RoadieRun UGC-Persistent.TheWorld:PersistentLevel.DFSpecialMove_RoadieRun_1
	Function DFGame.DFSpecialMove_RoadieRun:StartSpecialMove:04EF
[2459.99] ScriptWarning: Accessed None 'RunSound'
	DFSpecialMove_RoadieRun UGC-Persistent.TheWorld:PersistentLevel.DFSpecialMove_RoadieRun_1
	Function DFGame.DFSpecialMove_RoadieRun:StopSpecialMove:0174
[2462.11] Log: PlayCustomAnim StowMeleeNone, CustomChildIndex: 1, Animation Not Found!!
[2463.11] Log: PlayCustomAnim EquipMeleeNone, CustomChildIndex: 1, Animation Not Found!!
[2464.13] MP_Weapons_Native: SetAttackSkillObjectByName() failed, due to not having a prev. ASO - DFWeaponAttachment_Ranged_Spell_83
[2464.62] DevOnline: Listening for lan beacon requests on 6777
[2468.62] DevOnline: Listening for lan beacon requests on 6777
[2468.81] Log: PlayCustomAnim StowMeleeNone, CustomChildIndex: 1, Animation Not Found!!
[2469.79] Log: PlayCustomAnim EquipMeleeNone, CustomChildIndex: 1, Animation Not Found!!
[2470.59] Log: PlayCustomAnim ADD_DamLiteL, CustomChildIndex: 1, Animation Not Found!!
[2470.81] MP_Weapons_Native: SetAttackSkillObjectByName() failed, due to not having a prev. ASO - DFWeaponAttachment_Melee_90
[2473.63] DevOnline: Listening for lan beacon requests on 6777
[2473.89] ScriptWarning: Accessed None 'RunSound'
	DFSpecialMove_RoadieRun UGC-Persistent.TheWorld:PersistentLevel.DFSpecialMove_RoadieRun_1
	Function DFGame.DFSpecialMove_RoadieRun:StartSpecialMove:04EF
[2474.43] ScriptWarning: Accessed None 'RunSound'
	DFSpecialMove_RoadieRun UGC-Persistent.TheWorld:PersistentLevel.DFSpecialMove_RoadieRun_1
	Function DFGame.DFSpecialMove_RoadieRun:StopSpecialMove:0174
[2477.64] DevOnline: Listening for lan beacon requests on 6777
[2477.65] Log: DFPawn_Boss_Demon_0 PLAYSOUND with no sound cue called from HandleDeflect
[2477.65] Log: Script call stack:
	Function DFGame.DFForgedMeshProjectile_Arrow:HandleDeflect
	Function DFGame.DFForgedMeshProjectile:HandleDeflect

[2477.65] Log: PlayCustomAnim StowMeleeNone, CustomChildIndex: 1, Animation Not Found!!
[2477.87] Log: Could not find FMC creator for PSC UGC-Persistent.TheWorld:PersistentLevel.DFPawn_Hero_Female_0.inXileParticleSystemComponent_6930 completion callback, message None
[2478.65] Log: PlayCustomAnim EquipMeleeNone, CustomChildIndex: 1, Animation Not Found!!
[2479.65] MP_Weapons_Native: SetAttackSkillObjectByName() failed, due to not having a prev. ASO - DFWeaponAttachment_Ranged_Spell_84
[2480.09] Log: Could not find FMC creator for PSC UGC-Persistent.TheWorld:PersistentLevel.DFPawn_Hero_Female_0.inXileParticleSystemComponent_6931 completion callback, message None
[2482.64] DevOnline: Listening for lan beacon requests on 6777
[2486.65] DevOnline: Listening for lan beacon requests on 6777
[2489.11] Log: Warning! You are churning memory! (SoundCue: Demon_Body_Footstep_Cue, Anim: IdleTurnR180 Skel: SK_Demon) Audio Component created, but unable to play
[2489.47] Log: PlayCustomAnim StowMeleeNone, CustomChildIndex: 1, Animation Not Found!!
[2490.35] Log: PlayCustomAnim ADD_DamLiteF, CustomChildIndex: 1, Animation Not Found!!
[2490.45] Log: PlayCustomAnim EquipMeleeNone, CustomChildIndex: 1, Animation Not Found!!
[2490.76] Log: PlayCustomAnim ADD_DamLiteR, CustomChildIndex: 1, Animation Not Found!!
[2491.45] MP_Weapons_Native: SetAttackSkillObjectByName() failed, due to not having a prev. ASO - DFWeaponAttachment_Melee_91
[2491.65] DevOnline: Listening for lan beacon requests on 6777
[2492.55] Log: PlayCustomAnim ADD_DamLiteF, CustomChildIndex: 1, Animation Not Found!!
[2494.96] Log: PlayCustomAnim ADD_DamLiteF, CustomChildIndex: 1, Animation Not Found!!
[2495.04] ScriptWarning: Accessed None 'RunSound'
	DFSpecialMove_RoadieRun UGC-Persistent.TheWorld:PersistentLevel.DFSpecialMove_RoadieRun_1
	Function DFGame.DFSpecialMove_RoadieRun:StartSpecialMove:04EF
[2495.06] ScriptWarning: Accessed None 'RunSound'
	DFSpecialMove_RoadieRun UGC-Persistent.TheWorld:PersistentLevel.DFSpecialMove_RoadieRun_1
	Function DFGame.DFSpecialMove_RoadieRun:StopSpecialMove:0174
[2495.65] DevOnline: Listening for lan beacon requests on 6777
[2495.97] Log: Could not find FMC creator for PSC UGC-Persistent.TheWorld:PersistentLevel.DFPawn_Hero_Male_0.inXileParticleSystemComponent_6935 completion callback, message None
[2496.04] ScriptWarning: Accessed None 'RunSound'
	DFSpecialMove_RoadieRun UGC-Persistent.TheWorld:PersistentLevel.DFSpecialMove_RoadieRun_1
	Function DFGame.DFSpecialMove_RoadieRun:StartSpecialMove:04EF
[2496.06] ScriptWarning: Accessed None 'RunSound'
	DFSpecialMove_RoadieRun UGC-Persistent.TheWorld:PersistentLevel.DFSpecialMove_RoadieRun_1
	Function DFGame.DFSpecialMove_RoadieRun:StopSpecialMove:0174
[2496.57] ScriptWarning: Accessed None 'RunSound'
	DFSpecialMove_RoadieRun UGC-Persistent.TheWorld:PersistentLevel.DFSpecialMove_RoadieRun_1
	Function DFGame.DFSpecialMove_RoadieRun:StartSpecialMove:04EF
[2496.58] ScriptWarning: Accessed None 'RunSound'
	DFSpecialMove_RoadieRun UGC-Persistent.TheWorld:PersistentLevel.DFSpecialMove_RoadieRun_1
	Function DFGame.DFSpecialMove_RoadieRun:StopSpecialMove:0174
[2499.05] MP_Weapons_Native: SetAttackSkillObjectByName() failed, due to not having a prev. ASO - DFWeaponAttachment_Ranged_Spell_85
[2499.99] Log: PlayCustomAnim StowMeleeNone, CustomChildIndex: 1, Animation Not Found!!
[2500.66] DevOnline: Listening for lan beacon requests on 6777
[2500.91] Log: Could not find FMC creator for PSC UGC-Persistent.TheWorld:PersistentLevel.DFPawn_Hero_Male_0.inXileParticleSystemComponent_6976 completion callback, message None
[2500.97] Log: PlayCustomAnim EquipMeleeNone, CustomChildIndex: 1, Animation Not Found!!
[2501.99] MP_Weapons_Native: SetAttackSkillObjectByName() failed, due to not having a prev. ASO - DFWeaponAttachment_Ranged_Spell_86
[2502.04] Log: WARNING! 2 TurnInPlace_Blender nodes are relevant, should only be 1 at a time!
[2502.41] Log: Could not find FMC creator for PSC UGC-Persistent.TheWorld:PersistentLevel.DFPawn_Hero_Female_0.inXileParticleSystemComponent_6930 completion callback, message None
[2503.01] Log: Could not find FMC creator for PSC UGC-Persistent.TheWorld:PersistentLevel.DFPawn_Hero_Male_0.inXileParticleSystemComponent_6977 completion callback, message None
[2504.60] Log: Could not find FMC creator for PSC UGC-Persistent.TheWorld:PersistentLevel.DFPawn_Hero_Female_0.inXileParticleSystemComponent_6931 completion callback, message None
[2504.67] DevOnline: Listening for lan beacon requests on 6777
[2505.87] Log: PlayCustomAnim StowMeleeNone, CustomChildIndex: 1, Animation Not Found!!
[2506.80] MP_Weapons_Native: SetAttackSkillObjectByName() failed, due to not having a prev. ASO - DFWeaponAttachment_Ranged_Bow_74
[2506.87] Log: PlayCustomAnim EquipMeleeNone, CustomChildIndex: 1, Animation Not Found!!
[2507.82] Log: PlayCustomAnim ADD_DamLiteF, CustomChildIndex: 1, Animation Not Found!!
[2507.89] MP_Weapons_Native: SetAttackSkillObjectByName() failed, due to not having a prev. ASO - DFWeaponAttachment_Melee_92
[2508.92] Log: DFPawn_Boss_Demon_0 PLAYSOUND with no sound cue called from HandleDeflect
[2508.92] Log: Script call stack:
	Function DFGame.DFForgedMeshProjectile_Arrow:HandleDeflect
	Function DFGame.DFForgedMeshProjectile:HandleDeflect

[2508.92] Log: PlayCustomAnim StowMeleeNone, CustomChildIndex: 1, Animation Not Found!!
[2509.67] DevOnline: Listening for lan beacon requests on 6777
[2509.92] Log: PlayCustomAnim EquipMeleeNone, CustomChildIndex: 1, Animation Not Found!!
[2510.94] MP_Weapons_Native: SetAttackSkillObjectByName() failed, due to not having a prev. ASO - DFWeaponAttachment_Ranged_Spell_87
[2511.62] Log: PlayCustomAnim ADD_DamLiteF, CustomChildIndex: 1, Animation Not Found!!
[2511.92] Log: PlayCustomAnim ADD_DamLiteF, CustomChildIndex: 1, Animation Not Found!!
[2512.48] Log: PlayCustomAnim StowMeleeNone, CustomChildIndex: 1, Animation Not Found!!
[2513.48] Log: PlayCustomAnim EquipMeleeNone, CustomChildIndex: 1, Animation Not Found!!
[2513.69] DevOnline: Listening for lan beacon requests on 6777
[2514.48] MP_Weapons_Native: SetAttackSkillObjectByName() failed, due to not having a prev. ASO - DFWeaponAttachment_Melee_93
[2515.70] Log: Could not find FMC creator for PSC UGC-Persistent.TheWorld:PersistentLevel.DFPawn_Hero_Female_0.inXileParticleSystemComponent_44 completion callback, message None
[2517.23] Log: PlayCustomAnim ADD_DamLiteF, CustomChildIndex: 1, Animation Not Found!!
[2518.48] Log: PlayCustomAnim ADD_DamLiteR, CustomChildIndex: 1, Animation Not Found!!
[2518.70] DevOnline: Listening for lan beacon requests on 6777
[2519.09] Log: PlayCustomAnim ADD_DamLiteB, CustomChildIndex: 1, Animation Not Found!!
[2519.52] Log: PlayCustomAnim ADD_DamLiteR, CustomChildIndex: 1, Animation Not Found!!
[2520.57] Log: PlayCustomAnim ADD_DamLiteR, CustomChildIndex: 1, Animation Not Found!!
[2522.58] Log: PlayCustomAnim ADD_DamLiteR, CustomChildIndex: 1, Animation Not Found!!
[2522.71] DevOnline: Listening for lan beacon requests on 6777
[2523.74] Log: PlayCustomAnim ADD_DamLiteR, CustomChildIndex: 1, Animation Not Found!!
[2524.29] MP_Weapons_Native: SetAttackSkillObjectByName() failed, due to not having a prev. ASO - DFWeaponAttachment_Ranged_Spell_88
[2525.48] Log: PlayCustomAnim Emote1, CustomChildIndex: 2, Animation Not Found!!
[2526.10] Log: Could not find FMC creator for PSC UGC-Persistent.TheWorld:PersistentLevel.DFPawn_Hero_Male_0.inXileParticleSystemComponent_7030 completion callback, message None
[2527.52] Log: PlayCustomAnim Emote3, CustomChildIndex: 1, Animation Not Found!!
[2527.72] DevOnline: Listening for lan beacon requests on 6777
[2529.89] Log: Could not find FMC creator for PSC UGC-Persistent.TheWorld:PersistentLevel.DFPawn_Hero_Male_0.inXileParticleSystemComponent_7031 completion callback, message None
[2530.87] Log: Could not find FMC creator for PSC UGC-Persistent.TheWorld:PersistentLevel.DFPawn_Hero_Female_0.inXileParticleSystemComponent_6930 completion callback, message None
[2531.40] Log: Could not find FMC creator for PSC UGC-Persistent.TheWorld:PersistentLevel.DFPawn_Hero_Male_0.inXileParticleSystemComponent_7030 completion callback, message None
[2531.73] DevOnline: Listening for lan beacon requests on 6777
[2533.09] Log: Could not find FMC creator for PSC UGC-Persistent.TheWorld:PersistentLevel.DFPawn_Hero_Female_0.inXileParticleSystemComponent_6931 completion callback, message None
[2533.63] Log: PlayCustomAnim StowMeleeNone, CustomChildIndex: 1, Animation Not Found!!
[2534.62] Log: PlayCustomAnim EquipMeleeNone, CustomChildIndex: 1, Animation Not Found!!
[2535.50] MP_Weapons_Native: SetAttackSkillObjectByName() failed, due to not having a prev. ASO - DFWeaponAttachment_Ranged_Bow_75
[2535.65] ScriptWarning: Accessed None 'CurrentWeaponAttachment'
	DFWeaponAttachment_Ranged_Spell UGC-Persistent.TheWorld:PersistentLevel.DFWeaponAttachment_Ranged_Spell_82
	Function DFGame.DFWeaponAttachment:Cleanup:0152
[2535.67] MP_Weapons_Native: SetAttackSkillObjectByName() failed, due to not having a prev. ASO - DFWeaponAttachment_Ranged_Spell_89
[2535.90] MP_Weapons_Native: SetAttackSkillObjectByName() failed, due to not having a prev. ASO - DFWeaponAttachment_Melee_94
[2536.75] DevOnline: Listening for lan beacon requests on 6777
[2538.65] Log: WARNING! 2 TurnInPlace_Blender nodes are relevant, should only be 1 at a time!
[2539.39] ScriptWarning: Accessed None 'RunSound'
	DFSpecialMove_RoadieRun UGC-Persistent.TheWorld:PersistentLevel.DFSpecialMove_RoadieRun_1
	Function DFGame.DFSpecialMove_RoadieRun:StartSpecialMove:04EF
[2539.67] Log: WARNING! 2 TurnInPlace_Blender nodes are relevant, should only be 1 at a time!
[2540.77] DevOnline: Listening for lan beacon requests on 6777
[2541.16] ScriptWarning: Accessed None 'RunSound'
	DFSpecialMove_RoadieRun UGC-Persistent.TheWorld:PersistentLevel.DFSpecialMove_RoadieRun_1
	Function DFGame.DFSpecialMove_RoadieRun:StopSpecialMove:0174
[2542.63] ScriptWarning: Accessed None 'RunSound'
	DFSpecialMove_RoadieRun UGC-Persistent.TheWorld:PersistentLevel.DFSpecialMove_RoadieRun_1
	Function DFGame.DFSpecialMove_RoadieRun:StartSpecialMove:04EF
[2543.24] ScriptWarning: Accessed None 'RunSound'
	DFSpecialMove_RoadieRun UGC-Persistent.TheWorld:PersistentLevel.DFSpecialMove_RoadieRun_1
	Function DFGame.DFSpecialMove_RoadieRun:StopSpecialMove:0174
[2543.34] Log: WARNING! 2 TurnInPlace_Blender nodes are relevant, should only be 1 at a time!
[2544.33] ScriptWarning: Accessed None 'RunSound'
	DFSpecialMove_RoadieRun UGC-Persistent.TheWorld:PersistentLevel.DFSpecialMove_RoadieRun_1
	Function DFGame.DFSpecialMove_RoadieRun:StartSpecialMove:04EF
[2545.08] ScriptWarning: Accessed None 'RunSound'
	DFSpecialMove_RoadieRun UGC-Persistent.TheWorld:PersistentLevel.DFSpecialMove_RoadieRun_1
	Function DFGame.DFSpecialMove_RoadieRun:StopSpecialMove:0174
[2545.77] DevOnline: Listening for lan beacon requests on 6777
[2546.99] ScriptWarning: Accessed None 'RunSound'
	DFSpecialMove_RoadieRun UGC-Persistent.TheWorld:PersistentLevel.DFSpecialMove_RoadieRun_1
	Function DFGame.DFSpecialMove_RoadieRun:StartSpecialMove:04EF
[2547.55] ScriptWarning: Accessed None 'RunSound'
	DFSpecialMove_RoadieRun UGC-Persistent.TheWorld:PersistentLevel.DFSpecialMove_RoadieRun_1
	Function DFGame.DFSpecialMove_RoadieRun:StopSpecialMove:0174
[2548.75] ScriptWarning: Accessed None 'RunSound'
	DFSpecialMove_RoadieRun UGC-Persistent.TheWorld:PersistentLevel.DFSpecialMove_RoadieRun_1
	Function DFGame.DFSpecialMove_RoadieRun:StartSpecialMove:04EF
[2548.78] Log: PlayCustomAnim StowMeleeNone, CustomChildIndex: 1, Animation Not Found!!
[2549.79] DevOnline: Listening for lan beacon requests on 6777
[2549.79] Log: PlayCustomAnim EquipMeleeNone, CustomChildIndex: 1, Animation Not Found!!
[2550.79] MP_Weapons_Native: SetAttackSkillObjectByName() failed, due to not having a prev. ASO - DFWeaponAttachment_Melee_95
[2552.78] ScriptWarning: Accessed None 'RunSound'
	DFSpecialMove_RoadieRun UGC-Persistent.TheWorld:PersistentLevel.DFSpecialMove_RoadieRun_1
	Function DFGame.DFSpecialMove_RoadieRun:StopSpecialMove:0174
[2553.97] ScriptWarning: Accessed None 'CurrentWeaponAttachment'
	DFWeaponAttachment_Melee UGC-Persistent.TheWorld:PersistentLevel.DFWeaponAttachment_Melee_94
	Function DFGame.DFWeaponAttachment:Cleanup:0152
[2554.26] Log: Could not find FMC creator for PSC UGC-Persistent.TheWorld:PersistentLevel.DFPawn_Hero_Female_0.inXileParticleSystemComponent_7096 completion callback, message None
[2554.26] Log: Could not find FMC creator for PSC UGC-Persistent.TheWorld:PersistentLevel.DFPawn_Hero_Female_0.inXileParticleSystemComponent_7097 completion callback, message None
[2554.38] MP_Weapons_Native: SetAttackSkillObjectByName() failed, due to not having a prev. ASO - DFWeaponAttachment_Ranged_Spell_90
[2554.75] Log: PlayCustomAnim ADD_DamLiteF, CustomChildIndex: 1, Animation Not Found!!
[2554.80] DevOnline: Listening for lan beacon requests on 6777
[2555.95] Log: PlayCustomAnim ADD_DamLiteF, CustomChildIndex: 1, Animation Not Found!!
[2556.24] MP_Weapons_Native: SetAttackSkillObjectByName() failed, due to not having a prev. ASO - DFWeaponAttachment_Ranged_Spell_91
[2558.07] Log: Could not find FMC creator for PSC UGC-Persistent.TheWorld:PersistentLevel.DFPawn_Hero_Male_0.inXileParticleSystemComponent_7112 completion callback, message None
[2558.80] DevOnline: Listening for lan beacon requests on 6777
[2560.38] Log: Could not find FMC creator for PSC UGC-Persistent.TheWorld:PersistentLevel.DFPawn_Hero_Female_0.inXileParticleSystemComponent_7102 completion callback, message None
[2560.91] Log: PlayCustomAnim StowMeleeNone, CustomChildIndex: 1, Animation Not Found!!
[2561.17] Log: Could not find FMC creator for PSC UGC-Persistent.TheWorld:PersistentLevel.DFPawn_Hero_Male_0.inXileParticleSystemComponent_7113 completion callback, message None
[2561.90] Log: PlayCustomAnim EquipMeleeNone, CustomChildIndex: 1, Animation Not Found!!
[2562.14] MP_Weapons_Native: SetAttackSkillObjectByName() failed, due to not having a prev. ASO - DFWeaponAttachment_Ranged_Bow_76
[2562.44] Log: Could not find FMC creator for PSC UGC-Persistent.TheWorld:PersistentLevel.DFPawn_Hero_Female_0.inXileParticleSystemComponent_7103 completion callback, message None
[2562.78] ScriptWarning: Accessed None 'RunSound'
	DFSpecialMove_RoadieRun UGC-Persistent.TheWorld:PersistentLevel.DFSpecialMove_RoadieRun_1
	Function DFGame.DFSpecialMove_RoadieRun:StartSpecialMove:04EF
[2562.94] MP_Weapons_Native: SetAttackSkillObjectByName() failed, due to not having a prev. ASO - DFWeaponAttachment_Ranged_Spell_92
[2563.82] DevOnline: Listening for lan beacon requests on 6777
[2564.23] ScriptWarning: Accessed None 'RunSound'
	DFSpecialMove_RoadieRun UGC-Persistent.TheWorld:PersistentLevel.DFSpecialMove_RoadieRun_1
	Function DFGame.DFSpecialMove_RoadieRun:StopSpecialMove:0174
[2566.81] Log: PlayCustomAnim StowMeleeNone, CustomChildIndex: 1, Animation Not Found!!
[2567.50] Log: PlayCustomAnim ADD_DamLiteR, CustomChildIndex: 1, Animation Not Found!!
[2567.80] Log: PlayCustomAnim EquipMeleeNone, CustomChildIndex: 1, Animation Not Found!!
[2567.82] DevOnline: Listening for lan beacon requests on 6777
[2568.82] MP_Weapons_Native: SetAttackSkillObjectByName() failed, due to not having a prev. ASO - DFWeaponAttachment_Melee_96
[2569.70] Log: PlayCustomAnim StowMeleeNone, CustomChildIndex: 1, Animation Not Found!!
[2570.24] Log: PlayCustomAnim ADD_DamLiteL, CustomChildIndex: 1, Animation Not Found!!
[2570.70] Log: PlayCustomAnim EquipMeleeNone, CustomChildIndex: 1, Animation Not Found!!
[2571.70] MP_Weapons_Native: SetAttackSkillObjectByName() failed, due to not having a prev. ASO - DFWeaponAttachment_Ranged_Spell_93
[2572.34] Log: PlayCustomAnim ADD_DamLiteL, CustomChildIndex: 1, Animation Not Found!!
[2572.82] DevOnline: Listening for lan beacon requests on 6777
[2572.89] Log: PlayCustomAnim ADD_DamLiteF, CustomChildIndex: 1, Animation Not Found!!
[2573.48] Log: PlayCustomAnim StowMeleeNone, CustomChildIndex: 1, Animation Not Found!!
[2573.94] Log: PlayCustomAnim ADD_DamLiteF, CustomChildIndex: 1, Animation Not Found!!
[2574.46] Log: PlayCustomAnim ADD_DamLiteL, CustomChildIndex: 1, Animation Not Found!!
[2574.48] Log: PlayCustomAnim EquipMeleeNone, CustomChildIndex: 1, Animation Not Found!!
[2574.97] Log: DFPawn_Boss_Demon_0 PLAYSOUND with no sound cue called from HandleDeflect
[2574.97] Log: Script call stack:
	Function DFGame.DFForgedMeshProjectile_Arrow:HandleDeflect
	Function DFGame.DFForgedMeshProjectile:HandleDeflect

[2574.97] Log: DFPawn_Boss_Demon_0 PLAYSOUND with no sound cue called from HandleDeflect
[2574.97] Log: Script call stack:
	Function DFGame.DFForgedMeshProjectile_Arrow:HandleDeflect
	Function DFGame.DFForgedMeshProjectile:HandleDeflect

[2574.97] Log: DFPawn_Boss_Demon_0 PLAYSOUND with no sound cue called from HandleDeflect
[2574.97] Log: Script call stack:
	Function DFGame.DFForgedMeshProjectile_Arrow:HandleDeflect
	Function DFGame.DFForgedMeshProjectile:HandleDeflect

[2574.97] Warning: USkeletalMeshComponent::InitArticulated : No PhysicsAsset defined for UGC-Persistent.TheWorld:PersistentLevel.DFDroppedPickup_281.inXileForgedMeshComponent_2037 with skeletalmesh WP_Projectiles.Meshes.SK_EmptyShell
[2574.97] ScriptWarning: Accessed None 'PhysicsAssetInstance'
	DFDroppedPickup UGC-Persistent.TheWorld:PersistentLevel.DFDroppedPickup_281
	Function DFGame.DFDroppedPickup:TurnOnPhysics:00FF
[2574.97] Warning: USkeletalMeshComponent::SyncActorToRBPhysics(): no PhysicsAssetInstance for DFDroppedPickup UGC-Persistent.TheWorld:PersistentLevel.DFDroppedPickup_281 with skeletalmesh: SkeletalMesh WP_Projectiles.Meshes.SK_EmptyShell
[2575.04] Warning: USkeletalMeshComponent::SyncActorToRBPhysics(): no PhysicsAssetInstance for DFDroppedPickup UGC-Persistent.TheWorld:PersistentLevel.DFDroppedPickup_281 with skeletalmesh: SkeletalMesh WP_Projectiles.Meshes.SK_EmptyShell
[2575.11] Warning: USkeletalMeshComponent::SyncActorToRBPhysics(): no PhysicsAssetInstance for DFDroppedPickup UGC-Persistent.TheWorld:PersistentLevel.DFDroppedPickup_281 with skeletalmesh: SkeletalMesh WP_Projectiles.Meshes.SK_EmptyShell
[2575.17] Warning: USkeletalMeshComponent::SyncActorToRBPhysics(): no PhysicsAssetInstance for DFDroppedPickup UGC-Persistent.TheWorld:PersistentLevel.DFDroppedPickup_281 with skeletalmesh: SkeletalMesh WP_Projectiles.Meshes.SK_EmptyShell
[2575.24] Warning: USkeletalMeshComponent::SyncActorToRBPhysics(): no PhysicsAssetInstance for DFDroppedPickup UGC-Persistent.TheWorld:PersistentLevel.DFDroppedPickup_281 with skeletalmesh: SkeletalMesh WP_Projectiles.Meshes.SK_EmptyShell
[2575.31] Warning: USkeletalMeshComponent::SyncActorToRBPhysics(): no PhysicsAssetInstance for DFDroppedPickup UGC-Persistent.TheWorld:PersistentLevel.DFDroppedPickup_281 with skeletalmesh: SkeletalMesh WP_Projectiles.Meshes.SK_EmptyShell
[2575.38] Warning: USkeletalMeshComponent::SyncActorToRBPhysics(): no PhysicsAssetInstance for DFDroppedPickup UGC-Persistent.TheWorld:PersistentLevel.DFDroppedPickup_281 with skeletalmesh: SkeletalMesh WP_Projectiles.Meshes.SK_EmptyShell
[2575.44] Warning: USkeletalMeshComponent::SyncActorToRBPhysics(): no PhysicsAssetInstance for DFDroppedPickup UGC-Persistent.TheWorld:PersistentLevel.DFDroppedPickup_281 with skeletalmesh: SkeletalMesh WP_Projectiles.Meshes.SK_EmptyShell
[2575.51] Warning: USkeletalMeshComponent::SyncActorToRBPhysics(): no PhysicsAssetInstance for DFDroppedPickup UGC-Persistent.TheWorld:PersistentLevel.DFDroppedPickup_281 with skeletalmesh: SkeletalMesh WP_Projectiles.Meshes.SK_EmptyShell
[2575.58] Warning: USkeletalMeshComponent::SyncActorToRBPhysics(): no PhysicsAssetInstance for DFDroppedPickup UGC-Persistent.TheWorld:PersistentLevel.DFDroppedPickup_281 with skeletalmesh: SkeletalMesh WP_Projectiles.Meshes.SK_EmptyShell
[2575.65] Warning: USkeletalMeshComponent::SyncActorToRBPhysics(): no PhysicsAssetInstance for DFDroppedPickup UGC-Persistent.TheWorld:PersistentLevel.DFDroppedPickup_281 with skeletalmesh: SkeletalMesh WP_Projectiles.Meshes.SK_EmptyShell
[2575.72] Warning: USkeletalMeshComponent::SyncActorToRBPhysics(): no PhysicsAssetInstance for DFDroppedPickup UGC-Persistent.TheWorld:PersistentLevel.DFDroppedPickup_281 with skeletalmesh: SkeletalMesh WP_Projectiles.Meshes.SK_EmptyShell
[2575.78] Warning: USkeletalMeshComponent::SyncActorToRBPhysics(): no PhysicsAssetInstance for DFDroppedPickup UGC-Persistent.TheWorld:PersistentLevel.DFDroppedPickup_281 with skeletalmesh: SkeletalMesh WP_Projectiles.Meshes.SK_EmptyShell
[2575.85] Warning: USkeletalMeshComponent::SyncActorToRBPhysics(): no PhysicsAssetInstance for DFDroppedPickup UGC-Persistent.TheWorld:PersistentLevel.DFDroppedPickup_281 with skeletalmesh: SkeletalMesh WP_Projectiles.Meshes.SK_EmptyShell
[2575.92] Warning: USkeletalMeshComponent::SyncActorToRBPhysics(): no PhysicsAssetInstance for DFDroppedPickup UGC-Persistent.TheWorld:PersistentLevel.DFDroppedPickup_281 with skeletalmesh: SkeletalMesh WP_Projectiles.Meshes.SK_EmptyShell
[2575.99] Warning: USkeletalMeshComponent::SyncActorToRBPhysics(): no PhysicsAssetInstance for DFDroppedPickup UGC-Persistent.TheWorld:PersistentLevel.DFDroppedPickup_281 with skeletalmesh: SkeletalMesh WP_Projectiles.Meshes.SK_EmptyShell
[2576.06] Warning: USkeletalMeshComponent::SyncActorToRBPhysics(): no PhysicsAssetInstance for DFDroppedPickup UGC-Persistent.TheWorld:PersistentLevel.DFDroppedPickup_281 with skeletalmesh: SkeletalMesh WP_Projectiles.Meshes.SK_EmptyShell
[2576.12] Warning: USkeletalMeshComponent::SyncActorToRBPhysics(): no PhysicsAssetInstance for DFDroppedPickup UGC-Persistent.TheWorld:PersistentLevel.DFDroppedPickup_281 with skeletalmesh: SkeletalMesh WP_Projectiles.Meshes.SK_EmptyShell
[2576.19] Warning: USkeletalMeshComponent::SyncActorToRBPhysics(): no PhysicsAssetInstance for DFDroppedPickup UGC-Persistent.TheWorld:PersistentLevel.DFDroppedPickup_281 with skeletalmesh: SkeletalMesh WP_Projectiles.Meshes.SK_EmptyShell
[2576.26] Warning: USkeletalMeshComponent::SyncActorToRBPhysics(): no PhysicsAssetInstance for DFDroppedPickup UGC-Persistent.TheWorld:PersistentLevel.DFDroppedPickup_281 with skeletalmesh: SkeletalMesh WP_Projectiles.Meshes.SK_EmptyShell
[2576.33] Warning: USkeletalMeshComponent::SyncActorToRBPhysics(): no PhysicsAssetInstance for DFDroppedPickup UGC-Persistent.TheWorld:PersistentLevel.DFDroppedPickup_281 with skeletalmesh: SkeletalMesh WP_Projectiles.Meshes.SK_EmptyShell
[2576.39] Warning: USkeletalMeshComponent::SyncActorToRBPhysics(): no PhysicsAssetInstance for DFDroppedPickup UGC-Persistent.TheWorld:PersistentLevel.DFDroppedPickup_281 with skeletalmesh: SkeletalMesh WP_Projectiles.Meshes.SK_EmptyShell
[2576.46] Warning: USkeletalMeshComponent::SyncActorToRBPhysics(): no PhysicsAssetInstance for DFDroppedPickup UGC-Persistent.TheWorld:PersistentLevel.DFDroppedPickup_281 with skeletalmesh: SkeletalMesh WP_Projectiles.Meshes.SK_EmptyShell
[2576.53] Warning: USkeletalMeshComponent::SyncActorToRBPhysics(): no PhysicsAssetInstance for DFDroppedPickup UGC-Persistent.TheWorld:PersistentLevel.DFDroppedPickup_281 with skeletalmesh: SkeletalMesh WP_Projectiles.Meshes.SK_EmptyShell
[2576.60] Warning: USkeletalMeshComponent::SyncActorToRBPhysics(): no PhysicsAssetInstance for DFDroppedPickup UGC-Persistent.TheWorld:PersistentLevel.DFDroppedPickup_281 with skeletalmesh: SkeletalMesh WP_Projectiles.Meshes.SK_EmptyShell
[2576.67] Warning: USkeletalMeshComponent::SyncActorToRBPhysics(): no PhysicsAssetInstance for DFDroppedPickup UGC-Persistent.TheWorld:PersistentLevel.DFDroppedPickup_281 with skeletalmesh: SkeletalMesh WP_Projectiles.Meshes.SK_EmptyShell
[2576.73] Warning: USkeletalMeshComponent::SyncActorToRBPhysics(): no PhysicsAssetInstance for DFDroppedPickup UGC-Persistent.TheWorld:PersistentLevel.DFDroppedPickup_281 with skeletalmesh: SkeletalMesh WP_Projectiles.Meshes.SK_EmptyShell
[2576.80] Warning: USkeletalMeshComponent::SyncActorToRBPhysics(): no PhysicsAssetInstance for DFDroppedPickup UGC-Persistent.TheWorld:PersistentLevel.DFDroppedPickup_281 with skeletalmesh: SkeletalMesh WP_Projectiles.Meshes.SK_EmptyShell
[2576.83] DevOnline: Listening for lan beacon requests on 6777
[2576.87] Warning: USkeletalMeshComponent::SyncActorToRBPhysics(): no PhysicsAssetInstance for DFDroppedPickup UGC-Persistent.TheWorld:PersistentLevel.DFDroppedPickup_281 with skeletalmesh: SkeletalMesh WP_Projectiles.Meshes.SK_EmptyShell
[2576.94] Warning: USkeletalMeshComponent::SyncActorToRBPhysics(): no PhysicsAssetInstance for DFDroppedPickup UGC-Persistent.TheWorld:PersistentLevel.DFDroppedPickup_281 with skeletalmesh: SkeletalMesh WP_Projectiles.Meshes.SK_EmptyShell
[2577.01] Error: ApplyNewRBState() called for kinematic actor DFDroppedPickup_280
[2577.01] Warning: USkeletalMeshComponent::SyncActorToRBPhysics(): no PhysicsAssetInstance for DFDroppedPickup UGC-Persistent.TheWorld:PersistentLevel.DFDroppedPickup_281 with skeletalmesh: SkeletalMesh WP_Projectiles.Meshes.SK_EmptyShell
[2577.07] Error: ApplyNewRBState() called for kinematic actor DFDroppedPickup_279
[2577.07] Error: ApplyNewRBState() called for kinematic actor DFDroppedPickup_280
[2577.07] Warning: USkeletalMeshComponent::SyncActorToRBPhysics(): no PhysicsAssetInstance for DFDroppedPickup UGC-Persistent.TheWorld:PersistentLevel.DFDroppedPickup_281 with skeletalmesh: SkeletalMesh WP_Projectiles.Meshes.SK_EmptyShell
[2577.14] Warning: USkeletalMeshComponent::SyncActorToRBPhysics(): no PhysicsAssetInstance for DFDroppedPickup UGC-Persistent.TheWorld:PersistentLevel.DFDroppedPickup_281 with skeletalmesh: SkeletalMesh WP_Projectiles.Meshes.SK_EmptyShell
[2577.21] Warning: USkeletalMeshComponent::SyncActorToRBPhysics(): no PhysicsAssetInstance for DFDroppedPickup UGC-Persistent.TheWorld:PersistentLevel.DFDroppedPickup_281 with skeletalmesh: SkeletalMesh WP_Projectiles.Meshes.SK_EmptyShell
[2577.28] Warning: USkeletalMeshComponent::SyncActorToRBPhysics(): no PhysicsAssetInstance for DFDroppedPickup UGC-Persistent.TheWorld:PersistentLevel.DFDroppedPickup_281 with skeletalmesh: SkeletalMesh WP_Projectiles.Meshes.SK_EmptyShell
[2577.35] Warning: USkeletalMeshComponent::SyncActorToRBPhysics(): no PhysicsAssetInstance for DFDroppedPickup UGC-Persistent.TheWorld:PersistentLevel.DFDroppedPickup_281 with skeletalmesh: SkeletalMesh WP_Projectiles.Meshes.SK_EmptyShell
[2577.41] Warning: USkeletalMeshComponent::SyncActorToRBPhysics(): no PhysicsAssetInstance for DFDroppedPickup UGC-Persistent.TheWorld:PersistentLevel.DFDroppedPickup_281 with skeletalmesh: SkeletalMesh WP_Projectiles.Meshes.SK_EmptyShell
[2577.48] Warning: USkeletalMeshComponent::SyncActorToRBPhysics(): no PhysicsAssetInstance for DFDroppedPickup UGC-Persistent.TheWorld:PersistentLevel.DFDroppedPickup_281 with skeletalmesh: SkeletalMesh WP_Projectiles.Meshes.SK_EmptyShell
[2577.55] Warning: USkeletalMeshComponent::SyncActorToRBPhysics(): no PhysicsAssetInstance for DFDroppedPickup UGC-Persistent.TheWorld:PersistentLevel.DFDroppedPickup_281 with skeletalmesh: SkeletalMesh WP_Projectiles.Meshes.SK_EmptyShell
[2577.61] Warning: USkeletalMeshComponent::SyncActorToRBPhysics(): no PhysicsAssetInstance for DFDroppedPickup UGC-Persistent.TheWorld:PersistentLevel.DFDroppedPickup_281 with skeletalmesh: SkeletalMesh WP_Projectiles.Meshes.SK_EmptyShell
[2577.69] Warning: USkeletalMeshComponent::SyncActorToRBPhysics(): no PhysicsAssetInstance for DFDroppedPickup UGC-Persistent.TheWorld:PersistentLevel.DFDroppedPickup_281 with skeletalmesh: SkeletalMesh WP_Projectiles.Meshes.SK_EmptyShell
[2577.75] Warning: USkeletalMeshComponent::SyncActorToRBPhysics(): no PhysicsAssetInstance for DFDroppedPickup UGC-Persistent.TheWorld:PersistentLevel.DFDroppedPickup_281 with skeletalmesh: SkeletalMesh WP_Projectiles.Meshes.SK_EmptyShell
[2577.82] Warning: USkeletalMeshComponent::SyncActorToRBPhysics(): no PhysicsAssetInstance for DFDroppedPickup UGC-Persistent.TheWorld:PersistentLevel.DFDroppedPickup_281 with skeletalmesh: SkeletalMesh WP_Projectiles.Meshes.SK_EmptyShell
[2577.89] Warning: USkeletalMeshComponent::SyncActorToRBPhysics(): no PhysicsAssetInstance for DFDroppedPickup UGC-Persistent.TheWorld:PersistentLevel.DFDroppedPickup_281 with skeletalmesh: SkeletalMesh WP_Projectiles.Meshes.SK_EmptyShell
[2577.96] Warning: USkeletalMeshComponent::SyncActorToRBPhysics(): no PhysicsAssetInstance for DFDroppedPickup UGC-Persistent.TheWorld:PersistentLevel.DFDroppedPickup_281 with skeletalmesh: SkeletalMesh WP_Projectiles.Meshes.SK_EmptyShell
[2577.97] Log: ADFDialogManager::PlayConversationFromScript, Conversation not found: conv_TieElara
[2578.02] Warning: USkeletalMeshComponent::SyncActorToRBPhysics(): no PhysicsAssetInstance for DFDroppedPickup UGC-Persistent.TheWorld:PersistentLevel.DFDroppedPickup_281 with skeletalmesh: SkeletalMesh WP_Projectiles.Meshes.SK_EmptyShell
[2578.09] Warning: USkeletalMeshComponent::SyncActorToRBPhysics(): no PhysicsAssetInstance for DFDroppedPickup UGC-Persistent.TheWorld:PersistentLevel.DFDroppedPickup_281 with skeletalmesh: SkeletalMesh WP_Projectiles.Meshes.SK_EmptyShell
[2578.16] Warning: USkeletalMeshComponent::SyncActorToRBPhysics(): no PhysicsAssetInstance for DFDroppedPickup UGC-Persistent.TheWorld:PersistentLevel.DFDroppedPickup_281 with skeletalmesh: SkeletalMesh WP_Projectiles.Meshes.SK_EmptyShell
[2578.23] Warning: USkeletalMeshComponent::SyncActorToRBPhysics(): no PhysicsAssetInstance for DFDroppedPickup UGC-Persistent.TheWorld:PersistentLevel.DFDroppedPickup_281 with skeletalmesh: SkeletalMesh WP_Projectiles.Meshes.SK_EmptyShell
[2578.29] Warning: USkeletalMeshComponent::SyncActorToRBPhysics(): no PhysicsAssetInstance for DFDroppedPickup UGC-Persistent.TheWorld:PersistentLevel.DFDroppedPickup_281 with skeletalmesh: SkeletalMesh WP_Projectiles.Meshes.SK_EmptyShell
[2578.36] Warning: USkeletalMeshComponent::SyncActorToRBPhysics(): no PhysicsAssetInstance for DFDroppedPickup UGC-Persistent.TheWorld:PersistentLevel.DFDroppedPickup_281 with skeletalmesh: SkeletalMesh WP_Projectiles.Meshes.SK_EmptyShell
[2578.43] Warning: USkeletalMeshComponent::SyncActorToRBPhysics(): no PhysicsAssetInstance for DFDroppedPickup UGC-Persistent.TheWorld:PersistentLevel.DFDroppedPickup_281 with skeletalmesh: SkeletalMesh WP_Projectiles.Meshes.SK_EmptyShell
[2578.50] Warning: USkeletalMeshComponent::SyncActorToRBPhysics(): no PhysicsAssetInstance for DFDroppedPickup UGC-Persistent.TheWorld:PersistentLevel.DFDroppedPickup_281 with skeletalmesh: SkeletalMesh WP_Projectiles.Meshes.SK_EmptyShell
[2578.56] Warning: USkeletalMeshComponent::SyncActorToRBPhysics(): no PhysicsAssetInstance for DFDroppedPickup UGC-Persistent.TheWorld:PersistentLevel.DFDroppedPickup_281 with skeletalmesh: SkeletalMesh WP_Projectiles.Meshes.SK_EmptyShell
[2578.63] Warning: USkeletalMeshComponent::SyncActorToRBPhysics(): no PhysicsAssetInstance for DFDroppedPickup UGC-Persistent.TheWorld:PersistentLevel.DFDroppedPickup_281 with skeletalmesh: SkeletalMesh WP_Projectiles.Meshes.SK_EmptyShell
[2578.70] Warning: USkeletalMeshComponent::SyncActorToRBPhysics(): no PhysicsAssetInstance for DFDroppedPickup UGC-Persistent.TheWorld:PersistentLevel.DFDroppedPickup_281 with skeletalmesh: SkeletalMesh WP_Projectiles.Meshes.SK_EmptyShell
[2578.75] Log: Could not find FMC creator for PSC UGC-Persistent.TheWorld:PersistentLevel.DFPawn_Hero_Male_0.inXileParticleSystemComponent_7120 completion callback, message None
[2578.77] Warning: USkeletalMeshComponent::SyncActorToRBPhysics(): no PhysicsAssetInstance for DFDroppedPickup UGC-Persistent.TheWorld:PersistentLevel.DFDroppedPickup_281 with skeletalmesh: SkeletalMesh WP_Projectiles.Meshes.SK_EmptyShell
[2578.84] Warning: USkeletalMeshComponent::SyncActorToRBPhysics(): no PhysicsAssetInstance for DFDroppedPickup UGC-Persistent.TheWorld:PersistentLevel.DFDroppedPickup_281 with skeletalmesh: SkeletalMesh WP_Projectiles.Meshes.SK_EmptyShell
[2578.90] Warning: USkeletalMeshComponent::SyncActorToRBPhysics(): no PhysicsAssetInstance for DFDroppedPickup UGC-Persistent.TheWorld:PersistentLevel.DFDroppedPickup_281 with skeletalmesh: SkeletalMesh WP_Projectiles.Meshes.SK_EmptyShell
[2578.97] Warning: USkeletalMeshComponent::SyncActorToRBPhysics(): no PhysicsAssetInstance for DFDroppedPickup UGC-Persistent.TheWorld:PersistentLevel.DFDroppedPickup_281 with skeletalmesh: SkeletalMesh WP_Projectiles.Meshes.SK_EmptyShell
[2579.04] Warning: USkeletalMeshComponent::SyncActorToRBPhysics(): no PhysicsAssetInstance for DFDroppedPickup UGC-Persistent.TheWorld:PersistentLevel.DFDroppedPickup_281 with skeletalmesh: SkeletalMesh WP_Projectiles.Meshes.SK_EmptyShell
[2579.11] Warning: USkeletalMeshComponent::SyncActorToRBPhysics(): no PhysicsAssetInstance for DFDroppedPickup UGC-Persistent.TheWorld:PersistentLevel.DFDroppedPickup_281 with skeletalmesh: SkeletalMesh WP_Projectiles.Meshes.SK_EmptyShell
[2579.17] Warning: USkeletalMeshComponent::SyncActorToRBPhysics(): no PhysicsAssetInstance for DFDroppedPickup UGC-Persistent.TheWorld:PersistentLevel.DFDroppedPickup_281 with skeletalmesh: SkeletalMesh WP_Projectiles.Meshes.SK_EmptyShell
[2579.24] Warning: USkeletalMeshComponent::SyncActorToRBPhysics(): no PhysicsAssetInstance for DFDroppedPickup UGC-Persistent.TheWorld:PersistentLevel.DFDroppedPickup_281 with skeletalmesh: SkeletalMesh WP_Projectiles.Meshes.SK_EmptyShell
[2579.31] Warning: USkeletalMeshComponent::SyncActorToRBPhysics(): no PhysicsAssetInstance for DFDroppedPickup UGC-Persistent.TheWorld:PersistentLevel.DFDroppedPickup_281 with skeletalmesh: SkeletalMesh WP_Projectiles.Meshes.SK_EmptyShell
[2579.38] Warning: USkeletalMeshComponent::SyncActorToRBPhysics(): no PhysicsAssetInstance for DFDroppedPickup UGC-Persistent.TheWorld:PersistentLevel.DFDroppedPickup_281 with skeletalmesh: SkeletalMesh WP_Projectiles.Meshes.SK_EmptyShell
[2579.44] Warning: USkeletalMeshComponent::SyncActorToRBPhysics(): no PhysicsAssetInstance for DFDroppedPickup UGC-Persistent.TheWorld:PersistentLevel.DFDroppedPickup_281 with skeletalmesh: SkeletalMesh WP_Projectiles.Meshes.SK_EmptyShell
[2579.51] Warning: USkeletalMeshComponent::SyncActorToRBPhysics(): no PhysicsAssetInstance for DFDroppedPickup UGC-Persistent.TheWorld:PersistentLevel.DFDroppedPickup_281 with skeletalmesh: SkeletalMesh WP_Projectiles.Meshes.SK_EmptyShell
[2579.58] Warning: USkeletalMeshComponent::SyncActorToRBPhysics(): no PhysicsAssetInstance for DFDroppedPickup UGC-Persistent.TheWorld:PersistentLevel.DFDroppedPickup_281 with skeletalmesh: SkeletalMesh WP_Projectiles.Meshes.SK_EmptyShell
[2579.65] Warning: USkeletalMeshComponent::SyncActorToRBPhysics(): no PhysicsAssetInstance for DFDroppedPickup UGC-Persistent.TheWorld:PersistentLevel.DFDroppedPickup_281 with skeletalmesh: SkeletalMesh WP_Projectiles.Meshes.SK_EmptyShell
[2579.72] Warning: USkeletalMeshComponent::SyncActorToRBPhysics(): no PhysicsAssetInstance for DFDroppedPickup UGC-Persistent.TheWorld:PersistentLevel.DFDroppedPickup_281 with skeletalmesh: SkeletalMesh WP_Projectiles.Meshes.SK_EmptyShell
[2579.78] Warning: USkeletalMeshComponent::SyncActorToRBPhysics(): no PhysicsAssetInstance for DFDroppedPickup UGC-Persistent.TheWorld:PersistentLevel.DFDroppedPickup_281 with skeletalmesh: SkeletalMesh WP_Projectiles.Meshes.SK_EmptyShell
[2579.85] Warning: USkeletalMeshComponent::SyncActorToRBPhysics(): no PhysicsAssetInstance for DFDroppedPickup UGC-Persistent.TheWorld:PersistentLevel.DFDroppedPickup_281 with skeletalmesh: SkeletalMesh WP_Projectiles.Meshes.SK_EmptyShell
[2579.92] Warning: USkeletalMeshComponent::SyncActorToRBPhysics(): no PhysicsAssetInstance for DFDroppedPickup UGC-Persistent.TheWorld:PersistentLevel.DFDroppedPickup_281 with skeletalmesh: SkeletalMesh WP_Projectiles.Meshes.SK_EmptyShell
[2579.99] Warning: USkeletalMeshComponent::SyncActorToRBPhysics(): no PhysicsAssetInstance for DFDroppedPickup UGC-Persistent.TheWorld:PersistentLevel.DFDroppedPickup_281 with skeletalmesh: SkeletalMesh WP_Projectiles.Meshes.SK_EmptyShell
[2580.06] Warning: USkeletalMeshComponent::SyncActorToRBPhysics(): no PhysicsAssetInstance for DFDroppedPickup UGC-Persistent.TheWorld:PersistentLevel.DFDroppedPickup_281 with skeletalmesh: SkeletalMesh WP_Projectiles.Meshes.SK_EmptyShell
[2580.12] Warning: USkeletalMeshComponent::SyncActorToRBPhysics(): no PhysicsAssetInstance for DFDroppedPickup UGC-Persistent.TheWorld:PersistentLevel.DFDroppedPickup_281 with skeletalmesh: SkeletalMesh WP_Projectiles.Meshes.SK_EmptyShell
[2580.19] Warning: USkeletalMeshComponent::SyncActorToRBPhysics(): no PhysicsAssetInstance for DFDroppedPickup UGC-Persistent.TheWorld:PersistentLevel.DFDroppedPickup_281 with skeletalmesh: SkeletalMesh WP_Projectiles.Meshes.SK_EmptyShell
[2580.26] Warning: USkeletalMeshComponent::SyncActorToRBPhysics(): no PhysicsAssetInstance for DFDroppedPickup UGC-Persistent.TheWorld:PersistentLevel.DFDroppedPickup_281 with skeletalmesh: SkeletalMesh WP_Projectiles.Meshes.SK_EmptyShell
[2580.33] Warning: USkeletalMeshComponent::SyncActorToRBPhysics(): no PhysicsAssetInstance for DFDroppedPickup UGC-Persistent.TheWorld:PersistentLevel.DFDroppedPickup_281 with skeletalmesh: SkeletalMesh WP_Projectiles.Meshes.SK_EmptyShell
[2580.39] Warning: USkeletalMeshComponent::SyncActorToRBPhysics(): no PhysicsAssetInstance for DFDroppedPickup UGC-Persistent.TheWorld:PersistentLevel.DFDroppedPickup_281 with skeletalmesh: SkeletalMesh WP_Projectiles.Meshes.SK_EmptyShell
[2580.46] Warning: USkeletalMeshComponent::SyncActorToRBPhysics(): no PhysicsAssetInstance for DFDroppedPickup UGC-Persistent.TheWorld:PersistentLevel.DFDroppedPickup_281 with skeletalmesh: SkeletalMesh WP_Projectiles.Meshes.SK_EmptyShell
[2580.53] Warning: USkeletalMeshComponent::SyncActorToRBPhysics(): no PhysicsAssetInstance for DFDroppedPickup UGC-Persistent.TheWorld:PersistentLevel.DFDroppedPickup_281 with skeletalmesh: SkeletalMesh WP_Projectiles.Meshes.SK_EmptyShell
[2580.60] Warning: USkeletalMeshComponent::SyncActorToRBPhysics(): no PhysicsAssetInstance for DFDroppedPickup UGC-Persistent.TheWorld:PersistentLevel.DFDroppedPickup_281 with skeletalmesh: SkeletalMesh WP_Projectiles.Meshes.SK_EmptyShell
[2580.67] Warning: USkeletalMeshComponent::SyncActorToRBPhysics(): no PhysicsAssetInstance for DFDroppedPickup UGC-Persistent.TheWorld:PersistentLevel.DFDroppedPickup_281 with skeletalmesh: SkeletalMesh WP_Projectiles.Meshes.SK_EmptyShell
[2580.73] Warning: USkeletalMeshComponent::SyncActorToRBPhysics(): no PhysicsAssetInstance for DFDroppedPickup UGC-Persistent.TheWorld:PersistentLevel.DFDroppedPickup_281 with skeletalmesh: SkeletalMesh WP_Projectiles.Meshes.SK_EmptyShell
[2580.80] Warning: USkeletalMeshComponent::SyncActorToRBPhysics(): no PhysicsAssetInstance for DFDroppedPickup UGC-Persistent.TheWorld:PersistentLevel.DFDroppedPickup_281 with skeletalmesh: SkeletalMesh WP_Projectiles.Meshes.SK_EmptyShell
[2580.87] Warning: USkeletalMeshComponent::SyncActorToRBPhysics(): no PhysicsAssetInstance for DFDroppedPickup UGC-Persistent.TheWorld:PersistentLevel.DFDroppedPickup_281 with skeletalmesh: SkeletalMesh WP_Projectiles.Meshes.SK_EmptyShell
[2580.94] Warning: USkeletalMeshComponent::SyncActorToRBPhysics(): no PhysicsAssetInstance for DFDroppedPickup UGC-Persistent.TheWorld:PersistentLevel.DFDroppedPickup_281 with skeletalmesh: SkeletalMesh WP_Projectiles.Meshes.SK_EmptyShell
[2581.00] Warning: USkeletalMeshComponent::SyncActorToRBPhysics(): no PhysicsAssetInstance for DFDroppedPickup UGC-Persistent.TheWorld:PersistentLevel.DFDroppedPickup_281 with skeletalmesh: SkeletalMesh WP_Projectiles.Meshes.SK_EmptyShell
[2581.07] Warning: USkeletalMeshComponent::SyncActorToRBPhysics(): no PhysicsAssetInstance for DFDroppedPickup UGC-Persistent.TheWorld:PersistentLevel.DFDroppedPickup_281 with skeletalmesh: SkeletalMesh WP_Projectiles.Meshes.SK_EmptyShell
[2581.14] Warning: USkeletalMeshComponent::SyncActorToRBPhysics(): no PhysicsAssetInstance for DFDroppedPickup UGC-Persistent.TheWorld:PersistentLevel.DFDroppedPickup_281 with skeletalmesh: SkeletalMesh WP_Projectiles.Meshes.SK_EmptyShell
[2581.21] Warning: USkeletalMeshComponent::SyncActorToRBPhysics(): no PhysicsAssetInstance for DFDroppedPickup UGC-Persistent.TheWorld:PersistentLevel.DFDroppedPickup_281 with skeletalmesh: SkeletalMesh WP_Projectiles.Meshes.SK_EmptyShell
[2581.28] Warning: USkeletalMeshComponent::SyncActorToRBPhysics(): no PhysicsAssetInstance for DFDroppedPickup UGC-Persistent.TheWorld:PersistentLevel.DFDroppedPickup_281 with skeletalmesh: SkeletalMesh WP_Projectiles.Meshes.SK_EmptyShell
[2581.34] Warning: USkeletalMeshComponent::SyncActorToRBPhysics(): no PhysicsAssetInstance for DFDroppedPickup UGC-Persistent.TheWorld:PersistentLevel.DFDroppedPickup_281 with skeletalmesh: SkeletalMesh WP_Projectiles.Meshes.SK_EmptyShell
[2581.41] Warning: USkeletalMeshComponent::SyncActorToRBPhysics(): no PhysicsAssetInstance for DFDroppedPickup UGC-Persistent.TheWorld:PersistentLevel.DFDroppedPickup_281 with skeletalmesh: SkeletalMesh WP_Projectiles.Meshes.SK_EmptyShell
[2581.48] Warning: USkeletalMeshComponent::SyncActorToRBPhysics(): no PhysicsAssetInstance for DFDroppedPickup UGC-Persistent.TheWorld:PersistentLevel.DFDroppedPickup_281 with skeletalmesh: SkeletalMesh WP_Projectiles.Meshes.SK_EmptyShell
[2581.55] Warning: USkeletalMeshComponent::SyncActorToRBPhysics(): no PhysicsAssetInstance for DFDroppedPickup UGC-Persistent.TheWorld:PersistentLevel.DFDroppedPickup_281 with skeletalmesh: SkeletalMesh WP_Projectiles.Meshes.SK_EmptyShell
[2581.62] Warning: USkeletalMeshComponent::SyncActorToRBPhysics(): no PhysicsAssetInstance for DFDroppedPickup UGC-Persistent.TheWorld:PersistentLevel.DFDroppedPickup_281 with skeletalmesh: SkeletalMesh WP_Projectiles.Meshes.SK_EmptyShell
[2581.68] Warning: USkeletalMeshComponent::SyncActorToRBPhysics(): no PhysicsAssetInstance for DFDroppedPickup UGC-Persistent.TheWorld:PersistentLevel.DFDroppedPickup_281 with skeletalmesh: SkeletalMesh WP_Projectiles.Meshes.SK_EmptyShell
[2581.75] Warning: USkeletalMeshComponent::SyncActorToRBPhysics(): no PhysicsAssetInstance for DFDroppedPickup UGC-Persistent.TheWorld:PersistentLevel.DFDroppedPickup_281 with skeletalmesh: SkeletalMesh WP_Projectiles.Meshes.SK_EmptyShell
[2581.82] Warning: USkeletalMeshComponent::SyncActorToRBPhysics(): no PhysicsAssetInstance for DFDroppedPickup UGC-Persistent.TheWorld:PersistentLevel.DFDroppedPickup_281 with skeletalmesh: SkeletalMesh WP_Projectiles.Meshes.SK_EmptyShell
[2581.84] DevOnline: Can't free search results while the search is in progress
[2581.84] DevOnline: Listening for lan beacon requests on 6777
[2581.89] Warning: USkeletalMeshComponent::SyncActorToRBPhysics(): no PhysicsAssetInstance for DFDroppedPickup UGC-Persistent.TheWorld:PersistentLevel.DFDroppedPickup_281 with skeletalmesh: SkeletalMesh WP_Projectiles.Meshes.SK_EmptyShell
[2581.95] Warning: USkeletalMeshComponent::SyncActorToRBPhysics(): no PhysicsAssetInstance for DFDroppedPickup UGC-Persistent.TheWorld:PersistentLevel.DFDroppedPickup_281 with skeletalmesh: SkeletalMesh WP_Projectiles.Meshes.SK_EmptyShell
[2582.02] Warning: USkeletalMeshComponent::SyncActorToRBPhysics(): no PhysicsAssetInstance for DFDroppedPickup UGC-Persistent.TheWorld:PersistentLevel.DFDroppedPickup_281 with skeletalmesh: SkeletalMesh WP_Projectiles.Meshes.SK_EmptyShell
[2582.09] Warning: USkeletalMeshComponent::SyncActorToRBPhysics(): no PhysicsAssetInstance for DFDroppedPickup UGC-Persistent.TheWorld:PersistentLevel.DFDroppedPickup_281 with skeletalmesh: SkeletalMesh WP_Projectiles.Meshes.SK_EmptyShell
[2582.16] Warning: USkeletalMeshComponent::SyncActorToRBPhysics(): no PhysicsAssetInstance for DFDroppedPickup UGC-Persistent.TheWorld:PersistentLevel.DFDroppedPickup_281 with skeletalmesh: SkeletalMesh WP_Projectiles.Meshes.SK_EmptyShell
[2582.22] Warning: USkeletalMeshComponent::SyncActorToRBPhysics(): no PhysicsAssetInstance for DFDroppedPickup UGC-Persistent.TheWorld:PersistentLevel.DFDroppedPickup_281 with skeletalmesh: SkeletalMesh WP_Projectiles.Meshes.SK_EmptyShell
[2582.29] Warning: USkeletalMeshComponent::SyncActorToRBPhysics(): no PhysicsAssetInstance for DFDroppedPickup UGC-Persistent.TheWorld:PersistentLevel.DFDroppedPickup_281 with skeletalmesh: SkeletalMesh WP_Projectiles.Meshes.SK_EmptyShell
[2582.36] Warning: USkeletalMeshComponent::SyncActorToRBPhysics(): no PhysicsAssetInstance for DFDroppedPickup UGC-Persistent.TheWorld:PersistentLevel.DFDroppedPickup_281 with skeletalmesh: SkeletalMesh WP_Projectiles.Meshes.SK_EmptyShell
[2582.43] Warning: USkeletalMeshComponent::SyncActorToRBPhysics(): no PhysicsAssetInstance for DFDroppedPickup UGC-Persistent.TheWorld:PersistentLevel.DFDroppedPickup_281 with skeletalmesh: SkeletalMesh WP_Projectiles.Meshes.SK_EmptyShell
[2582.50] Warning: USkeletalMeshComponent::SyncActorToRBPhysics(): no PhysicsAssetInstance for DFDroppedPickup UGC-Persistent.TheWorld:PersistentLevel.DFDroppedPickup_281 with skeletalmesh: SkeletalMesh WP_Projectiles.Meshes.SK_EmptyShell
[2582.57] Warning: USkeletalMeshComponent::SyncActorToRBPhysics(): no PhysicsAssetInstance for DFDroppedPickup UGC-Persistent.TheWorld:PersistentLevel.DFDroppedPickup_281 with skeletalmesh: SkeletalMesh WP_Projectiles.Meshes.SK_EmptyShell
[2582.63] Warning: USkeletalMeshComponent::SyncActorToRBPhysics(): no PhysicsAssetInstance for DFDroppedPickup UGC-Persistent.TheWorld:PersistentLevel.DFDroppedPickup_281 with skeletalmesh: SkeletalMesh WP_Projectiles.Meshes.SK_EmptyShell
[2582.70] Warning: USkeletalMeshComponent::SyncActorToRBPhysics(): no PhysicsAssetInstance for DFDroppedPickup UGC-Persistent.TheWorld:PersistentLevel.DFDroppedPickup_281 with skeletalmesh: SkeletalMesh WP_Projectiles.Meshes.SK_EmptyShell
[2582.77] Warning: USkeletalMeshComponent::SyncActorToRBPhysics(): no PhysicsAssetInstance for DFDroppedPickup UGC-Persistent.TheWorld:PersistentLevel.DFDroppedPickup_281 with skeletalmesh: SkeletalMesh WP_Projectiles.Meshes.SK_EmptyShell
[2582.83] Warning: USkeletalMeshComponent::SyncActorToRBPhysics(): no PhysicsAssetInstance for DFDroppedPickup UGC-Persistent.TheWorld:PersistentLevel.DFDroppedPickup_281 with skeletalmesh: SkeletalMesh WP_Projectiles.Meshes.SK_EmptyShell
[2582.90] Warning: USkeletalMeshComponent::SyncActorToRBPhysics(): no PhysicsAssetInstance for DFDroppedPickup UGC-Persistent.TheWorld:PersistentLevel.DFDroppedPickup_281 with skeletalmesh: SkeletalMesh WP_Projectiles.Meshes.SK_EmptyShell
[2582.97] Warning: USkeletalMeshComponent::SyncActorToRBPhysics(): no PhysicsAssetInstance for DFDroppedPickup UGC-Persistent.TheWorld:PersistentLevel.DFDroppedPickup_281 with skeletalmesh: SkeletalMesh WP_Projectiles.Meshes.SK_EmptyShell
[2583.04] Warning: USkeletalMeshComponent::SyncActorToRBPhysics(): no PhysicsAssetInstance for DFDroppedPickup UGC-Persistent.TheWorld:PersistentLevel.DFDroppedPickup_281 with skeletalmesh: SkeletalMesh WP_Projectiles.Meshes.SK_EmptyShell
[2583.11] Warning: USkeletalMeshComponent::SyncActorToRBPhysics(): no PhysicsAssetInstance for DFDroppedPickup UGC-Persistent.TheWorld:PersistentLevel.DFDroppedPickup_281 with skeletalmesh: SkeletalMesh WP_Projectiles.Meshes.SK_EmptyShell
[2583.17] Warning: USkeletalMeshComponent::SyncActorToRBPhysics(): no PhysicsAssetInstance for DFDroppedPickup UGC-Persistent.TheWorld:PersistentLevel.DFDroppedPickup_281 with skeletalmesh: SkeletalMesh WP_Projectiles.Meshes.SK_EmptyShell
[2583.24] Warning: USkeletalMeshComponent::SyncActorToRBPhysics(): no PhysicsAssetInstance for DFDroppedPickup UGC-Persistent.TheWorld:PersistentLevel.DFDroppedPickup_281 with skeletalmesh: SkeletalMesh WP_Projectiles.Meshes.SK_EmptyShell
[2583.31] Warning: USkeletalMeshComponent::SyncActorToRBPhysics(): no PhysicsAssetInstance for DFDroppedPickup UGC-Persistent.TheWorld:PersistentLevel.DFDroppedPickup_281 with skeletalmesh: SkeletalMesh WP_Projectiles.Meshes.SK_EmptyShell
[2583.38] Warning: USkeletalMeshComponent::SyncActorToRBPhysics(): no PhysicsAssetInstance for DFDroppedPickup UGC-Persistent.TheWorld:PersistentLevel.DFDroppedPickup_281 with skeletalmesh: SkeletalMesh WP_Projectiles.Meshes.SK_EmptyShell
[2583.44] Warning: USkeletalMeshComponent::SyncActorToRBPhysics(): no PhysicsAssetInstance for DFDroppedPickup UGC-Persistent.TheWorld:PersistentLevel.DFDroppedPickup_281 with skeletalmesh: SkeletalMesh WP_Projectiles.Meshes.SK_EmptyShell
[2583.51] Warning: USkeletalMeshComponent::SyncActorToRBPhysics(): no PhysicsAssetInstance for DFDroppedPickup UGC-Persistent.TheWorld:PersistentLevel.DFDroppedPickup_281 with skeletalmesh: SkeletalMesh WP_Projectiles.Meshes.SK_EmptyShell
[2583.58] Warning: USkeletalMeshComponent::SyncActorToRBPhysics(): no PhysicsAssetInstance for DFDroppedPickup UGC-Persistent.TheWorld:PersistentLevel.DFDroppedPickup_281 with skeletalmesh: SkeletalMesh WP_Projectiles.Meshes.SK_EmptyShell
[2583.65] Warning: USkeletalMeshComponent::SyncActorToRBPhysics(): no PhysicsAssetInstance for DFDroppedPickup UGC-Persistent.TheWorld:PersistentLevel.DFDroppedPickup_281 with skeletalmesh: SkeletalMesh WP_Projectiles.Meshes.SK_EmptyShell
[2583.72] Warning: USkeletalMeshComponent::SyncActorToRBPhysics(): no PhysicsAssetInstance for DFDroppedPickup UGC-Persistent.TheWorld:PersistentLevel.DFDroppedPickup_281 with skeletalmesh: SkeletalMesh WP_Projectiles.Meshes.SK_EmptyShell
[2583.78] Warning: USkeletalMeshComponent::SyncActorToRBPhysics(): no PhysicsAssetInstance for DFDroppedPickup UGC-Persistent.TheWorld:PersistentLevel.DFDroppedPickup_281 with skeletalmesh: SkeletalMesh WP_Projectiles.Meshes.SK_EmptyShell
[2583.85] Warning: USkeletalMeshComponent::SyncActorToRBPhysics(): no PhysicsAssetInstance for DFDroppedPickup UGC-Persistent.TheWorld:PersistentLevel.DFDroppedPickup_281 with skeletalmesh: SkeletalMesh WP_Projectiles.Meshes.SK_EmptyShell
[2583.92] Warning: USkeletalMeshComponent::SyncActorToRBPhysics(): no PhysicsAssetInstance for DFDroppedPickup UGC-Persistent.TheWorld:PersistentLevel.DFDroppedPickup_281 with skeletalmesh: SkeletalMesh WP_Projectiles.Meshes.SK_EmptyShell
[2583.99] Warning: USkeletalMeshComponent::SyncActorToRBPhysics(): no PhysicsAssetInstance for DFDroppedPickup UGC-Persistent.TheWorld:PersistentLevel.DFDroppedPickup_281 with skeletalmesh: SkeletalMesh WP_Projectiles.Meshes.SK_EmptyShell
[2584.06] Warning: USkeletalMeshComponent::SyncActorToRBPhysics(): no PhysicsAssetInstance for DFDroppedPickup UGC-Persistent.TheWorld:PersistentLevel.DFDroppedPickup_281 with skeletalmesh: SkeletalMesh WP_Projectiles.Meshes.SK_EmptyShell
[2584.12] Warning: USkeletalMeshComponent::SyncActorToRBPhysics(): no PhysicsAssetInstance for DFDroppedPickup UGC-Persistent.TheWorld:PersistentLevel.DFDroppedPickup_281 with skeletalmesh: SkeletalMesh WP_Projectiles.Meshes.SK_EmptyShell
[2584.19] Warning: USkeletalMeshComponent::SyncActorToRBPhysics(): no PhysicsAssetInstance for DFDroppedPickup UGC-Persistent.TheWorld:PersistentLevel.DFDroppedPickup_281 with skeletalmesh: SkeletalMesh WP_Projectiles.Meshes.SK_EmptyShell
[2584.26] Warning: USkeletalMeshComponent::SyncActorToRBPhysics(): no PhysicsAssetInstance for DFDroppedPickup UGC-Persistent.TheWorld:PersistentLevel.DFDroppedPickup_281 with skeletalmesh: SkeletalMesh WP_Projectiles.Meshes.SK_EmptyShell
[2584.33] Warning: USkeletalMeshComponent::SyncActorToRBPhysics(): no PhysicsAssetInstance for DFDroppedPickup UGC-Persistent.TheWorld:PersistentLevel.DFDroppedPickup_281 with skeletalmesh: SkeletalMesh WP_Projectiles.Meshes.SK_EmptyShell
[2584.39] Warning: USkeletalMeshComponent::SyncActorToRBPhysics(): no PhysicsAssetInstance for DFDroppedPickup UGC-Persistent.TheWorld:PersistentLevel.DFDroppedPickup_281 with skeletalmesh: SkeletalMesh WP_Projectiles.Meshes.SK_EmptyShell
[2584.46] Warning: USkeletalMeshComponent::SyncActorToRBPhysics(): no PhysicsAssetInstance for DFDroppedPickup UGC-Persistent.TheWorld:PersistentLevel.DFDroppedPickup_281 with skeletalmesh: SkeletalMesh WP_Projectiles.Meshes.SK_EmptyShell
[2584.53] Warning: USkeletalMeshComponent::SyncActorToRBPhysics(): no PhysicsAssetInstance for DFDroppedPickup UGC-Persistent.TheWorld:PersistentLevel.DFDroppedPickup_281 with skeletalmesh: SkeletalMesh WP_Projectiles.Meshes.SK_EmptyShell
[2584.60] Warning: USkeletalMeshComponent::SyncActorToRBPhysics(): no PhysicsAssetInstance for DFDroppedPickup UGC-Persistent.TheWorld:PersistentLevel.DFDroppedPickup_281 with skeletalmesh: SkeletalMesh WP_Projectiles.Meshes.SK_EmptyShell
[2584.63] ScriptWarning: Accessed None 'RunSound'
	DFSpecialMove_RoadieRun UGC-Persistent.TheWorld:PersistentLevel.DFSpecialMove_RoadieRun_1
	Function DFGame.DFSpecialMove_RoadieRun:StartSpecialMove:04EF
[2584.66] Warning: USkeletalMeshComponent::SyncActorToRBPhysics(): no PhysicsAssetInstance for DFDroppedPickup UGC-Persistent.TheWorld:PersistentLevel.DFDroppedPickup_281 with skeletalmesh: SkeletalMesh WP_Projectiles.Meshes.SK_EmptyShell
[2584.73] Warning: USkeletalMeshComponent::SyncActorToRBPhysics(): no PhysicsAssetInstance for DFDroppedPickup UGC-Persistent.TheWorld:PersistentLevel.DFDroppedPickup_281 with skeletalmesh: SkeletalMesh WP_Projectiles.Meshes.SK_EmptyShell
[2584.80] Warning: USkeletalMeshComponent::SyncActorToRBPhysics(): no PhysicsAssetInstance for DFDroppedPickup UGC-Persistent.TheWorld:PersistentLevel.DFDroppedPickup_281 with skeletalmesh: SkeletalMesh WP_Projectiles.Meshes.SK_EmptyShell
[2584.87] Warning: USkeletalMeshComponent::SyncActorToRBPhysics(): no PhysicsAssetInstance for DFDroppedPickup UGC-Persistent.TheWorld:PersistentLevel.DFDroppedPickup_281 with skeletalmesh: SkeletalMesh WP_Projectiles.Meshes.SK_EmptyShell
[2584.94] Warning: USkeletalMeshComponent::SyncActorToRBPhysics(): no PhysicsAssetInstance for DFDroppedPickup UGC-Persistent.TheWorld:PersistentLevel.DFDroppedPickup_281 with skeletalmesh: SkeletalMesh WP_Projectiles.Meshes.SK_EmptyShell
[2585.84] DevOnline: Listening for lan beacon requests on 6777
[2587.53] ScriptWarning: Accessed None 'RunSound'
	DFSpecialMove_RoadieRun UGC-Persistent.TheWorld:PersistentLevel.DFSpecialMove_RoadieRun_1
	Function DFGame.DFSpecialMove_RoadieRun:StopSpecialMove:0174
[2590.83] DevOnline: Listening for lan beacon requests on 6777
[2594.85] DevOnline: Listening for lan beacon requests on 6777
[2599.85] DevOnline: Listening for lan beacon requests on 6777
[2603.87] DevOnline: Listening for lan beacon requests on 6777
[2604.53] ScriptWarning: Accessed None 'RunSound'
	DFSpecialMove_RoadieRun UGC-Persistent.TheWorld:PersistentLevel.DFSpecialMove_RoadieRun_1
	Function DFGame.DFSpecialMove_RoadieRun:StartSpecialMove:04EF
[2606.79] Log: APPLY TRANSFORM LEVEL from UpdateSTreamingLevels():
[2606.80] Log: APPLY TRANSFORM ROOM #7, rot.pitch=0, rot.yaw=32768, rot.roll=0;  Offset=-7682.250000,3129.308594,-730.898438
[2606.80] Log: APPLY TRANSFORM ROOM: UGCDungeonLayoutValues.LevelIndexCurr = 7
[2606.80] Log:  LevelData[7] setting bOffsetsApplied to TRUE
[2606.80] Log:  Flagging Level[7] to be Not Visible
[2606.80] Log:  Flagging Level[7] to be Visible
[2606.80] Log: URB_BodyInstance::InitBody : Could not create new Shape: Actor: 000_EndRoom1.TheWorld:PersistentLevel.StaticMeshActor_28 Component: StaticMeshComponent_87 StaticMesh: UGC_Props.Meshes.S_UGCEndRoomFloor
[2608.42] ScriptWarning: Accessed None 'RunSound'
	DFSpecialMove_RoadieRun UGC-Persistent.TheWorld:PersistentLevel.DFSpecialMove_RoadieRun_1
	Function DFGame.DFSpecialMove_RoadieRun:StopSpecialMove:0174
[2608.88] DevOnline: Listening for lan beacon requests on 6777
[2608.95] ScriptWarning: Accessed None 'RunSound'
	DFSpecialMove_RoadieRun UGC-Persistent.TheWorld:PersistentLevel.DFSpecialMove_RoadieRun_1
	Function DFGame.DFSpecialMove_RoadieRun:StartSpecialMove:04EF
[2610.05] ScriptWarning: Accessed None 'RunSound'
	DFSpecialMove_RoadieRun UGC-Persistent.TheWorld:PersistentLevel.DFSpecialMove_RoadieRun_1
	Function DFGame.DFSpecialMove_RoadieRun:StopSpecialMove:0174
[2612.90] DevOnline: Listening for lan beacon requests on 6777
[2614.37] Log: Could not find FMC creator for PSC 000_Hallway1.TheWorld:PersistentLevel.DFPickupFactoryAlchemyObject_ShardContent_0.inXileParticleSystemComponent_5679 completion callback, message None
[2617.91] DevOnline: Listening for lan beacon requests on 6777
[2618.78] Log: Changing subtitle setting, new value: 0
[2618.89] Warning: Warning, Failed to load 'SwfMovie ?INT?GFxUI.IME.MoviePath?': Failed to find object 'SwfMovie ?INT?GFxUI.IME.MoviePath?'
[2618.89] Log: GFx attempted to load missing object [?INT?GFxUI.IME.MoviePath?]
[2621.93] DevOnline: Listening for lan beacon requests on 6777
[2626.95] DevOnline: Listening for lan beacon requests on 6777
[2630.96] DevOnline: Listening for lan beacon requests on 6777
[2631.17] Log: Octree Warning (AddPrimitive): SkeletalMeshComponent_1 (Owner: UGC-Persistent.TheWorld:PersistentLevel.inXileKAssetSpawnable_1) Outside World.
[2631.17] Log: Octree Warning (AddPrimitive): SkeletalMeshComponent_1 (Owner: UGC-Persistent.TheWorld:PersistentLevel.inXileKAssetSpawnable_1) Outside World.
[2634.82] Log: Changing subtitle setting, new value: 1
[2635.98] DevOnline: Listening for lan beacon requests on 6777
[2637.27] ScriptWarning: Accessed None 'RunSound'
	DFSpecialMove_RoadieRun UGC-Persistent.TheWorld:PersistentLevel.DFSpecialMove_RoadieRun_1
	Function DFGame.DFSpecialMove_RoadieRun:StartSpecialMove:04EF
[2640.00] ScriptWarning: Accessed None 'RunSound'
	DFSpecialMove_RoadieRun UGC-Persistent.TheWorld:PersistentLevel.DFSpecialMove_RoadieRun_1
	Function DFGame.DFSpecialMove_RoadieRun:StopSpecialMove:0174
[2640.00] DevOnline: Listening for lan beacon requests on 6777
[2645.00] DevOnline: Can't free search results while the search is in progress
[2645.00] DevOnline: Listening for lan beacon requests on 6777
[2649.01] DevOnline: Listening for lan beacon requests on 6777
[2653.81] DevOnline: Async task ''Async profile file write'' started at 18255578.478636
[2654.01] DevOnline: Async task ''Async profile file write'' started at 18255578.679848
[2654.03] DevOnline: Listening for lan beacon requests on 6777
[2658.05] DevOnline: Listening for lan beacon requests on 6777
[2659.93] Warning: Warning, Failed to load 'SwfMovie ?INT?GFxUI.IME.MoviePath?': Failed to find object 'SwfMovie ?INT?GFxUI.IME.MoviePath?'
[2659.93] Log: GFx attempted to load missing object [?INT?GFxUI.IME.MoviePath?]
[2663.06] DevOnline: Listening for lan beacon requests on 6777
[2667.08] DevOnline: Listening for lan beacon requests on 6777
[2672.09] DevOnline: Listening for lan beacon requests on 6777
[2672.38] NetComeGo: Close TcpipConnection_1 26.66.102.216:7777 10/12/25 20:29:34
[2672.38] DevOnline: Listening for lan beacon requests on 6777
[2673.38] Log: ShowLoadingMovie bShowMovie[0] LoadingMovieName[LoadingMovie] 
[2673.39] Warning: Warning, Failed to load 'SwfMovie ?INT?GFxUI.IME.MoviePath?': Failed to find object 'SwfMovie ?INT?GFxUI.IME.MoviePath?'
[2673.39] Log: GFx attempted to load missing object [?INT?GFxUI.IME.MoviePath?]
[2675.14] Error: Can't end an online game that hasn't been created
[2675.14] Log: ShowLoadingMovie bShowMovie[1] LoadingMovieName[LoadingMovie] 
[2675.16] Log: ShowLoadingMovie bShowMovie[1] LoadingMovieName[LoadingMovie] 
[2675.17] Log: Failed; returning to Entry
[2675.18] Log: LoadMap: MainMenu?Closed
[2675.20] Exit: UTcpNetDriver shut down
[2675.23] DevMemory: Virtual  memory allocation size: 304.96 MByte (319778816 Bytes)
[2675.52] Log: Game class is 'DFMenuGame'
[2675.57] Log: Creating Primary PhysX Scene.
[2675.57] Log: *** WARNING - PATHS MAY NOT BE VALID ***
[2675.57] Log: Bringing World MainMenu.TheWorld up for play (0) at 2025.10.12-20.29.37
[2675.57] Log: Bringing up level for play took: 0.048958
[2675.58] DevOnline: RegisterRemoteTalker(0x0000000000000000) returned 0x00000000
[2675.58] DevOnline: StartRemoteVoiceProcessing(0x0000000000000000) returned 0x00000000
[2675.58] DevOnline: Using cached profile data instead of reading
[2675.58] Error: Can't end an online game that hasn't been created
[2675.58] DevOnline: Logging out for Player
[2675.58] DevOnline: Signing into profile Player locally
[2675.58] Log: ########### Finished loading level: 0.400972 seconds
[2675.66]  [DFProdigy] : [MainMenu->DFP_MainMenu_2] InitCrowdSpawner, Missing Spawn locations 
[2675.66] Log: ShowLoadingMovie bShowMovie[0] LoadingMovieName[LoadingMovie] 
[2675.68] Error: Can't start an online game that hasn't been created
[2675.68] Log: Changing subtitle setting, new value: 1
[2675.68] Warning: GetBoneMatrix : BoneIndex(65) out of range of ParentBoneMap for inXileForgedMeshComponent_2044
[2675.68] Log: Issuing preload for ..\..\DFGame\CookedPC\EFFIGYTEMPLATES\PAWNQUIPGROUP_WARRIOR3_SF_LOC_INT.UPK
[2675.68] Log: Issuing preload for ..\..\DFGame\CookedPC\EFFIGYTEMPLATES\PAWNQUIPGROUP_WARRIOR3_SF.UPK
[2675.68] Log: Issuing preload for ..\..\DFGame\CookedPC\EFFIGYTEMPLATES\PAWNQUIPGROUP_HUNTRESS2_SF_LOC_INT.UPK
[2675.68] Log: Issuing preload for ..\..\DFGame\CookedPC\EFFIGYTEMPLATES\PAWNQUIPGROUP_HUNTRESS2_SF.UPK
[2675.68] Log: Issuing preload for ..\..\DFGame\CookedPC\EFFIGYTEMPLATES\PAWNQUIPGROUP_WARGAR2_SF_LOC_INT.UPK
[2675.68] Log: Issuing preload for ..\..\DFGame\CookedPC\EFFIGYTEMPLATES\PAWNQUIPGROUP_WARGAR2_SF.UPK
[2675.68] Log: Flushing async loaders.
[2675.99] Warning: Warning, Failed to load 'SwfMovie ?INT?GFxUI.IME.MoviePath?': Failed to find object 'SwfMovie ?INT?GFxUI.IME.MoviePath?'
[2675.99] Log: GFx attempted to load missing object [?INT?GFxUI.IME.MoviePath?]
[2676.93] DevOnline: Logging out for Player
[2676.93] DevOnline: Signing into profile Player locally
[2676.93] Log: Changing subtitle setting, new value: 1
[2679.06] Warning: Warning, Failed to load 'SwfMovie ?INT?GFxUI.IME.MoviePath?': Failed to find object 'SwfMovie ?INT?GFxUI.IME.MoviePath?'
[2679.06] Log: GFx attempted to load missing object [?INT?GFxUI.IME.MoviePath?]
[2680.90] ScriptWarning: Accessed None 'Pawn'
	DFPlayerInput MainMenu.TheWorld:PersistentLevel.DFPlayerController_Menu_5.DFPlayerInput_4
	Function DFGame.DFPlayerInput:ReleasedDPad:0037
[2680.91] Warning: Warning, Failed to load 'SwfMovie ?INT?GFxUI.IME.MoviePath?': Failed to find object 'SwfMovie ?INT?GFxUI.IME.MoviePath?'
[2680.91] Log: GFx attempted to load missing object [?INT?GFxUI.IME.MoviePath?]
[2681.78] Log: S:\SteamLibrary\steamapps\common\Hunted\BINARIES\WIN32\../../DFGame/
[2682.81] Warning: Warning, Failed to load 'SwfMovie ?INT?GFxUI.IME.MoviePath?': Failed to find object 'SwfMovie ?INT?GFxUI.IME.MoviePath?'
[2682.81] Log: GFx attempted to load missing object [?INT?GFxUI.IME.MoviePath?]
[2684.00] Warning: Warning, Failed to load 'SwfMovie ?INT?GFxUI.IME.MoviePath?': Failed to find object 'SwfMovie ?INT?GFxUI.IME.MoviePath?'
[2684.00] Log: GFx attempted to load missing object [?INT?GFxUI.IME.MoviePath?]
[2684.82] Log: ShowLoadingMovie bShowMovie[1] LoadingMovieName[LoadingMovie] 
[2684.85] Log: LoadMap: MultiplayerMenu?listen?game=DFGame.DFGameInfo_PACTUGC?LoadSection=44?LoadSubsection=0
[2684.89] DevMemory: Virtual  memory allocation size: 304.47 MByte (319258624 Bytes)
[2685.02] Log: Game class is 'DFGameInfo_PACTUGC'
[2685.03] Log: NetMode is now 2
[2685.04] Log: Creating Primary PhysX Scene.
[2685.04] Log: Bringing World MultiplayerMenu.TheWorld up for play (0) at 2025.10.12-20.29.47
[2685.04] Log: Bringing up level for play took: 0.009447
[2685.04] DevOnline: Remote talker is being re-registered
[2685.04] DevOnline: StartRemoteVoiceProcessing(0x0000000000000000) returned 0x00000000
[2685.04] DevOnline: Using cached profile data instead of reading
[2685.05] Error: Can't end an online game that hasn't been created
[2685.05] Error: Can't end an online game that hasn't been created
[2685.05] DevOnline: Listening for lan beacon requests on 6777
[2685.05] DevOnline: RegisterLocalTalker(0) returned 0x80004005
[2685.05] DevOnline: Listening for lan beacon requests on 6777
[2685.05] Log: ShowLoadingMovie bShowMovie[0] LoadingMovieName[LoadingMovie] 
[2685.07] Log: ########### Finished loading level: 0.213132 seconds
[2685.09] Log: Kismet:  "KMSK_ Level Loaded and Visible"KMSK - Kismet is now visible
[2685.10] Log: Issuing preload for ..\..\DFGame\CookedPC\EFFIGYTEMPLATES\PAWNQUIPGROUP_WARRIOR3_SF_LOC_INT.UPK
[2685.10] Log: Issuing preload for ..\..\DFGame\CookedPC\EFFIGYTEMPLATES\PAWNQUIPGROUP_WARRIOR3_SF.UPK
[2685.10] Log: Issuing preload for ..\..\DFGame\CookedPC\EFFIGYTEMPLATES\PAWNQUIPGROUP_HUNTRESS1_SF_LOC_INT.UPK
[2685.10] Log: Issuing preload for ..\..\DFGame\CookedPC\EFFIGYTEMPLATES\PAWNQUIPGROUP_HUNTRESS1_SF.UPK
[2685.10] Log: Issuing preload for ..\..\DFGame\CookedPC\EFFIGYTEMPLATES\PAWNQUIPGROUP_WARGAR1_SF_LOC_INT.UPK
[2685.10] Log: Issuing preload for ..\..\DFGame\CookedPC\EFFIGYTEMPLATES\PAWNQUIPGROUP_WARGAR1_SF.UPK
[2685.11] DevOnline: Can't free search results while the search is in progress
[2685.11] Log: Flushing async loaders.
[2685.39] Warning: Warning, Failed to load 'SwfMovie ?INT?GFxUI.IME.MoviePath?': Failed to find object 'SwfMovie ?INT?GFxUI.IME.MoviePath?'
[2685.39] Log: GFx attempted to load missing object [?INT?GFxUI.IME.MoviePath?]
[2685.39] DevOnline: Listening for lan beacon requests on 6777
[2689.83] DevOnline: Can't free search results while the search is in progress
[2689.83] DevOnline: Listening for lan beacon requests on 6777
[2693.84] DevOnline: Listening for lan beacon requests on 6777
[2698.85] DevOnline: Listening for lan beacon requests on 6777
[2702.85] DevOnline: Listening for lan beacon requests on 6777
[2707.87] DevOnline: Listening for lan beacon requests on 6777
[2711.89] DevOnline: Listening for lan beacon requests on 6777
[2716.90] DevOnline: Listening for lan beacon requests on 6777
[2717.46] DevOnline: Listening for lan beacon requests on 6777
[2722.48] DevOnline: Listening for lan beacon requests on 6777
[2726.50] DevOnline: Listening for lan beacon requests on 6777
[2731.50] DevOnline: Listening for lan beacon requests on 6777
[2735.69] DevOnline: Listening for lan beacon requests on 6777
[2736.75] DevOnline: Listening for lan beacon requests on 6777
[2736.75] DevOnline: RegisterLocalTalker(0) returned 0x80004005
[2736.75] Log: ShowLoadingMovie bShowMovie[1] LoadingMovieName[LoadingMovie] 
[2736.77] DevOnline: JoinOnlineGame: Lan game.
[2736.77] DevOnline: JoinOnlineGame  Return:0x00000000
[2736.77] Exit: UTcpNetDriver shut down
[2736.94] Log: LoadMap: 26.66.102.216/MultiplayerMenu?char=4?lvl=255?diff=4?charLock=2?game=DFGame.DFGameInfo_PACTUGC
[2736.95] DevOnline: UnregisterRemoteTalker(0x0000000000000000) returned 0x00000000
[2736.97] DevMemory: Virtual  memory allocation size: 303.26 MByte (317992960 Bytes)
[2737.40] Log: Creating Primary PhysX Scene.
[2737.40] Log: Bringing World MultiplayerMenu.TheWorld up for play (90) at 2025.10.12-20.30.39
[2737.40] Log: Bringing up level for play took: 0.006638
[2737.40] Log: ########### Finished loading level: 0.460267 seconds
[2737.54] DevOnline: Using cached profile data instead of reading
[2737.54] ScriptWarning: Accessed None 'GRI'
	DFOnlineDelegateManager MultiplayerMenu.TheWorld:PersistentLevel.DFOnlineDelegateManager_6
	Function DFGame.DFOnlineDelegateManager:Advertise_ODM_UpdateBroadcastedGameSettings:006D
[2737.54] ScriptWarning: Attempt to assign variable through None
	DFOnlineDelegateManager MultiplayerMenu.TheWorld:PersistentLevel.DFOnlineDelegateManager_6
	Function DFGame.DFOnlineDelegateManager:Advertise_ODM_UpdateBroadcastedGameSettings:0081
[2737.54] ScriptWarning: Accessed None 'PlayerReplicationInfo'
	DFOnlineDelegateManager MultiplayerMenu.TheWorld:PersistentLevel.DFOnlineDelegateManager_6
	Function DFGame.DFOnlineDelegateManager:Advertise_UI_UpdateGame:0096
[2737.54] Log: ShowLoadingMovie bShowMovie[0] LoadingMovieName[LoadingMovie] 
[2737.59] Log: client calling eventServerSetProfileIndices
[2737.59] Log: client calling eventServerSetProfileValues
[2737.59] Log: Issuing preload for ..\..\DFGame\CookedPC\EFFIGYTEMPLATES\PAWNQUIPGROUP_WARRIOR3_SF_LOC_INT.UPK
[2737.59] Log: Issuing preload for ..\..\DFGame\CookedPC\EFFIGYTEMPLATES\PAWNQUIPGROUP_WARRIOR3_SF.UPK
[2737.59] Log: Issuing preload for ..\..\DFGame\CookedPC\EFFIGYTEMPLATES\PAWNQUIPGROUP_HUNTRESS3_SF_LOC_INT.UPK
[2737.59] Log: Issuing preload for ..\..\DFGame\CookedPC\EFFIGYTEMPLATES\PAWNQUIPGROUP_HUNTRESS3_SF.UPK
[2737.59] Log: Issuing preload for ..\..\DFGame\CookedPC\EFFIGYTEMPLATES\PAWNQUIPGROUP_WARGAR2_SF_LOC_INT.UPK
[2737.59] Log: Issuing preload for ..\..\DFGame\CookedPC\EFFIGYTEMPLATES\PAWNQUIPGROUP_WARGAR2_SF.UPK
[2737.62] Log: Flushing async loaders.
[2737.91] Warning: Warning, Failed to load 'SwfMovie ?INT?GFxUI.IME.MoviePath?': Failed to find object 'SwfMovie ?INT?GFxUI.IME.MoviePath?'
[2737.91] Log: GFx attempted to load missing object [?INT?GFxUI.IME.MoviePath?]
[2738.18] Log: Changing subtitle setting, new value: 1
[2738.18] Log: Changing subtitle setting, new value: 1
[2738.20] Log: Changing subtitle setting, new value: 1
[2738.20] Log: Changing subtitle setting, new value: 1
[2738.23] Log: Changing subtitle setting, new value: 1
[2738.25] Log: Changing subtitle setting, new value: 1
[2738.26] Log: Changing subtitle setting, new value: 1
[2748.88] Log: ShowLoadingMovie bShowMovie[1] LoadingMovieName[LoadingMovie] 
[2748.91] NetComeGo: Close TcpipConnection_2 26.66.102.216:7777 10/12/25 20:30:51
[2748.91] Exit: UTcpNetDriver shut down
[2753.22] Log: LoadMap: 26.66.102.216/UGC-Persistent?char=4?lvl=255?diff=4?charLock=2?UGCKey=_PIE_TMPKEY?game=inXileUGC.inXileUGC_GameInfo_Coop
[2753.25] DevMemory: Virtual  memory allocation size: 303.21 MByte (317943808 Bytes)
[2754.05] Log: Creating Primary PhysX Scene.
[2754.05] Log: Bringing World UGC-Persistent.TheWorld up for play (90) at 2025.10.12-20.30.56
[2754.05] Log: Bringing up level for play took: 0.003384
[2754.05] Log: ########### Finished loading level: 0.831666 seconds
[2754.14] DevOnline: Using cached profile data instead of reading
[2754.14] ScriptWarning: Accessed None 'myHUD'
	DFHUD UGC-Persistent.TheWorld:PersistentLevel.DFHUD_1
	Function DFGame.DFHUD:IsInGameFullScreenSceneOpen:005F
[2754.16] DevStreaming: Unable to find streaming object 000_Hallway1
[2754.16] DevStreaming: Unable to find streaming object 000_StartRoom1
[2754.16] DevStreaming: Unable to find streaming object 004_L_TownCenter
[2754.16] DevStreaming: Unable to find streaming object 011_R_FortMarket
[2754.16] DevStreaming: Unable to find streaming object 015_R_Graveyard
[2754.16] DevStreaming: Unable to find streaming object 010_L_MtnTower
[2754.16] DevStreaming: Unable to find streaming object 005_S_DyfedInn
[2754.16] DevStreaming: Unable to find streaming object 000_EndRoom1
[2754.16] ScriptWarning: Accessed None 'GRI'
	DFOnlineDelegateManager UGC-Persistent.TheWorld:PersistentLevel.DFOnlineDelegateManager_7
	Function DFGame.DFOnlineDelegateManager:Advertise_ODM_UpdateBroadcastedGameSettings:006D
[2754.16] ScriptWarning: Attempt to assign variable through None
	DFOnlineDelegateManager UGC-Persistent.TheWorld:PersistentLevel.DFOnlineDelegateManager_7
	Function DFGame.DFOnlineDelegateManager:Advertise_ODM_UpdateBroadcastedGameSettings:0081
[2754.16] ScriptWarning: Accessed None 'PlayerReplicationInfo'
	DFOnlineDelegateManager UGC-Persistent.TheWorld:PersistentLevel.DFOnlineDelegateManager_7
	Function DFGame.DFOnlineDelegateManager:Advertise_UI_UpdateGame:0096
[2754.16] ScriptWarning: Accessed None 'myGRI'
	DFOnlineDelegateManager UGC-Persistent.TheWorld:PersistentLevel.DFOnlineDelegateManager_7
	Function DFGame.DFOnlineDelegateManager:Filter_UI_StoreLocalPACTSettings:00F3
[2754.16] ScriptWarning: Accessed None 'myGRI'
	DFOnlineDelegateManager UGC-Persistent.TheWorld:PersistentLevel.DFOnlineDelegateManager_7
	Function DFGame.DFOnlineDelegateManager:Filter_UI_StoreLocalPACTSettings:0155
[2754.16] ScriptWarning: Accessed None 'PlayerReplicationInfo'
	DFOnlineDelegateManager UGC-Persistent.TheWorld:PersistentLevel.DFOnlineDelegateManager_7
	Function DFGame.DFOnlineDelegateManager:UI_CancelHost:00F1
[2754.16] DevOnline: Listening for lan beacon requests on 6777
[2754.16] ScriptWarning: Accessed None 'PlayerReplicationInfo'
	DFOnlineDelegateManager UGC-Persistent.TheWorld:PersistentLevel.DFOnlineDelegateManager_7
	Function DFGame.DFOnlineDelegateManager:CancelHostOnEndOnlineGameComplete:0105
[2754.16] ScriptWarning: Accessed None 'GRI'
	DFOnlineDelegateManager UGC-Persistent.TheWorld:PersistentLevel.DFOnlineDelegateManager_7
	Function DFGame.DFOnlineDelegateManager:Advertise_ODM_UpdateBroadcastedGameSettings:006D
[2754.16] ScriptWarning: Attempt to assign variable through None
	DFOnlineDelegateManager UGC-Persistent.TheWorld:PersistentLevel.DFOnlineDelegateManager_7
	Function DFGame.DFOnlineDelegateManager:Advertise_ODM_UpdateBroadcastedGameSettings:0081
[2754.16] ScriptWarning: Accessed None 'PlayerReplicationInfo'
	DFOnlineDelegateManager UGC-Persistent.TheWorld:PersistentLevel.DFOnlineDelegateManager_7
	Function DFGame.DFOnlineDelegateManager:Advertise_UI_UpdateGame:0096
[2754.16] ScriptWarning: Accessed None 'GRI'
	DFOnlineDelegateManager UGC-Persistent.TheWorld:PersistentLevel.DFOnlineDelegateManager_7
	Function DFGame.DFOnlineDelegateManager:Advertise_ODM_UpdateBroadcastedGameSettings:006D
[2754.16] ScriptWarning: Attempt to assign variable through None
	DFOnlineDelegateManager UGC-Persistent.TheWorld:PersistentLevel.DFOnlineDelegateManager_7
	Function DFGame.DFOnlineDelegateManager:Advertise_ODM_UpdateBroadcastedGameSettings:0081
[2754.16] ScriptWarning: Accessed None 'PlayerReplicationInfo'
	DFOnlineDelegateManager UGC-Persistent.TheWorld:PersistentLevel.DFOnlineDelegateManager_7
	Function DFGame.DFOnlineDelegateManager:PerformDelayedHostGame:00BE
[2754.16] DevOnline: Listening for lan beacon requests on 6777
[2754.16] DevOnline: RegisterLocalTalker(0) returned 0x80004005
[2754.16] ScriptWarning: Accessed None 'myGRI'
	DFOnlineDelegateManager UGC-Persistent.TheWorld:PersistentLevel.DFOnlineDelegateManager_7
	Function DFGame.DFOnlineDelegateManager:Filter_UI_StoreLocalPACTSettings:0039
[2754.16] ScriptWarning: Accessed None 'myGRI'
	DFOnlineDelegateManager UGC-Persistent.TheWorld:PersistentLevel.DFOnlineDelegateManager_7
	Function DFGame.DFOnlineDelegateManager:Filter_UI_StoreLocalPACTSettings:009B
[2754.16] DevOnline: Listening for lan beacon requests on 6777
[2754.58] Log: client calling eventServerSetProfileIndices
[2754.58] Log: client calling eventServerSetProfileValues
[2754.60] Log: ####    inXileUGCClientSetupUGCLevels with KeyIntArray.Length=356, [0]=358088704
[2754.60] Log: S:\SteamLibrary\steamapps\common\Hunted\BINARIES\WIN32\../../DFGame/
[2754.60] Log: SetupStreamingLevels():
[2754.60] Log: First Room LvlNdx=10, Start Room ExitDoorSide=1, UGCKey->UGCEntryLevelExitSide=1, requiredRot90=0
[2754.60] Log: STARTING UGC ROOM DATA at Xcol=0, yCol=0
[2754.60] Log:    ~~~ Next room aligned properly...
[2754.60] Log:    Processing UGC Room at Xcol=0, yCol=0
[2754.60] Log:    ~~~ Next room aligned properly...
[2754.60] Log:    Processing UGC Room at Xcol=1, yCol=0
[2754.60] Log:    ~~~ Next room aligned properly...
[2754.60] Log:    Processing UGC Room at Xcol=1, yCol=1
[2754.60] Log:    ~~~ Next room aligned properly...
[2754.60] Log:    Processing UGC Room at Xcol=0, yCol=1
[2754.60] Log:    ~~~ Next room aligned properly...
[2754.60] Log:    Processing UGC Room at Xcol=0, yCol=2
[2754.60] Log: END OF UGC ROOM DATA at Xcol=0, yCol=3
[2754.60] Log: ####    inXileUGCClientSetupUGCLevels Sent message to ServerAcknowledgeUGCKeyRecordsReceived.
[2754.60] Log: Flushing async loaders.
[2754.73] Log: APPLY TRANSFORM LEVEL FROM TICK: LevelInfos(1).bOffsetsHaveBeenApplied=0
[2754.73] Log: APPLY TRANSFORM ROOM #1, rot.pitch=0, rot.yaw=0, rot.roll=0;  Offset=0.000000,0.000000,0.000000
[2754.73] Log: APPLY TRANSFORM ROOM: UGCDungeonLayoutValues.LevelIndexCurr = 1
[2754.73] Log:  Flagging Level[1] to be Visible
[2755.14] Log: Changing subtitle setting, new value: 1
[2755.16] Log: Changing subtitle setting, new value: 1
[2755.16] Log: Changing subtitle setting, new value: 1
[2755.18] Log: Changing subtitle setting, new value: 1
[2755.18] Log: Changing subtitle setting, new value: 1
[2755.21] Log: Changing subtitle setting, new value: 1
[2755.21] Log: Changing subtitle setting, new value: 1
[2755.28] Log: FaceFX: WARNING Reference bone def_r_brow_A_NM_Driver_Zero could not be found in the skeleton 'CH_HeroMale02.Meshes.SK_HeroMale02'.
[2755.28] Log: FaceFX: WARNING Reference bone def_r_brow_A_NM_DriverExTM could not be found in the skeleton 'CH_HeroMale02.Meshes.SK_HeroMale02'.
[2755.28] Log: FaceFX: WARNING Reference bone def_r_brow_A_NM_Driver could not be found in the skeleton 'CH_HeroMale02.Meshes.SK_HeroMale02'.
[2755.28] Log: FaceFX: WARNING Reference bone def_l_brow_A_NM_Driver_Zero could not be found in the skeleton 'CH_HeroMale02.Meshes.SK_HeroMale02'.
[2755.28] Log: FaceFX: WARNING Reference bone def_l_brow_A_NM_DriverExTM could not be found in the skeleton 'CH_HeroMale02.Meshes.SK_HeroMale02'.
[2755.28] Log: FaceFX: WARNING Reference bone def_l_brow_A_NM_Driver could not be found in the skeleton 'CH_HeroMale02.Meshes.SK_HeroMale02'.
[2755.28] Log: FaceFX: WARNING Reference bone def_l_UpperCheek_NM_Driver_Zero could not be found in the skeleton 'CH_HeroMale02.Meshes.SK_HeroMale02'.
[2755.28] Log: FaceFX: WARNING Reference bone def_l_UpperCheek_NM_DriverExTM could not be found in the skeleton 'CH_HeroMale02.Meshes.SK_HeroMale02'.
[2755.28] Log: FaceFX: WARNING Reference bone def_l_UpperCheek_NM_Driver could not be found in the skeleton 'CH_HeroMale02.Meshes.SK_HeroMale02'.
[2755.28] Log: FaceFX: WARNING Reference bone def_r_UpperCheek_NM_Driver_Zero could not be found in the skeleton 'CH_HeroMale02.Meshes.SK_HeroMale02'.
[2755.28] Log: FaceFX: WARNING Reference bone def_r_UpperCheek_NM_DriverExTM could not be found in the skeleton 'CH_HeroMale02.Meshes.SK_HeroMale02'.
[2755.28] Log: FaceFX: WARNING Reference bone def_r_UpperCheek_NM_Driver could not be found in the skeleton 'CH_HeroMale02.Meshes.SK_HeroMale02'.
[2755.28] Log: FaceFX: WARNING Reference bone def_l_brow_C_NM_Driver_Zero could not be found in the skeleton 'CH_HeroMale02.Meshes.SK_HeroMale02'.
[2755.28] Log: FaceFX: WARNING Reference bone def_l_brow_C_NM_DriverExTM could not be found in the skeleton 'CH_HeroMale02.Meshes.SK_HeroMale02'.
[2755.28] Log: FaceFX: WARNING Reference bone def_l_brow_C_NM_Driver could not be found in the skeleton 'CH_HeroMale02.Meshes.SK_HeroMale02'.
[2755.28] Log: FaceFX: WARNING Reference bone def_l_brow_B_NM_Driver_Zero could not be found in the skeleton 'CH_HeroMale02.Meshes.SK_HeroMale02'.
[2755.28] Log: FaceFX: WARNING Reference bone def_l_brow_B_NM_DriverExTM could not be found in the skeleton 'CH_HeroMale02.Meshes.SK_HeroMale02'.
[2755.28] Log: FaceFX: WARNING Reference bone def_l_brow_B_NM_Driver could not be found in the skeleton 'CH_HeroMale02.Meshes.SK_HeroMale02'.
[2755.28] Log: FaceFX: WARNING Reference bone def_r_brow_B_NM_Driver_Zero could not be found in the skeleton 'CH_HeroMale02.Meshes.SK_HeroMale02'.
[2755.28] Log: FaceFX: WARNING Reference bone def_r_brow_B_NM_DriverExTM could not be found in the skeleton 'CH_HeroMale02.Meshes.SK_HeroMale02'.
[2755.28] Log: FaceFX: WARNING Reference bone def_r_brow_B_NM_Driver could not be found in the skeleton 'CH_HeroMale02.Meshes.SK_HeroMale02'.
[2755.28] Log: FaceFX: WARNING Reference bone def_r_brow_C_NM_Driver_Zero could not be found in the skeleton 'CH_HeroMale02.Meshes.SK_HeroMale02'.
[2755.28] Log: FaceFX: WARNING Reference bone def_r_brow_C_NM_DriverExTM could not be found in the skeleton 'CH_HeroMale02.Meshes.SK_HeroMale02'.
[2755.28] Log: FaceFX: WARNING Reference bone def_r_brow_C_NM_Driver could not be found in the skeleton 'CH_HeroMale02.Meshes.SK_HeroMale02'.
[2755.28] Log: FaceFX: WARNING Reference bone def_l_upperLip_NM_Driver_Zero could not be found in the skeleton 'CH_HeroMale02.Meshes.SK_HeroMale02'.
[2755.28] Log: FaceFX: WARNING Reference bone def_l_upperLip_NM_DriverExTM could not be found in the skeleton 'CH_HeroMale02.Meshes.SK_HeroMale02'.
[2755.28] Log: FaceFX: WARNING Reference bone def_l_upperLip_NM_Driver could not be found in the skeleton 'CH_HeroMale02.Meshes.SK_HeroMale02'.
[2755.28] Log: FaceFX: WARNING Reference bone def_r_upperLip_NM_Driver_Zero could not be found in the skeleton 'CH_HeroMale02.Meshes.SK_HeroMale02'.
[2755.28] Log: FaceFX: WARNING Reference bone def_r_upperLip_NM_DriverExTM could not be found in the skeleton 'CH_HeroMale02.Meshes.SK_HeroMale02'.
[2755.28] Log: FaceFX: WARNING Reference bone def_r_upperLip_NM_Driver could not be found in the skeleton 'CH_HeroMale02.Meshes.SK_HeroMale02'.
[2755.28] Log: Could not find FMC creator for PSC UGC-Persistent.TheWorld:PersistentLevel.DFPawn_Hero_Male_1.inXileParticleSystemComponent_7222 completion callback, message None
[2755.28] Log: Could not find FMC creator for PSC UGC-Persistent.TheWorld:PersistentLevel.DFPawn_Hero_Male_1.inXileParticleSystemComponent_7223 completion callback, message None
[2755.33] Log: ShowLoadingMovie bShowMovie[0] LoadingMovieName[LoadingMovie] 
[2755.33] Log: Could not find FMC creator for PSC UGC-Persistent.TheWorld:PersistentLevel.DFPawn_Hero_Female_1.inXileParticleSystemComponent_7232 completion callback, message None
[2755.33] Log: Could not find FMC creator for PSC UGC-Persistent.TheWorld:PersistentLevel.DFPawn_Hero_Female_1.inXileParticleSystemComponent_7233 completion callback, message None
[2755.35] Log: Skills: Adding skill to cache... <Strings:DFGame.Skill.RangedBow_BasicAttack_Name>
[2755.35] MP_Weapons_Native: SetAttackSkillObjectByName() failed, due to not having a prev. ASO - DFWeaponAttachment_Ranged_Bow_77
[2755.35] Log: bDFInventoryReady: 1,  bCrystalManagerReady: 1 
[2755.39] Log: Changing subtitle setting, new value: 1
[2755.40] Log: Changing subtitle setting, new value: 1
[2755.48] Log: Skills: Adding skill to cache... <Strings:DFGame.Skill.Melee_H_Name>
[2755.48] MP_Weapons_Native: SetAttackSkillObjectByName() failed, due to not having a prev. ASO - DFWeaponAttachment_Melee_98
[2757.68] Log: Before HALL TRANSORM: UGCDungeonLayoutValues.LevelIndexCurr=1
[2757.68] Log: APPLY TRANSFORM Hall: xformed exit door side=1, rot.roll=0, rot.pitch=0, rot.yaw=16384;  Offset=3951.138184,-8004.461411,-781.000000
[2757.68] Log:  LevelData[0] setting bOffsetsApplied to TRUE
[2757.68] Log:  Flagging Level[0] to be Not Visible
[2757.68] Log:  Flagging Level[0] to be Visible
[2757.68] Log: Issuing preload for ..\..\DFGame\CookedPC\EFFIGYTEMPLATES\PAWNQUIPGROUP_WARRIOR3_SF_LOC_INT.UPK
[2757.68] Log: Issuing preload for ..\..\DFGame\CookedPC\EFFIGYTEMPLATES\PAWNQUIPGROUP_WARRIOR3_SF.UPK
[2757.68] Log: Issuing preload for ..\..\DFGame\CookedPC\EFFIGYTEMPLATES\PAWNQUIPGROUP_HUNTRESS1_SF_LOC_INT.UPK
[2757.68] Log: Issuing preload for ..\..\DFGame\CookedPC\EFFIGYTEMPLATES\PAWNQUIPGROUP_HUNTRESS1_SF.UPK
[2757.68] Log: Issuing preload for ..\..\DFGame\CookedPC\EFFIGYTEMPLATES\PAWNQUIPGROUP_WARGAR2_SF_LOC_INT.UPK
[2757.68] Log: Issuing preload for ..\..\DFGame\CookedPC\EFFIGYTEMPLATES\PAWNQUIPGROUP_WARGAR2_SF.UPK
[2757.69] Log: FKAggregateGeom::InstanceNovodexGeom: (Actor: 000_Hallway1.TheWorld:PersistentLevel.StaticMeshActor_241 Component: StaticMeshComponent_1808 StaticMesh: ES3_EnviroProps.Meshes.S_WebPlane) No geometries in FKAggregateGeom.
[2757.69] Log: URB_BodyInstance::InitBody : Could not create new Shape: Actor: 000_Hallway1.TheWorld:PersistentLevel.StaticMeshActor_241 Component: StaticMeshComponent_1808 StaticMesh: ES3_EnviroProps.Meshes.S_WebPlane
[2757.69] Log: FKAggregateGeom::InstanceNovodexGeom: (Actor: 000_Hallway1.TheWorld:PersistentLevel.StaticMeshActor_298 Component: StaticMeshComponent_1808 StaticMesh: ES3_EnviroProps.Meshes.S_WebPlane) No geometries in FKAggregateGeom.
[2757.69] Log: URB_BodyInstance::InitBody : Could not create new Shape: Actor: 000_Hallway1.TheWorld:PersistentLevel.StaticMeshActor_298 Component: StaticMeshComponent_1808 StaticMesh: ES3_EnviroProps.Meshes.S_WebPlane
[2757.69] Log: FKAggregateGeom::InstanceNovodexGeom: (Actor: 000_Hallway1.TheWorld:PersistentLevel.StaticMeshActor_191 Component: StaticMeshComponent_1808 StaticMesh: ES3_EnviroProps.Meshes.S_WebPlane) No geometries in FKAggregateGeom.
[2757.69] Log: URB_BodyInstance::InitBody : Could not create new Shape: Actor: 000_Hallway1.TheWorld:PersistentLevel.StaticMeshActor_191 Component: StaticMeshComponent_1808 StaticMesh: ES3_EnviroProps.Meshes.S_WebPlane
[2758.39] Log: ShowLoadingMovie bShowMovie[0] LoadingMovieName[LoadingMovie] 
[2759.13] DevOnline: Can't free search results while the search is in progress
[2759.13] DevOnline: Listening for lan beacon requests on 6777
[2759.98] ScriptWarning: Accessed None 'RunSound'
	DFSpecialMove_RoadieRun UGC-Persistent.TheWorld:PersistentLevel.DFSpecialMove_RoadieRun_34
	Function DFGame.DFSpecialMove_RoadieRun:StartSpecialMove:04EF
[2763.15] DevOnline: Listening for lan beacon requests on 6777
[2763.52] ScriptWarning: Accessed None 'RunSound'
	DFSpecialMove_RoadieRun UGC-Persistent.TheWorld:PersistentLevel.DFSpecialMove_RoadieRun_34
	Function DFGame.DFSpecialMove_RoadieRun:StopSpecialMove:0174
[2764.30] Log: Skills: Adding skill to cache... <Strings:DFGame.Skill.Melee_L_Name>
[2764.78] Log: Skills: Adding skill to cache... <Strings:DFGame.Skill.Melee_LL_Name>
[2768.17] DevOnline: Listening for lan beacon requests on 6777
[2772.18] DevOnline: Listening for lan beacon requests on 6777
[2777.18] DevOnline: Listening for lan beacon requests on 6777
[2781.20] DevOnline: Listening for lan beacon requests on 6777
[2782.00] ScriptWarning: Accessed None 'RunSound'
	DFSpecialMove_RoadieRun UGC-Persistent.TheWorld:PersistentLevel.DFSpecialMove_RoadieRun_34
	Function DFGame.DFSpecialMove_RoadieRun:StartSpecialMove:04EF
[2786.22] DevOnline: Listening for lan beacon requests on 6777
[2787.23] Log: APPLY TRANSFORM LEVEL from UpdateSTreamingLevels():
[2787.23] Log: APPLY TRANSFORM ROOM #2, rot.pitch=0, rot.yaw=16384, rot.roll=0;  Offset=1856.941406,3312.393066,-513.484619
[2787.23] Log: APPLY TRANSFORM ROOM: UGCDungeonLayoutValues.LevelIndexCurr = 2
[2787.23] Log:  LevelData[2] setting bOffsetsApplied to TRUE
[2787.23] Log:  Flagging Level[2] to be Not Visible
[2787.23] Log:  Flagging Level[2] to be Visible
[2787.98] ScriptWarning: Accessed None 'RunSound'
	DFSpecialMove_RoadieRun UGC-Persistent.TheWorld:PersistentLevel.DFSpecialMove_RoadieRun_34
	Function DFGame.DFSpecialMove_RoadieRun:StopSpecialMove:0174
[2790.22] DevOnline: Listening for lan beacon requests on 6777
[2792.45] Log: Could not find FMC creator for PSC 000_Hallway1.TheWorld:PersistentLevel.DFPickupFactoryAlchemyObject_ShardContent_0.inXileParticleSystemComponent_7284 completion callback, message None
[2795.23] DevOnline: Listening for lan beacon requests on 6777
[2799.25] DevOnline: Listening for lan beacon requests on 6777
[2801.08] Log: bDFInventoryReady: 1,  bCrystalManagerReady: 1 
[2804.25] DevOnline: Listening for lan beacon requests on 6777
[2805.84] Log: Changing subtitle setting, new value: 0
[2805.95] Warning: Warning, Failed to load 'SwfMovie ?INT?GFxUI.IME.MoviePath?': Failed to find object 'SwfMovie ?INT?GFxUI.IME.MoviePath?'
[2805.95] Log: GFx attempted to load missing object [?INT?GFxUI.IME.MoviePath?]
[2808.26] DevOnline: Listening for lan beacon requests on 6777
[2813.27] DevOnline: Can't free search results while the search is in progress
[2813.27] DevOnline: Listening for lan beacon requests on 6777
[2817.28] DevOnline: Listening for lan beacon requests on 6777
[2822.29] DevOnline: Listening for lan beacon requests on 6777
[2826.30] DevOnline: Listening for lan beacon requests on 6777
[2831.32] DevOnline: Listening for lan beacon requests on 6777
[2835.33] DevOnline: Listening for lan beacon requests on 6777
[2840.35] DevOnline: Listening for lan beacon requests on 6777
[2844.37] DevOnline: Listening for lan beacon requests on 6777
[2849.38] DevOnline: Listening for lan beacon requests on 6777
[2853.40] DevOnline: Listening for lan beacon requests on 6777
[2858.42] DevOnline: Listening for lan beacon requests on 6777
[2860.05] Log: Changing subtitle setting, new value: 1
[2862.42] DevOnline: Listening for lan beacon requests on 6777
[2867.43] DevOnline: Listening for lan beacon requests on 6777
[2871.45] DevOnline: Listening for lan beacon requests on 6777
[2874.67] ScriptWarning: Accessed None 'CurrentWeaponAttachment'
	DFWeaponAttachment_Ranged_Bow UGC-Persistent.TheWorld:PersistentLevel.DFWeaponAttachment_Ranged_Bow_77
	Function DFGame.DFWeaponAttachment:Cleanup:0152
[2874.91] MP_Weapons_Native: SetAttackSkillObjectByName() failed, due to not having a prev. ASO - DFWeaponAttachment_Melee_99
[2876.47] DevOnline: Listening for lan beacon requests on 6777
[2876.77] Log: Before HALL TRANSORM: UGCDungeonLayoutValues.LevelIndexCurr=2
[2876.77] Log: APPLY TRANSFORM Hall: xformed exit door side=0, rot.roll=0, rot.pitch=0, rot.yaw=0;  Offset=7275.233643,122.690918,-1745.484711
[2876.77] Log:  LevelData[0] setting bOffsetsApplied to TRUE
[2876.77] Log:  Flagging Level[0] to be Not Visible
[2876.77] Log:  Flagging Level[0] to be Visible
[2876.78] Log: FKAggregateGeom::InstanceNovodexGeom: (Actor: 000_Hallway1.TheWorld:PersistentLevel.StaticMeshActor_241 Component: StaticMeshComponent_1808 StaticMesh: ES3_EnviroProps.Meshes.S_WebPlane) No geometries in FKAggregateGeom.
[2876.78] Log: URB_BodyInstance::InitBody : Could not create new Shape: Actor: 000_Hallway1.TheWorld:PersistentLevel.StaticMeshActor_241 Component: StaticMeshComponent_1808 StaticMesh: ES3_EnviroProps.Meshes.S_WebPlane
[2876.78] Log: FKAggregateGeom::InstanceNovodexGeom: (Actor: 000_Hallway1.TheWorld:PersistentLevel.StaticMeshActor_298 Component: StaticMeshComponent_1808 StaticMesh: ES3_EnviroProps.Meshes.S_WebPlane) No geometries in FKAggregateGeom.
[2876.78] Log: URB_BodyInstance::InitBody : Could not create new Shape: Actor: 000_Hallway1.TheWorld:PersistentLevel.StaticMeshActor_298 Component: StaticMeshComponent_1808 StaticMesh: ES3_EnviroProps.Meshes.S_WebPlane
[2876.78] Log: FKAggregateGeom::InstanceNovodexGeom: (Actor: 000_Hallway1.TheWorld:PersistentLevel.StaticMeshActor_191 Component: StaticMeshComponent_1808 StaticMesh: ES3_EnviroProps.Meshes.S_WebPlane) No geometries in FKAggregateGeom.
[2876.78] Log: URB_BodyInstance::InitBody : Could not create new Shape: Actor: 000_Hallway1.TheWorld:PersistentLevel.StaticMeshActor_191 Component: StaticMeshComponent_1808 StaticMesh: ES3_EnviroProps.Meshes.S_WebPlane
[2877.60] ScriptWarning: Accessed None 'RunSound'
	DFSpecialMove_RoadieRun UGC-Persistent.TheWorld:PersistentLevel.DFSpecialMove_RoadieRun_35
	Function DFGame.DFSpecialMove_RoadieRun:StartSpecialMove:04EF
[2878.50] ScriptWarning: Accessed None 'RunSound'
	DFSpecialMove_RoadieRun UGC-Persistent.TheWorld:PersistentLevel.DFSpecialMove_RoadieRun_35
	Function DFGame.DFSpecialMove_RoadieRun:StopSpecialMove:0174
[2880.47] DevOnline: Listening for lan beacon requests on 6777
[2881.50] Log: PlayCustomAnim berserk_in, CustomChildIndex: 2, Animation Not Found!!
[2881.53] Log: Skills: Adding skill to cache... Melee_Berserk1_Name
[2884.29] Log: Skills: Adding skill to cache... Melee Attack
[2884.29] MP_Weapons_Native: SetAttackSkillObjectByName() failed, due to not having a prev. ASO - DFWeaponAttachment_Melee_100
[2884.31] Log: Skills: Adding skill to cache... Melee Attack
[2884.31] MP_Weapons_Native: SetAttackSkillObjectByName() failed, due to not having a prev. ASO - DFWeaponAttachment_Melee_101
[2884.38] MP_Weapons_Native: SetAttackSkillObjectByName() failed, due to not having a prev. ASO - DFWeaponAttachment_Melee_102
[2884.50] Warning: DFNodeTurnInPlace_Player_422 - Failed, with animsequence 'inj_TurnR180' on SkeletalMeshComponent: 'inXileForgedMeshComponent_2083' whose owner is: 'DFPawn_SpiderCharger_0' and is of type 'ForgedMeshComponent'
[2885.48] DevOnline: Listening for lan beacon requests on 6777
[2885.87] Warning: DFNodeTurnInPlace_Player_422 - Failed, with animsequence 'inj_TurnR45' on SkeletalMeshComponent: 'inXileForgedMeshComponent_2083' whose owner is: 'DFPawn_SpiderCharger_0' and is of type 'ForgedMeshComponent'
[2886.26] MP_Weapons_Native: SetAttackSkillObjectByName() failed, due to not having a prev. ASO - DFWeaponAttachment_Melee_103
[2887.43] Log: Skills: Adding skill to cache... Melee Attack
[2887.43] Warning: DFNodeTurnInPlace_Player_422 - Failed, with animsequence 'inj_TurnR45' on SkeletalMeshComponent: 'inXileForgedMeshComponent_2083' whose owner is: 'DFPawn_SpiderCharger_0' and is of type 'ForgedMeshComponent'
[2887.44] Warning: DFNodeTurnInPlace_Player_422 - Failed, with animsequence 'inj_TurnR45' on SkeletalMeshComponent: 'inXileForgedMeshComponent_2083' whose owner is: 'DFPawn_SpiderCharger_0' and is of type 'ForgedMeshComponent'
[2887.45] Warning: DFNodeTurnInPlace_Player_422 - Failed, with animsequence 'inj_TurnR45' on SkeletalMeshComponent: 'inXileForgedMeshComponent_2083' whose owner is: 'DFPawn_SpiderCharger_0' and is of type 'ForgedMeshComponent'
[2888.28] Log: Skills: Adding skill to cache... <Strings:DFGame.Skill.Melee_LLL_Name>
[2889.01] Warning: DFNodeTurnInPlace_Player_422 - Failed, with animsequence 'inj_TurnR45' on SkeletalMeshComponent: 'inXileForgedMeshComponent_2083' whose owner is: 'DFPawn_SpiderCharger_0' and is of type 'ForgedMeshComponent'
[2889.48] DevOnline: Listening for lan beacon requests on 6777
[2891.04] Error: ApplyNewRBState() called for kinematic actor DFDroppedPickup_282
[2891.07] MP_Weapons_Native: SetAttackSkillObjectByName() failed, due to not having a prev. ASO - DFWeaponAttachment_Melee_104
[2891.11] Error: ApplyNewRBState() called for kinematic actor DFDroppedPickup_282
[2892.19] Warning: DFNodeTurnInPlace_Player_434 - Failed, with animsequence 'inj_TurnR180' on SkeletalMeshComponent: 'inXileForgedMeshComponent_2088' whose owner is: 'DFPawn_SpiderCharger_1' and is of type 'ForgedMeshComponent'
[2892.97] ScriptWarning: Accessed None 'CurrentWeaponAttachment'
	DFWeaponAttachment_Melee UGC-Persistent.TheWorld:PersistentLevel.DFWeaponAttachment_Melee_99
	Function DFGame.DFWeaponAttachment:Cleanup:0152
[2893.36] Log: Skills: Adding skill to cache... Spell_Lightning1_Name
[2893.36] MP_Weapons_Native: SetAttackSkillObjectByName() failed, due to not having a prev. ASO - DFWeaponAttachment_Ranged_Spell_94
[2894.50] DevOnline: Listening for lan beacon requests on 6777
[2895.35] Warning: DFNodeTurnInPlace_Player_434 - Failed, with animsequence 'inj_TurnL90' on SkeletalMeshComponent: 'inXileForgedMeshComponent_2088' whose owner is: 'DFPawn_SpiderCharger_1' and is of type 'ForgedMeshComponent'
[2895.55] Warning: DFNodeTurnInPlace_Player_434 - Failed, with animsequence 'inj_TurnL45' on SkeletalMeshComponent: 'inXileForgedMeshComponent_2088' whose owner is: 'DFPawn_SpiderCharger_1' and is of type 'ForgedMeshComponent'
[2895.56] Warning: DFNodeTurnInPlace_Player_434 - Failed, with animsequence 'inj_TurnL45' on SkeletalMeshComponent: 'inXileForgedMeshComponent_2088' whose owner is: 'DFPawn_SpiderCharger_1' and is of type 'ForgedMeshComponent'
[2895.58] Warning: DFNodeTurnInPlace_Player_434 - Failed, with animsequence 'inj_TurnL45' on SkeletalMeshComponent: 'inXileForgedMeshComponent_2088' whose owner is: 'DFPawn_SpiderCharger_1' and is of type 'ForgedMeshComponent'
[2895.60] Warning: DFNodeTurnInPlace_Player_434 - Failed, with animsequence 'inj_TurnL45' on SkeletalMeshComponent: 'inXileForgedMeshComponent_2088' whose owner is: 'DFPawn_SpiderCharger_1' and is of type 'ForgedMeshComponent'
[2895.61] Warning: DFNodeTurnInPlace_Player_434 - Failed, with animsequence 'inj_TurnL45' on SkeletalMeshComponent: 'inXileForgedMeshComponent_2088' whose owner is: 'DFPawn_SpiderCharger_1' and is of type 'ForgedMeshComponent'
[2895.63] Warning: DFNodeTurnInPlace_Player_434 - Failed, with animsequence 'inj_TurnL45' on SkeletalMeshComponent: 'inXileForgedMeshComponent_2088' whose owner is: 'DFPawn_SpiderCharger_1' and is of type 'ForgedMeshComponent'
[2895.65] Warning: DFNodeTurnInPlace_Player_434 - Failed, with animsequence 'inj_TurnL45' on SkeletalMeshComponent: 'inXileForgedMeshComponent_2088' whose owner is: 'DFPawn_SpiderCharger_1' and is of type 'ForgedMeshComponent'
[2895.67] Warning: DFNodeTurnInPlace_Player_434 - Failed, with animsequence 'inj_TurnL45' on SkeletalMeshComponent: 'inXileForgedMeshComponent_2088' whose owner is: 'DFPawn_SpiderCharger_1' and is of type 'ForgedMeshComponent'
[2895.69] Warning: DFNodeTurnInPlace_Player_434 - Failed, with animsequence 'inj_TurnL45' on SkeletalMeshComponent: 'inXileForgedMeshComponent_2088' whose owner is: 'DFPawn_SpiderCharger_1' and is of type 'ForgedMeshComponent'
[2895.70] Warning: DFNodeTurnInPlace_Player_434 - Failed, with animsequence 'inj_TurnL45' on SkeletalMeshComponent: 'inXileForgedMeshComponent_2088' whose owner is: 'DFPawn_SpiderCharger_1' and is of type 'ForgedMeshComponent'
[2895.72] Warning: DFNodeTurnInPlace_Player_434 - Failed, with animsequence 'inj_TurnL45' on SkeletalMeshComponent: 'inXileForgedMeshComponent_2088' whose owner is: 'DFPawn_SpiderCharger_1' and is of type 'ForgedMeshComponent'
[2895.73] Log: Skills: Adding skill to cache... Melee Attack
[2895.73] Warning: DFNodeTurnInPlace_Player_434 - Failed, with animsequence 'inj_TurnL45' on SkeletalMeshComponent: 'inXileForgedMeshComponent_2088' whose owner is: 'DFPawn_SpiderCharger_1' and is of type 'ForgedMeshComponent'
[2895.75] Warning: DFNodeTurnInPlace_Player_434 - Failed, with animsequence 'inj_TurnL45' on SkeletalMeshComponent: 'inXileForgedMeshComponent_2088' whose owner is: 'DFPawn_SpiderCharger_1' and is of type 'ForgedMeshComponent'
[2895.77] Warning: DFNodeTurnInPlace_Player_434 - Failed, with animsequence 'inj_TurnL45' on SkeletalMeshComponent: 'inXileForgedMeshComponent_2088' whose owner is: 'DFPawn_SpiderCharger_1' and is of type 'ForgedMeshComponent'
[2895.78] Warning: DFNodeTurnInPlace_Player_434 - Failed, with animsequence 'inj_TurnL45' on SkeletalMeshComponent: 'inXileForgedMeshComponent_2088' whose owner is: 'DFPawn_SpiderCharger_1' and is of type 'ForgedMeshComponent'
[2895.80] Warning: DFNodeTurnInPlace_Player_434 - Failed, with animsequence 'inj_TurnL45' on SkeletalMeshComponent: 'inXileForgedMeshComponent_2088' whose owner is: 'DFPawn_SpiderCharger_1' and is of type 'ForgedMeshComponent'
[2895.82] Warning: DFNodeTurnInPlace_Player_434 - Failed, with animsequence 'inj_TurnL45' on SkeletalMeshComponent: 'inXileForgedMeshComponent_2088' whose owner is: 'DFPawn_SpiderCharger_1' and is of type 'ForgedMeshComponent'
[2895.84] Warning: DFNodeTurnInPlace_Player_434 - Failed, with animsequence 'inj_TurnL45' on SkeletalMeshComponent: 'inXileForgedMeshComponent_2088' whose owner is: 'DFPawn_SpiderCharger_1' and is of type 'ForgedMeshComponent'
[2895.85] Warning: DFNodeTurnInPlace_Player_434 - Failed, with animsequence 'inj_TurnL45' on SkeletalMeshComponent: 'inXileForgedMeshComponent_2088' whose owner is: 'DFPawn_SpiderCharger_1' and is of type 'ForgedMeshComponent'
[2895.87] Warning: DFNodeTurnInPlace_Player_434 - Failed, with animsequence 'inj_TurnL45' on SkeletalMeshComponent: 'inXileForgedMeshComponent_2088' whose owner is: 'DFPawn_SpiderCharger_1' and is of type 'ForgedMeshComponent'
[2895.89] Warning: DFNodeTurnInPlace_Player_434 - Failed, with animsequence 'inj_TurnL45' on SkeletalMeshComponent: 'inXileForgedMeshComponent_2088' whose owner is: 'DFPawn_SpiderCharger_1' and is of type 'ForgedMeshComponent'
[2895.90] Warning: DFNodeTurnInPlace_Player_434 - Failed, with animsequence 'inj_TurnL45' on SkeletalMeshComponent: 'inXileForgedMeshComponent_2088' whose owner is: 'DFPawn_SpiderCharger_1' and is of type 'ForgedMeshComponent'
[2895.92] Warning: DFNodeTurnInPlace_Player_434 - Failed, with animsequence 'inj_TurnL45' on SkeletalMeshComponent: 'inXileForgedMeshComponent_2088' whose owner is: 'DFPawn_SpiderCharger_1' and is of type 'ForgedMeshComponent'
[2895.94] Warning: DFNodeTurnInPlace_Player_434 - Failed, with animsequence 'inj_TurnL45' on SkeletalMeshComponent: 'inXileForgedMeshComponent_2088' whose owner is: 'DFPawn_SpiderCharger_1' and is of type 'ForgedMeshComponent'
[2895.96] Warning: DFNodeTurnInPlace_Player_434 - Failed, with animsequence 'inj_TurnL45' on SkeletalMeshComponent: 'inXileForgedMeshComponent_2088' whose owner is: 'DFPawn_SpiderCharger_1' and is of type 'ForgedMeshComponent'
[2895.97] Warning: DFNodeTurnInPlace_Player_434 - Failed, with animsequence 'inj_TurnL45' on SkeletalMeshComponent: 'inXileForgedMeshComponent_2088' whose owner is: 'DFPawn_SpiderCharger_1' and is of type 'ForgedMeshComponent'
[2895.99] Warning: DFNodeTurnInPlace_Player_434 - Failed, with animsequence 'inj_TurnL45' on SkeletalMeshComponent: 'inXileForgedMeshComponent_2088' whose owner is: 'DFPawn_SpiderCharger_1' and is of type 'ForgedMeshComponent'
[2896.00] Warning: DFNodeTurnInPlace_Player_434 - Failed, with animsequence 'inj_TurnL45' on SkeletalMeshComponent: 'inXileForgedMeshComponent_2088' whose owner is: 'DFPawn_SpiderCharger_1' and is of type 'ForgedMeshComponent'
[2896.02] Warning: DFNodeTurnInPlace_Player_434 - Failed, with animsequence 'inj_TurnL45' on SkeletalMeshComponent: 'inXileForgedMeshComponent_2088' whose owner is: 'DFPawn_SpiderCharger_1' and is of type 'ForgedMeshComponent'
[2896.04] Warning: DFNodeTurnInPlace_Player_434 - Failed, with animsequence 'inj_TurnL45' on SkeletalMeshComponent: 'inXileForgedMeshComponent_2088' whose owner is: 'DFPawn_SpiderCharger_1' and is of type 'ForgedMeshComponent'
[2896.06] Warning: DFNodeTurnInPlace_Player_434 - Failed, with animsequence 'inj_TurnL45' on SkeletalMeshComponent: 'inXileForgedMeshComponent_2088' whose owner is: 'DFPawn_SpiderCharger_1' and is of type 'ForgedMeshComponent'
[2896.07] Warning: DFNodeTurnInPlace_Player_434 - Failed, with animsequence 'inj_TurnL45' on SkeletalMeshComponent: 'inXileForgedMeshComponent_2088' whose owner is: 'DFPawn_SpiderCharger_1' and is of type 'ForgedMeshComponent'
[2896.09] Warning: DFNodeTurnInPlace_Player_434 - Failed, with animsequence 'inj_TurnL45' on SkeletalMeshComponent: 'inXileForgedMeshComponent_2088' whose owner is: 'DFPawn_SpiderCharger_1' and is of type 'ForgedMeshComponent'
[2896.11] Warning: DFNodeTurnInPlace_Player_434 - Failed, with animsequence 'inj_TurnL45' on SkeletalMeshComponent: 'inXileForgedMeshComponent_2088' whose owner is: 'DFPawn_SpiderCharger_1' and is of type 'ForgedMeshComponent'
[2896.12] Warning: DFNodeTurnInPlace_Player_434 - Failed, with animsequence 'inj_TurnL45' on SkeletalMeshComponent: 'inXileForgedMeshComponent_2088' whose owner is: 'DFPawn_SpiderCharger_1' and is of type 'ForgedMeshComponent'
[2896.14] Warning: DFNodeTurnInPlace_Player_434 - Failed, with animsequence 'inj_TurnL45' on SkeletalMeshComponent: 'inXileForgedMeshComponent_2088' whose owner is: 'DFPawn_SpiderCharger_1' and is of type 'ForgedMeshComponent'
[2896.16] ScriptWarning: Accessed None 'CurrentWeaponAttachment'
	DFWeaponAttachment_Ranged_Spell UGC-Persistent.TheWorld:PersistentLevel.DFWeaponAttachment_Ranged_Spell_94
	Function DFGame.DFWeaponAttachment:Cleanup:0152
[2896.21] Warning: DFNodeTurnInPlace_Player_434 - Failed, with animsequence 'inj_TurnL45' on SkeletalMeshComponent: 'inXileForgedMeshComponent_2088' whose owner is: 'DFPawn_SpiderCharger_1' and is of type 'ForgedMeshComponent'
[2896.21] Warning: DFNodeTurnInPlace_Player_434 - Failed, with animsequence 'inj_TurnL90' on SkeletalMeshComponent: 'inXileForgedMeshComponent_2088' whose owner is: 'DFPawn_SpiderCharger_1' and is of type 'ForgedMeshComponent'
[2896.41] MP_Weapons_Native: SetAttackSkillObjectByName() failed, due to not having a prev. ASO - DFWeaponAttachment_Melee_105
[2896.50] Log: Skills: Adding skill to cache... Melee Attack
[2896.56] Warning: DFNodeTurnInPlace_Player_434 - Failed, with animsequence 'inj_TurnR45' on SkeletalMeshComponent: 'inXileForgedMeshComponent_2088' whose owner is: 'DFPawn_SpiderCharger_1' and is of type 'ForgedMeshComponent'
[2896.56] Warning: DFNodeTurnInPlace_Player_434 - Failed, with animsequence 'inj_TurnL90' on SkeletalMeshComponent: 'inXileForgedMeshComponent_2088' whose owner is: 'DFPawn_SpiderCharger_1' and is of type 'ForgedMeshComponent'
[2896.85] Log: ToggleVertexInfluences: (CH_Skeleton.Meshes.SK_Skeleton_LOD1) FlushRenderingCommands Took 16.652498 ms
[2896.91] Log: Skills: Adding skill to cache... Melee Attack
[2897.83] Warning: DFNodeTurnInPlace_Player_434 - Failed, with animsequence 'inj_TurnR45' on SkeletalMeshComponent: 'inXileForgedMeshComponent_2088' whose owner is: 'DFPawn_SpiderCharger_1' and is of type 'ForgedMeshComponent'
[2897.83] Warning: DFNodeTurnInPlace_Player_434 - Failed, with animsequence 'inj_TurnL90' on SkeletalMeshComponent: 'inXileForgedMeshComponent_2088' whose owner is: 'DFPawn_SpiderCharger_1' and is of type 'ForgedMeshComponent'
[2897.83] Error: ApplyNewRBState() called for kinematic actor DFDroppedPickup_284
[2897.83] Error: ApplyNewRBState() called for kinematic actor DFDroppedPickup_285
[2897.88] MP_Weapons_Native: SetAttackSkillObjectByName() failed, due to not having a prev. ASO - DFWeaponAttachment_Melee_106
[2897.90] Error: ApplyNewRBState() called for kinematic actor DFDroppedPickup_284
[2897.90] Error: ApplyNewRBState() called for kinematic actor DFDroppedPickup_285
[2898.51] DevOnline: Listening for lan beacon requests on 6777
[2898.92] MP_Weapons_Native: SetAttackSkillObjectByName() failed, due to not having a prev. ASO - DFWeaponAttachment_Melee_107
[2900.66] Error: ApplyNewRBState() called for kinematic actor DFDroppedPickup_288
[2900.66] Error: ApplyNewRBState() called for kinematic actor DFDroppedPickup_289
[2900.72] MP_Weapons_Native: SetAttackSkillObjectByName() failed, due to not having a prev. ASO - DFWeaponAttachment_Melee_108
[2900.73] Error: ApplyNewRBState() called for kinematic actor DFDroppedPickup_288
[2900.73] Error: ApplyNewRBState() called for kinematic actor DFDroppedPickup_289
[2901.82] Log: ToggleVertexInfluences: (CH_Skeleton.Meshes.SK_Skeleton_LOD1) FlushRenderingCommands Took 15.660997 ms
[2901.85] Warning: DFNodeTurnInPlace_Player_446 - Failed, with animsequence 'inj_TurnR45' on SkeletalMeshComponent: 'inXileForgedMeshComponent_2101' whose owner is: 'DFPawn_SpiderCharger_2' and is of type 'ForgedMeshComponent'
[2903.53] DevOnline: Listening for lan beacon requests on 6777
[2903.65] Warning: DFNodeTurnInPlace_Player_446 - Failed, with animsequence 'inj_TurnL90' on SkeletalMeshComponent: 'inXileForgedMeshComponent_2101' whose owner is: 'DFPawn_SpiderCharger_2' and is of type 'ForgedMeshComponent'
[2903.83] Error: ApplyNewRBState() called for kinematic actor DFDroppedPickup_290
[2903.83] Error: ApplyNewRBState() called for kinematic actor DFDroppedPickup_291
[2903.87] Warning: DFNodeTurnInPlace_Player_446 - Failed, with animsequence 'inj_TurnL45' on SkeletalMeshComponent: 'inXileForgedMeshComponent_2101' whose owner is: 'DFPawn_SpiderCharger_2' and is of type 'ForgedMeshComponent'
[2903.89] Warning: DFNodeTurnInPlace_Player_446 - Failed, with animsequence 'inj_TurnL45' on SkeletalMeshComponent: 'inXileForgedMeshComponent_2101' whose owner is: 'DFPawn_SpiderCharger_2' and is of type 'ForgedMeshComponent'
[2903.90] Warning: DFNodeTurnInPlace_Player_446 - Failed, with animsequence 'inj_TurnL45' on SkeletalMeshComponent: 'inXileForgedMeshComponent_2101' whose owner is: 'DFPawn_SpiderCharger_2' and is of type 'ForgedMeshComponent'
[2903.90] Error: ApplyNewRBState() called for kinematic actor DFDroppedPickup_290
[2903.90] Error: ApplyNewRBState() called for kinematic actor DFDroppedPickup_291
[2903.92] Warning: DFNodeTurnInPlace_Player_446 - Failed, with animsequence 'inj_TurnL45' on SkeletalMeshComponent: 'inXileForgedMeshComponent_2101' whose owner is: 'DFPawn_SpiderCharger_2' and is of type 'ForgedMeshComponent'
[2903.94] Warning: DFNodeTurnInPlace_Player_446 - Failed, with animsequence 'inj_TurnL45' on SkeletalMeshComponent: 'inXileForgedMeshComponent_2101' whose owner is: 'DFPawn_SpiderCharger_2' and is of type 'ForgedMeshComponent'
[2903.95] Warning: DFNodeTurnInPlace_Player_446 - Failed, with animsequence 'inj_TurnL45' on SkeletalMeshComponent: 'inXileForgedMeshComponent_2101' whose owner is: 'DFPawn_SpiderCharger_2' and is of type 'ForgedMeshComponent'
[2903.97] Warning: DFNodeTurnInPlace_Player_446 - Failed, with animsequence 'inj_TurnL45' on SkeletalMeshComponent: 'inXileForgedMeshComponent_2101' whose owner is: 'DFPawn_SpiderCharger_2' and is of type 'ForgedMeshComponent'
[2903.99] Warning: DFNodeTurnInPlace_Player_446 - Failed, with animsequence 'inj_TurnL45' on SkeletalMeshComponent: 'inXileForgedMeshComponent_2101' whose owner is: 'DFPawn_SpiderCharger_2' and is of type 'ForgedMeshComponent'
[2904.00] Warning: DFNodeTurnInPlace_Player_446 - Failed, with animsequence 'inj_TurnL45' on SkeletalMeshComponent: 'inXileForgedMeshComponent_2101' whose owner is: 'DFPawn_SpiderCharger_2' and is of type 'ForgedMeshComponent'
[2904.02] Warning: DFNodeTurnInPlace_Player_446 - Failed, with animsequence 'inj_TurnL45' on SkeletalMeshComponent: 'inXileForgedMeshComponent_2101' whose owner is: 'DFPawn_SpiderCharger_2' and is of type 'ForgedMeshComponent'
[2904.04] Warning: DFNodeTurnInPlace_Player_446 - Failed, with animsequence 'inj_TurnL45' on SkeletalMeshComponent: 'inXileForgedMeshComponent_2101' whose owner is: 'DFPawn_SpiderCharger_2' and is of type 'ForgedMeshComponent'
[2904.05] Warning: DFNodeTurnInPlace_Player_446 - Failed, with animsequence 'inj_TurnL45' on SkeletalMeshComponent: 'inXileForgedMeshComponent_2101' whose owner is: 'DFPawn_SpiderCharger_2' and is of type 'ForgedMeshComponent'
[2904.07] Warning: DFNodeTurnInPlace_Player_446 - Failed, with animsequence 'inj_TurnL45' on SkeletalMeshComponent: 'inXileForgedMeshComponent_2101' whose owner is: 'DFPawn_SpiderCharger_2' and is of type 'ForgedMeshComponent'
[2904.09] Warning: DFNodeTurnInPlace_Player_446 - Failed, with animsequence 'inj_TurnL45' on SkeletalMeshComponent: 'inXileForgedMeshComponent_2101' whose owner is: 'DFPawn_SpiderCharger_2' and is of type 'ForgedMeshComponent'
[2904.11] Warning: DFNodeTurnInPlace_Player_446 - Failed, with animsequence 'inj_TurnL45' on SkeletalMeshComponent: 'inXileForgedMeshComponent_2101' whose owner is: 'DFPawn_SpiderCharger_2' and is of type 'ForgedMeshComponent'
[2904.12] Warning: DFNodeTurnInPlace_Player_446 - Failed, with animsequence 'inj_TurnL45' on SkeletalMeshComponent: 'inXileForgedMeshComponent_2101' whose owner is: 'DFPawn_SpiderCharger_2' and is of type 'ForgedMeshComponent'
[2904.14] Warning: DFNodeTurnInPlace_Player_446 - Failed, with animsequence 'inj_TurnL45' on SkeletalMeshComponent: 'inXileForgedMeshComponent_2101' whose owner is: 'DFPawn_SpiderCharger_2' and is of type 'ForgedMeshComponent'
[2904.16] Warning: DFNodeTurnInPlace_Player_446 - Failed, with animsequence 'inj_TurnL45' on SkeletalMeshComponent: 'inXileForgedMeshComponent_2101' whose owner is: 'DFPawn_SpiderCharger_2' and is of type 'ForgedMeshComponent'
[2904.17] Warning: DFNodeTurnInPlace_Player_446 - Failed, with animsequence 'inj_TurnL45' on SkeletalMeshComponent: 'inXileForgedMeshComponent_2101' whose owner is: 'DFPawn_SpiderCharger_2' and is of type 'ForgedMeshComponent'
[2904.19] Warning: DFNodeTurnInPlace_Player_446 - Failed, with animsequence 'inj_TurnL45' on SkeletalMeshComponent: 'inXileForgedMeshComponent_2101' whose owner is: 'DFPawn_SpiderCharger_2' and is of type 'ForgedMeshComponent'
[2904.21] Warning: DFNodeTurnInPlace_Player_446 - Failed, with animsequence 'inj_TurnL45' on SkeletalMeshComponent: 'inXileForgedMeshComponent_2101' whose owner is: 'DFPawn_SpiderCharger_2' and is of type 'ForgedMeshComponent'
[2904.22] Warning: DFNodeTurnInPlace_Player_446 - Failed, with animsequence 'inj_TurnL45' on SkeletalMeshComponent: 'inXileForgedMeshComponent_2101' whose owner is: 'DFPawn_SpiderCharger_2' and is of type 'ForgedMeshComponent'
[2904.24] Warning: DFNodeTurnInPlace_Player_446 - Failed, with animsequence 'inj_TurnL45' on SkeletalMeshComponent: 'inXileForgedMeshComponent_2101' whose owner is: 'DFPawn_SpiderCharger_2' and is of type 'ForgedMeshComponent'
[2904.26] Warning: DFNodeTurnInPlace_Player_446 - Failed, with animsequence 'inj_TurnL45' on SkeletalMeshComponent: 'inXileForgedMeshComponent_2101' whose owner is: 'DFPawn_SpiderCharger_2' and is of type 'ForgedMeshComponent'
[2904.27] Warning: DFNodeTurnInPlace_Player_446 - Failed, with animsequence 'inj_TurnL45' on SkeletalMeshComponent: 'inXileForgedMeshComponent_2101' whose owner is: 'DFPawn_SpiderCharger_2' and is of type 'ForgedMeshComponent'
[2904.29] Warning: DFNodeTurnInPlace_Player_446 - Failed, with animsequence 'inj_TurnL45' on SkeletalMeshComponent: 'inXileForgedMeshComponent_2101' whose owner is: 'DFPawn_SpiderCharger_2' and is of type 'ForgedMeshComponent'
[2904.31] Warning: DFNodeTurnInPlace_Player_446 - Failed, with animsequence 'inj_TurnL45' on SkeletalMeshComponent: 'inXileForgedMeshComponent_2101' whose owner is: 'DFPawn_SpiderCharger_2' and is of type 'ForgedMeshComponent'
[2904.33] Warning: DFNodeTurnInPlace_Player_446 - Failed, with animsequence 'inj_TurnL45' on SkeletalMeshComponent: 'inXileForgedMeshComponent_2101' whose owner is: 'DFPawn_SpiderCharger_2' and is of type 'ForgedMeshComponent'
[2904.34] Warning: DFNodeTurnInPlace_Player_446 - Failed, with animsequence 'inj_TurnL45' on SkeletalMeshComponent: 'inXileForgedMeshComponent_2101' whose owner is: 'DFPawn_SpiderCharger_2' and is of type 'ForgedMeshComponent'
[2904.36] Warning: DFNodeTurnInPlace_Player_446 - Failed, with animsequence 'inj_TurnL45' on SkeletalMeshComponent: 'inXileForgedMeshComponent_2101' whose owner is: 'DFPawn_SpiderCharger_2' and is of type 'ForgedMeshComponent'
[2904.38] Warning: DFNodeTurnInPlace_Player_446 - Failed, with animsequence 'inj_TurnL45' on SkeletalMeshComponent: 'inXileForgedMeshComponent_2101' whose owner is: 'DFPawn_SpiderCharger_2' and is of type 'ForgedMeshComponent'
[2904.39] Warning: DFNodeTurnInPlace_Player_446 - Failed, with animsequence 'inj_TurnL45' on SkeletalMeshComponent: 'inXileForgedMeshComponent_2101' whose owner is: 'DFPawn_SpiderCharger_2' and is of type 'ForgedMeshComponent'
[2904.41] Warning: DFNodeTurnInPlace_Player_446 - Failed, with animsequence 'inj_TurnL45' on SkeletalMeshComponent: 'inXileForgedMeshComponent_2101' whose owner is: 'DFPawn_SpiderCharger_2' and is of type 'ForgedMeshComponent'
[2904.90] Warning: DFNodeTurnInPlace_Player_446 - Failed, with animsequence 'inj_TurnL45' on SkeletalMeshComponent: 'inXileForgedMeshComponent_2101' whose owner is: 'DFPawn_SpiderCharger_2' and is of type 'ForgedMeshComponent'
[2904.92] Warning: DFNodeTurnInPlace_Player_446 - Failed, with animsequence 'inj_TurnL45' on SkeletalMeshComponent: 'inXileForgedMeshComponent_2101' whose owner is: 'DFPawn_SpiderCharger_2' and is of type 'ForgedMeshComponent'
[2904.92] Warning: DFNodeTurnInPlace_Player_446 - Failed, with animsequence 'inj_TurnL45' on SkeletalMeshComponent: 'inXileForgedMeshComponent_2101' whose owner is: 'DFPawn_SpiderCharger_2' and is of type 'ForgedMeshComponent'
[2906.32] Warning: DFNodeTurnInPlace_Player_446 - Failed, with animsequence 'inj_TurnL45' on SkeletalMeshComponent: 'inXileForgedMeshComponent_2101' whose owner is: 'DFPawn_SpiderCharger_2' and is of type 'ForgedMeshComponent'
[2906.48] Log: Skills: Adding skill to cache... Melee_Levitation1_Name
[2906.85] Log: USkeletalMeshComponent::GetNxActor() : Could not find bone: Pelvis
[2906.85] Log: USkeletalMeshComponent::GetNxActor() : Could not find bone: Spine
[2906.85] Log: USkeletalMeshComponent::GetNxActor() : Could not find bone: Spine3
[2906.87] Log: USkeletalMeshComponent::GetNxActor() : Could not find bone: Pelvis
[2906.87] Log: USkeletalMeshComponent::GetNxActor() : Could not find bone: Spine
[2906.87] Log: USkeletalMeshComponent::GetNxActor() : Could not find bone: Spine3
[2906.89] Log: USkeletalMeshComponent::GetNxActor() : Could not find bone: Pelvis
[2906.89] Log: USkeletalMeshComponent::GetNxActor() : Could not find bone: Spine
[2906.89] Log: USkeletalMeshComponent::GetNxActor() : Could not find bone: Spine3
[2906.90] Log: USkeletalMeshComponent::GetNxActor() : Could not find bone: Pelvis
[2906.90] Log: USkeletalMeshComponent::GetNxActor() : Could not find bone: Spine
[2906.90] Log: USkeletalMeshComponent::GetNxActor() : Could not find bone: Spine3
[2906.92] Log: USkeletalMeshComponent::GetNxActor() : Could not find bone: Pelvis
[2906.92] Log: USkeletalMeshComponent::GetNxActor() : Could not find bone: Spine
[2906.92] Log: USkeletalMeshComponent::GetNxActor() : Could not find bone: Spine3
[2906.94] Log: USkeletalMeshComponent::GetNxActor() : Could not find bone: Pelvis
[2906.94] Log: USkeletalMeshComponent::GetNxActor() : Could not find bone: Spine
[2906.94] Log: USkeletalMeshComponent::GetNxActor() : Could not find bone: Spine3
[2906.95] Log: USkeletalMeshComponent::GetNxActor() : Could not find bone: Pelvis
[2906.95] Log: USkeletalMeshComponent::GetNxActor() : Could not find bone: Spine
[2906.95] Log: USkeletalMeshComponent::GetNxActor() : Could not find bone: Spine3
[2906.97] Log: USkeletalMeshComponent::GetNxActor() : Could not find bone: Pelvis
[2906.97] Log: USkeletalMeshComponent::GetNxActor() : Could not find bone: Spine
[2906.97] Log: USkeletalMeshComponent::GetNxActor() : Could not find bone: Spine3
[2906.99] Log: USkeletalMeshComponent::GetNxActor() : Could not find bone: Pelvis
[2906.99] Log: USkeletalMeshComponent::GetNxActor() : Could not find bone: Spine
[2906.99] Log: USkeletalMeshComponent::GetNxActor() : Could not find bone: Spine3
[2907.00] Log: USkeletalMeshComponent::GetNxActor() : Could not find bone: Pelvis
[2907.00] Log: USkeletalMeshComponent::GetNxActor() : Could not find bone: Spine
[2907.00] Log: USkeletalMeshComponent::GetNxActor() : Could not find bone: Spine3
[2907.02] Log: USkeletalMeshComponent::GetNxActor() : Could not find bone: Pelvis
[2907.02] Log: USkeletalMeshComponent::GetNxActor() : Could not find bone: Spine
[2907.02] Log: USkeletalMeshComponent::GetNxActor() : Could not find bone: Spine3
[2907.04] Log: USkeletalMeshComponent::GetNxActor() : Could not find bone: Pelvis
[2907.04] Log: USkeletalMeshComponent::GetNxActor() : Could not find bone: Spine
[2907.04] Log: USkeletalMeshComponent::GetNxActor() : Could not find bone: Spine3
[2907.06] Log: USkeletalMeshComponent::GetNxActor() : Could not find bone: Pelvis
[2907.06] Log: USkeletalMeshComponent::GetNxActor() : Could not find bone: Spine
[2907.06] Log: USkeletalMeshComponent::GetNxActor() : Could not find bone: Spine3
[2907.07] Log: USkeletalMeshComponent::GetNxActor() : Could not find bone: Pelvis
[2907.07] Log: USkeletalMeshComponent::GetNxActor() : Could not find bone: Spine
[2907.07] Log: USkeletalMeshComponent::GetNxActor() : Could not find bone: Spine3
[2907.09] Log: USkeletalMeshComponent::GetNxActor() : Could not find bone: Pelvis
[2907.09] Log: USkeletalMeshComponent::GetNxActor() : Could not find bone: Spine
[2907.09] Log: USkeletalMeshComponent::GetNxActor() : Could not find bone: Spine3
[2907.11] Log: USkeletalMeshComponent::GetNxActor() : Could not find bone: Pelvis
[2907.11] Log: USkeletalMeshComponent::GetNxActor() : Could not find bone: Spine
[2907.11] Log: USkeletalMeshComponent::GetNxActor() : Could not find bone: Spine3
[2907.12] Log: USkeletalMeshComponent::GetNxActor() : Could not find bone: Pelvis
[2907.12] Log: USkeletalMeshComponent::GetNxActor() : Could not find bone: Spine
[2907.12] Log: USkeletalMeshComponent::GetNxActor() : Could not find bone: Spine3
[2907.14] Log: USkeletalMeshComponent::GetNxActor() : Could not find bone: Pelvis
[2907.14] Log: USkeletalMeshComponent::GetNxActor() : Could not find bone: Spine
[2907.14] Log: USkeletalMeshComponent::GetNxActor() : Could not find bone: Spine3
[2907.16] Log: USkeletalMeshComponent::GetNxActor() : Could not find bone: Pelvis
[2907.16] Log: USkeletalMeshComponent::GetNxActor() : Could not find bone: Spine
[2907.16] Log: USkeletalMeshComponent::GetNxActor() : Could not find bone: Spine3
[2907.17] Log: USkeletalMeshComponent::GetNxActor() : Could not find bone: Pelvis
[2907.17] Log: USkeletalMeshComponent::GetNxActor() : Could not find bone: Spine
[2907.17] Log: USkeletalMeshComponent::GetNxActor() : Could not find bone: Spine3
[2907.19] Log: USkeletalMeshComponent::GetNxActor() : Could not find bone: Pelvis
[2907.19] Log: USkeletalMeshComponent::GetNxActor() : Could not find bone: Spine
[2907.19] Log: USkeletalMeshComponent::GetNxActor() : Could not find bone: Spine3
[2907.21] Log: USkeletalMeshComponent::GetNxActor() : Could not find bone: Pelvis
[2907.21] Log: USkeletalMeshComponent::GetNxActor() : Could not find bone: Spine
[2907.21] Log: USkeletalMeshComponent::GetNxActor() : Could not find bone: Spine3
[2907.22] Log: USkeletalMeshComponent::GetNxActor() : Could not find bone: Pelvis
[2907.22] Log: USkeletalMeshComponent::GetNxActor() : Could not find bone: Spine
[2907.22] Log: USkeletalMeshComponent::GetNxActor() : Could not find bone: Spine3
[2907.24] Log: USkeletalMeshComponent::GetNxActor() : Could not find bone: Pelvis
[2907.24] Log: USkeletalMeshComponent::GetNxActor() : Could not find bone: Spine
[2907.24] Log: USkeletalMeshComponent::GetNxActor() : Could not find bone: Spine3
[2907.26] Log: USkeletalMeshComponent::GetNxActor() : Could not find bone: Pelvis
[2907.26] Log: USkeletalMeshComponent::GetNxActor() : Could not find bone: Spine
[2907.26] Log: USkeletalMeshComponent::GetNxActor() : Could not find bone: Spine3
[2907.27] Log: USkeletalMeshComponent::GetNxActor() : Could not find bone: Pelvis
[2907.27] Log: USkeletalMeshComponent::GetNxActor() : Could not find bone: Spine
[2907.27] Log: USkeletalMeshComponent::GetNxActor() : Could not find bone: Spine3
[2907.29] Log: USkeletalMeshComponent::GetNxActor() : Could not find bone: Pelvis
[2907.29] Log: USkeletalMeshComponent::GetNxActor() : Could not find bone: Spine
[2907.29] Log: USkeletalMeshComponent::GetNxActor() : Could not find bone: Spine3
[2907.31] Log: USkeletalMeshComponent::GetNxActor() : Could not find bone: Pelvis
[2907.31] Log: USkeletalMeshComponent::GetNxActor() : Could not find bone: Spine
[2907.31] Log: USkeletalMeshComponent::GetNxActor() : Could not find bone: Spine3
[2907.33] Log: USkeletalMeshComponent::GetNxActor() : Could not find bone: Pelvis
[2907.33] Log: USkeletalMeshComponent::GetNxActor() : Could not find bone: Spine
[2907.33] Log: USkeletalMeshComponent::GetNxActor() : Could not find bone: Spine3
[2907.34] Log: USkeletalMeshComponent::GetNxActor() : Could not find bone: Pelvis
[2907.34] Log: USkeletalMeshComponent::GetNxActor() : Could not find bone: Spine
[2907.34] Log: USkeletalMeshComponent::GetNxActor() : Could not find bone: Spine3
[2907.36] Log: USkeletalMeshComponent::GetNxActor() : Could not find bone: Pelvis
[2907.36] Log: USkeletalMeshComponent::GetNxActor() : Could not find bone: Spine
[2907.36] Log: USkeletalMeshComponent::GetNxActor() : Could not find bone: Spine3
[2907.38] Log: USkeletalMeshComponent::GetNxActor() : Could not find bone: Pelvis
[2907.38] Log: USkeletalMeshComponent::GetNxActor() : Could not find bone: Spine
[2907.38] Log: USkeletalMeshComponent::GetNxActor() : Could not find bone: Spine3
[2907.39] Log: USkeletalMeshComponent::GetNxActor() : Could not find bone: Pelvis
[2907.39] Log: USkeletalMeshComponent::GetNxActor() : Could not find bone: Spine
[2907.39] Log: USkeletalMeshComponent::GetNxActor() : Could not find bone: Spine3
[2907.41] Log: USkeletalMeshComponent::GetNxActor() : Could not find bone: Pelvis
[2907.41] Log: USkeletalMeshComponent::GetNxActor() : Could not find bone: Spine
[2907.41] Log: USkeletalMeshComponent::GetNxActor() : Could not find bone: Spine3
[2907.43] Log: USkeletalMeshComponent::GetNxActor() : Could not find bone: Pelvis
[2907.43] Log: USkeletalMeshComponent::GetNxActor() : Could not find bone: Spine
[2907.43] Log: USkeletalMeshComponent::GetNxActor() : Could not find bone: Spine3
[2907.44] Log: USkeletalMeshComponent::GetNxActor() : Could not find bone: Pelvis
[2907.44] Log: USkeletalMeshComponent::GetNxActor() : Could not find bone: Spine
[2907.44] Log: USkeletalMeshComponent::GetNxActor() : Could not find bone: Spine3
[2907.46] Log: USkeletalMeshComponent::GetNxActor() : Could not find bone: Pelvis
[2907.46] Log: USkeletalMeshComponent::GetNxActor() : Could not find bone: Spine
[2907.46] Log: USkeletalMeshComponent::GetNxActor() : Could not find bone: Spine3
[2907.48] Log: USkeletalMeshComponent::GetNxActor() : Could not find bone: Pelvis
[2907.48] Log: USkeletalMeshComponent::GetNxActor() : Could not find bone: Spine
[2907.48] Log: USkeletalMeshComponent::GetNxActor() : Could not find bone: Spine3
[2907.50] Log: USkeletalMeshComponent::GetNxActor() : Could not find bone: Pelvis
[2907.50] Log: USkeletalMeshComponent::GetNxActor() : Could not find bone: Spine
[2907.50] Log: USkeletalMeshComponent::GetNxActor() : Could not find bone: Spine3
[2907.51] Log: USkeletalMeshComponent::GetNxActor() : Could not find bone: Pelvis
[2907.51] Log: USkeletalMeshComponent::GetNxActor() : Could not find bone: Spine
[2907.51] Log: USkeletalMeshComponent::GetNxActor() : Could not find bone: Spine3
[2907.53] DevOnline: Listening for lan beacon requests on 6777
[2907.53] Log: USkeletalMeshComponent::GetNxActor() : Could not find bone: Pelvis
[2907.53] Log: USkeletalMeshComponent::GetNxActor() : Could not find bone: Spine
[2907.53] Log: USkeletalMeshComponent::GetNxActor() : Could not find bone: Spine3
[2907.55] Log: USkeletalMeshComponent::GetNxActor() : Could not find bone: Pelvis
[2907.55] Log: USkeletalMeshComponent::GetNxActor() : Could not find bone: Spine
[2907.55] Log: USkeletalMeshComponent::GetNxActor() : Could not find bone: Spine3
[2907.56] Log: USkeletalMeshComponent::GetNxActor() : Could not find bone: Pelvis
[2907.56] Log: USkeletalMeshComponent::GetNxActor() : Could not find bone: Spine
[2907.56] Log: USkeletalMeshComponent::GetNxActor() : Could not find bone: Spine3
[2907.58] Log: USkeletalMeshComponent::GetNxActor() : Could not find bone: Pelvis
[2907.58] Log: USkeletalMeshComponent::GetNxActor() : Could not find bone: Spine
[2907.58] Log: USkeletalMeshComponent::GetNxActor() : Could not find bone: Spine3
[2907.60] Log: USkeletalMeshComponent::GetNxActor() : Could not find bone: Pelvis
[2907.60] Log: USkeletalMeshComponent::GetNxActor() : Could not find bone: Spine
[2907.60] Log: USkeletalMeshComponent::GetNxActor() : Could not find bone: Spine3
[2907.61] Log: USkeletalMeshComponent::GetNxActor() : Could not find bone: Pelvis
[2907.61] Log: USkeletalMeshComponent::GetNxActor() : Could not find bone: Spine
[2907.61] Log: USkeletalMeshComponent::GetNxActor() : Could not find bone: Spine3
[2907.63] Log: USkeletalMeshComponent::GetNxActor() : Could not find bone: Pelvis
[2907.63] Log: USkeletalMeshComponent::GetNxActor() : Could not find bone: Spine
[2907.63] Log: USkeletalMeshComponent::GetNxActor() : Could not find bone: Spine3
[2907.65] Log: USkeletalMeshComponent::GetNxActor() : Could not find bone: Pelvis
[2907.65] Log: USkeletalMeshComponent::GetNxActor() : Could not find bone: Spine
[2907.65] Log: USkeletalMeshComponent::GetNxActor() : Could not find bone: Spine3
[2907.67] Log: USkeletalMeshComponent::GetNxActor() : Could not find bone: Pelvis
[2907.67] Log: USkeletalMeshComponent::GetNxActor() : Could not find bone: Spine
[2907.67] Log: USkeletalMeshComponent::GetNxActor() : Could not find bone: Spine3
[2907.68] Log: USkeletalMeshComponent::GetNxActor() : Could not find bone: Pelvis
[2907.68] Log: USkeletalMeshComponent::GetNxActor() : Could not find bone: Spine
[2907.68] Log: USkeletalMeshComponent::GetNxActor() : Could not find bone: Spine3
[2907.70] Log: USkeletalMeshComponent::GetNxActor() : Could not find bone: Pelvis
[2907.70] Log: USkeletalMeshComponent::GetNxActor() : Could not find bone: Spine
[2907.70] Log: USkeletalMeshComponent::GetNxActor() : Could not find bone: Spine3
[2907.72] Log: USkeletalMeshComponent::GetNxActor() : Could not find bone: Pelvis
[2907.72] Log: USkeletalMeshComponent::GetNxActor() : Could not find bone: Spine
[2907.72] Log: USkeletalMeshComponent::GetNxActor() : Could not find bone: Spine3
[2907.73] Log: USkeletalMeshComponent::GetNxActor() : Could not find bone: Pelvis
[2907.73] Log: USkeletalMeshComponent::GetNxActor() : Could not find bone: Spine
[2907.73] Log: USkeletalMeshComponent::GetNxActor() : Could not find bone: Spine3
[2907.75] Log: USkeletalMeshComponent::GetNxActor() : Could not find bone: Pelvis
[2907.75] Log: USkeletalMeshComponent::GetNxActor() : Could not find bone: Spine
[2907.75] Log: USkeletalMeshComponent::GetNxActor() : Could not find bone: Spine3
[2907.77] Log: USkeletalMeshComponent::GetNxActor() : Could not find bone: Pelvis
[2907.77] Log: USkeletalMeshComponent::GetNxActor() : Could not find bone: Spine
[2907.77] Log: USkeletalMeshComponent::GetNxActor() : Could not find bone: Spine3
[2907.78] Log: USkeletalMeshComponent::GetNxActor() : Could not find bone: Pelvis
[2907.78] Log: USkeletalMeshComponent::GetNxActor() : Could not find bone: Spine
[2907.78] Log: USkeletalMeshComponent::GetNxActor() : Could not find bone: Spine3
[2907.80] Log: USkeletalMeshComponent::GetNxActor() : Could not find bone: Pelvis
[2907.80] Log: USkeletalMeshComponent::GetNxActor() : Could not find bone: Spine
[2907.80] Log: USkeletalMeshComponent::GetNxActor() : Could not find bone: Spine3
[2907.82] Log: USkeletalMeshComponent::GetNxActor() : Could not find bone: Pelvis
[2907.82] Log: USkeletalMeshComponent::GetNxActor() : Could not find bone: Spine
[2907.82] Log: USkeletalMeshComponent::GetNxActor() : Could not find bone: Spine3
[2907.84] Log: USkeletalMeshComponent::GetNxActor() : Could not find bone: Pelvis
[2907.84] Log: USkeletalMeshComponent::GetNxActor() : Could not find bone: Spine
[2907.84] Log: USkeletalMeshComponent::GetNxActor() : Could not find bone: Spine3
[2907.85] Log: USkeletalMeshComponent::GetNxActor() : Could not find bone: Pelvis
[2907.85] Log: USkeletalMeshComponent::GetNxActor() : Could not find bone: Spine
[2907.85] Log: USkeletalMeshComponent::GetNxActor() : Could not find bone: Spine3
[2907.87] Log: USkeletalMeshComponent::GetNxActor() : Could not find bone: Pelvis
[2907.87] Log: USkeletalMeshComponent::GetNxActor() : Could not find bone: Spine
[2907.87] Log: USkeletalMeshComponent::GetNxActor() : Could not find bone: Spine3
[2907.89] Log: USkeletalMeshComponent::GetNxActor() : Could not find bone: Pelvis
[2907.89] Log: USkeletalMeshComponent::GetNxActor() : Could not find bone: Spine
[2907.89] Log: USkeletalMeshComponent::GetNxActor() : Could not find bone: Spine3
[2907.90] Log: USkeletalMeshComponent::GetNxActor() : Could not find bone: Pelvis
[2907.90] Log: USkeletalMeshComponent::GetNxActor() : Could not find bone: Spine
[2907.90] Log: USkeletalMeshComponent::GetNxActor() : Could not find bone: Spine3
[2907.92] Log: USkeletalMeshComponent::GetNxActor() : Could not find bone: Pelvis
[2907.92] Log: USkeletalMeshComponent::GetNxActor() : Could not find bone: Spine
[2907.92] Log: USkeletalMeshComponent::GetNxActor() : Could not find bone: Spine3
[2907.94] Log: USkeletalMeshComponent::GetNxActor() : Could not find bone: Pelvis
[2907.94] Log: USkeletalMeshComponent::GetNxActor() : Could not find bone: Spine
[2907.94] Log: USkeletalMeshComponent::GetNxActor() : Could not find bone: Spine3
[2907.95] Log: USkeletalMeshComponent::GetNxActor() : Could not find bone: Pelvis
[2907.95] Log: USkeletalMeshComponent::GetNxActor() : Could not find bone: Spine
[2907.95] Log: USkeletalMeshComponent::GetNxActor() : Could not find bone: Spine3
[2907.97] Log: USkeletalMeshComponent::GetNxActor() : Could not find bone: Pelvis
[2907.97] Log: USkeletalMeshComponent::GetNxActor() : Could not find bone: Spine
[2907.97] Log: USkeletalMeshComponent::GetNxActor() : Could not find bone: Spine3
[2907.99] Log: USkeletalMeshComponent::GetNxActor() : Could not find bone: Pelvis
[2907.99] Log: USkeletalMeshComponent::GetNxActor() : Could not find bone: Spine
[2907.99] Log: USkeletalMeshComponent::GetNxActor() : Could not find bone: Spine3
[2908.00] Log: USkeletalMeshComponent::GetNxActor() : Could not find bone: Pelvis
[2908.00] Log: USkeletalMeshComponent::GetNxActor() : Could not find bone: Spine
[2908.00] Log: USkeletalMeshComponent::GetNxActor() : Could not find bone: Spine3
[2908.02] Log: USkeletalMeshComponent::GetNxActor() : Could not find bone: Pelvis
[2908.02] Log: USkeletalMeshComponent::GetNxActor() : Could not find bone: Spine
[2908.02] Log: USkeletalMeshComponent::GetNxActor() : Could not find bone: Spine3
[2908.04] Log: USkeletalMeshComponent::GetNxActor() : Could not find bone: Pelvis
[2908.04] Log: USkeletalMeshComponent::GetNxActor() : Could not find bone: Spine
[2908.04] Log: USkeletalMeshComponent::GetNxActor() : Could not find bone: Spine3
[2908.05] Log: USkeletalMeshComponent::GetNxActor() : Could not find bone: Pelvis
[2908.05] Log: USkeletalMeshComponent::GetNxActor() : Could not find bone: Spine
[2908.05] Log: USkeletalMeshComponent::GetNxActor() : Could not find bone: Spine3
[2908.07] Log: USkeletalMeshComponent::GetNxActor() : Could not find bone: Pelvis
[2908.07] Log: USkeletalMeshComponent::GetNxActor() : Could not find bone: Spine
[2908.07] Log: USkeletalMeshComponent::GetNxActor() : Could not find bone: Spine3
[2908.09] Log: USkeletalMeshComponent::GetNxActor() : Could not find bone: Pelvis
[2908.09] Log: USkeletalMeshComponent::GetNxActor() : Could not find bone: Spine
[2908.09] Log: USkeletalMeshComponent::GetNxActor() : Could not find bone: Spine3
[2908.11] Log: USkeletalMeshComponent::GetNxActor() : Could not find bone: Pelvis
[2908.11] Log: USkeletalMeshComponent::GetNxActor() : Could not find bone: Spine
[2908.11] Log: USkeletalMeshComponent::GetNxActor() : Could not find bone: Spine3
[2908.12] Log: USkeletalMeshComponent::GetNxActor() : Could not find bone: Pelvis
[2908.12] Log: USkeletalMeshComponent::GetNxActor() : Could not find bone: Spine
[2908.12] Log: USkeletalMeshComponent::GetNxActor() : Could not find bone: Spine3
[2908.14] Log: USkeletalMeshComponent::GetNxActor() : Could not find bone: Pelvis
[2908.14] Log: USkeletalMeshComponent::GetNxActor() : Could not find bone: Spine
[2908.14] Log: USkeletalMeshComponent::GetNxActor() : Could not find bone: Spine3
[2908.16] Log: USkeletalMeshComponent::GetNxActor() : Could not find bone: Pelvis
[2908.16] Log: USkeletalMeshComponent::GetNxActor() : Could not find bone: Spine
[2908.16] Log: USkeletalMeshComponent::GetNxActor() : Could not find bone: Spine3
[2908.17] Log: USkeletalMeshComponent::GetNxActor() : Could not find bone: Pelvis
[2908.17] Log: USkeletalMeshComponent::GetNxActor() : Could not find bone: Spine
[2908.17] Log: USkeletalMeshComponent::GetNxActor() : Could not find bone: Spine3
[2908.19] Log: USkeletalMeshComponent::GetNxActor() : Could not find bone: Pelvis
[2908.19] Log: USkeletalMeshComponent::GetNxActor() : Could not find bone: Spine
[2908.19] Log: USkeletalMeshComponent::GetNxActor() : Could not find bone: Spine3
[2908.21] Log: USkeletalMeshComponent::GetNxActor() : Could not find bone: Pelvis
[2908.21] Log: USkeletalMeshComponent::GetNxActor() : Could not find bone: Spine
[2908.21] Log: USkeletalMeshComponent::GetNxActor() : Could not find bone: Spine3
[2908.22] Log: USkeletalMeshComponent::GetNxActor() : Could not find bone: Pelvis
[2908.22] Log: USkeletalMeshComponent::GetNxActor() : Could not find bone: Spine
[2908.22] Log: USkeletalMeshComponent::GetNxActor() : Could not find bone: Spine3
[2908.24] Log: USkeletalMeshComponent::GetNxActor() : Could not find bone: Pelvis
[2908.24] Log: USkeletalMeshComponent::GetNxActor() : Could not find bone: Spine
[2908.24] Log: USkeletalMeshComponent::GetNxActor() : Could not find bone: Spine3
[2908.26] Log: USkeletalMeshComponent::GetNxActor() : Could not find bone: Pelvis
[2908.26] Log: USkeletalMeshComponent::GetNxActor() : Could not find bone: Spine
[2908.26] Log: USkeletalMeshComponent::GetNxActor() : Could not find bone: Spine3
[2908.27] Log: USkeletalMeshComponent::GetNxActor() : Could not find bone: Pelvis
[2908.27] Log: USkeletalMeshComponent::GetNxActor() : Could not find bone: Spine
[2908.27] Log: USkeletalMeshComponent::GetNxActor() : Could not find bone: Spine3
[2908.29] Log: USkeletalMeshComponent::GetNxActor() : Could not find bone: Pelvis
[2908.29] Log: USkeletalMeshComponent::GetNxActor() : Could not find bone: Spine
[2908.29] Log: USkeletalMeshComponent::GetNxActor() : Could not find bone: Spine3
[2908.31] Log: USkeletalMeshComponent::GetNxActor() : Could not find bone: Pelvis
[2908.31] Log: USkeletalMeshComponent::GetNxActor() : Could not find bone: Spine
[2908.31] Log: USkeletalMeshComponent::GetNxActor() : Could not find bone: Spine3
[2908.33] Log: USkeletalMeshComponent::GetNxActor() : Could not find bone: Pelvis
[2908.33] Log: USkeletalMeshComponent::GetNxActor() : Could not find bone: Spine
[2908.33] Log: USkeletalMeshComponent::GetNxActor() : Could not find bone: Spine3
[2908.34] Log: USkeletalMeshComponent::GetNxActor() : Could not find bone: Pelvis
[2908.34] Log: USkeletalMeshComponent::GetNxActor() : Could not find bone: Spine
[2908.34] Log: USkeletalMeshComponent::GetNxActor() : Could not find bone: Spine3
[2908.36] Log: USkeletalMeshComponent::GetNxActor() : Could not find bone: Pelvis
[2908.36] Log: USkeletalMeshComponent::GetNxActor() : Could not find bone: Spine
[2908.36] Log: USkeletalMeshComponent::GetNxActor() : Could not find bone: Spine3
[2908.38] Log: USkeletalMeshComponent::GetNxActor() : Could not find bone: Pelvis
[2908.38] Log: USkeletalMeshComponent::GetNxActor() : Could not find bone: Spine
[2908.38] Log: USkeletalMeshComponent::GetNxActor() : Could not find bone: Spine3
[2908.39] Log: USkeletalMeshComponent::GetNxActor() : Could not find bone: Pelvis
[2908.39] Log: USkeletalMeshComponent::GetNxActor() : Could not find bone: Spine
[2908.39] Log: USkeletalMeshComponent::GetNxActor() : Could not find bone: Spine3
[2908.41] Log: USkeletalMeshComponent::GetNxActor() : Could not find bone: Pelvis
[2908.41] Log: USkeletalMeshComponent::GetNxActor() : Could not find bone: Spine
[2908.41] Log: USkeletalMeshComponent::GetNxActor() : Could not find bone: Spine3
[2908.43] Log: USkeletalMeshComponent::GetNxActor() : Could not find bone: Pelvis
[2908.43] Log: USkeletalMeshComponent::GetNxActor() : Could not find bone: Spine
[2908.43] Log: USkeletalMeshComponent::GetNxActor() : Could not find bone: Spine3
[2908.44] Log: USkeletalMeshComponent::GetNxActor() : Could not find bone: Pelvis
[2908.44] Log: USkeletalMeshComponent::GetNxActor() : Could not find bone: Spine
[2908.44] Log: USkeletalMeshComponent::GetNxActor() : Could not find bone: Spine3
[2908.46] Log: USkeletalMeshComponent::GetNxActor() : Could not find bone: Pelvis
[2908.46] Log: USkeletalMeshComponent::GetNxActor() : Could not find bone: Spine
[2908.46] Log: USkeletalMeshComponent::GetNxActor() : Could not find bone: Spine3
[2908.48] Log: USkeletalMeshComponent::GetNxActor() : Could not find bone: Pelvis
[2908.48] Log: USkeletalMeshComponent::GetNxActor() : Could not find bone: Spine
[2908.48] Log: USkeletalMeshComponent::GetNxActor() : Could not find bone: Spine3
[2908.50] Log: USkeletalMeshComponent::GetNxActor() : Could not find bone: Pelvis
[2908.50] Log: USkeletalMeshComponent::GetNxActor() : Could not find bone: Spine
[2908.50] Log: USkeletalMeshComponent::GetNxActor() : Could not find bone: Spine3
[2908.51] Log: USkeletalMeshComponent::GetNxActor() : Could not find bone: Pelvis
[2908.51] Log: USkeletalMeshComponent::GetNxActor() : Could not find bone: Spine
[2908.51] Log: USkeletalMeshComponent::GetNxActor() : Could not find bone: Spine3
[2908.53] Log: USkeletalMeshComponent::GetNxActor() : Could not find bone: Pelvis
[2908.53] Log: USkeletalMeshComponent::GetNxActor() : Could not find bone: Spine
[2908.53] Log: USkeletalMeshComponent::GetNxActor() : Could not find bone: Spine3
[2908.55] Log: USkeletalMeshComponent::GetNxActor() : Could not find bone: Pelvis
[2908.55] Log: USkeletalMeshComponent::GetNxActor() : Could not find bone: Spine
[2908.55] Log: USkeletalMeshComponent::GetNxActor() : Could not find bone: Spine3
[2908.56] Log: USkeletalMeshComponent::GetNxActor() : Could not find bone: Pelvis
[2908.56] Log: USkeletalMeshComponent::GetNxActor() : Could not find bone: Spine
[2908.56] Log: USkeletalMeshComponent::GetNxActor() : Could not find bone: Spine3
[2908.58] Log: USkeletalMeshComponent::GetNxActor() : Could not find bone: Pelvis
[2908.58] Log: USkeletalMeshComponent::GetNxActor() : Could not find bone: Spine
[2908.58] Log: USkeletalMeshComponent::GetNxActor() : Could not find bone: Spine3
[2908.60] Log: USkeletalMeshComponent::GetNxActor() : Could not find bone: Pelvis
[2908.60] Log: USkeletalMeshComponent::GetNxActor() : Could not find bone: Spine
[2908.60] Log: USkeletalMeshComponent::GetNxActor() : Could not find bone: Spine3
[2908.61] Log: USkeletalMeshComponent::GetNxActor() : Could not find bone: Pelvis
[2908.61] Log: USkeletalMeshComponent::GetNxActor() : Could not find bone: Spine
[2908.61] Log: USkeletalMeshComponent::GetNxActor() : Could not find bone: Spine3
[2908.63] Log: USkeletalMeshComponent::GetNxActor() : Could not find bone: Pelvis
[2908.63] Log: USkeletalMeshComponent::GetNxActor() : Could not find bone: Spine
[2908.63] Log: USkeletalMeshComponent::GetNxActor() : Could not find bone: Spine3
[2908.65] Log: USkeletalMeshComponent::GetNxActor() : Could not find bone: Pelvis
[2908.65] Log: USkeletalMeshComponent::GetNxActor() : Could not find bone: Spine
[2908.65] Log: USkeletalMeshComponent::GetNxActor() : Could not find bone: Spine3
[2908.67] Log: USkeletalMeshComponent::GetNxActor() : Could not find bone: Pelvis
[2908.67] Log: USkeletalMeshComponent::GetNxActor() : Could not find bone: Spine
[2908.67] Log: USkeletalMeshComponent::GetNxActor() : Could not find bone: Spine3
[2908.68] Log: USkeletalMeshComponent::GetNxActor() : Could not find bone: Pelvis
[2908.68] Log: USkeletalMeshComponent::GetNxActor() : Could not find bone: Spine
[2908.68] Log: USkeletalMeshComponent::GetNxActor() : Could not find bone: Spine3
[2908.70] Log: USkeletalMeshComponent::GetNxActor() : Could not find bone: Pelvis
[2908.70] Log: USkeletalMeshComponent::GetNxActor() : Could not find bone: Spine
[2908.70] Log: USkeletalMeshComponent::GetNxActor() : Could not find bone: Spine3
[2908.72] Log: USkeletalMeshComponent::GetNxActor() : Could not find bone: Pelvis
[2908.72] Log: USkeletalMeshComponent::GetNxActor() : Could not find bone: Spine
[2908.72] Log: USkeletalMeshComponent::GetNxActor() : Could not find bone: Spine3
[2908.73] Log: USkeletalMeshComponent::GetNxActor() : Could not find bone: Pelvis
[2908.73] Log: USkeletalMeshComponent::GetNxActor() : Could not find bone: Spine
[2908.73] Log: USkeletalMeshComponent::GetNxActor() : Could not find bone: Spine3
[2908.75] Log: USkeletalMeshComponent::GetNxActor() : Could not find bone: Pelvis
[2908.75] Log: USkeletalMeshComponent::GetNxActor() : Could not find bone: Spine
[2908.75] Log: USkeletalMeshComponent::GetNxActor() : Could not find bone: Spine3
[2908.77] Log: USkeletalMeshComponent::GetNxActor() : Could not find bone: Pelvis
[2908.77] Log: USkeletalMeshComponent::GetNxActor() : Could not find bone: Spine
[2908.77] Log: USkeletalMeshComponent::GetNxActor() : Could not find bone: Spine3
[2908.79] Log: USkeletalMeshComponent::GetNxActor() : Could not find bone: Pelvis
[2908.79] Log: USkeletalMeshComponent::GetNxActor() : Could not find bone: Spine
[2908.79] Log: USkeletalMeshComponent::GetNxActor() : Could not find bone: Spine3
[2908.81] Log: USkeletalMeshComponent::GetNxActor() : Could not find bone: Pelvis
[2908.81] Log: USkeletalMeshComponent::GetNxActor() : Could not find bone: Spine
[2908.81] Log: USkeletalMeshComponent::GetNxActor() : Could not find bone: Spine3
[2908.82] Log: USkeletalMeshComponent::GetNxActor() : Could not find bone: Pelvis
[2908.82] Log: USkeletalMeshComponent::GetNxActor() : Could not find bone: Spine
[2908.82] Log: USkeletalMeshComponent::GetNxActor() : Could not find bone: Spine3
[2908.84] Log: USkeletalMeshComponent::GetNxActor() : Could not find bone: Pelvis
[2908.84] Log: USkeletalMeshComponent::GetNxActor() : Could not find bone: Spine
[2908.84] Log: USkeletalMeshComponent::GetNxActor() : Could not find bone: Spine3
[2908.85] Log: USkeletalMeshComponent::GetNxActor() : Could not find bone: Pelvis
[2908.85] Log: USkeletalMeshComponent::GetNxActor() : Could not find bone: Spine
[2908.85] Log: USkeletalMeshComponent::GetNxActor() : Could not find bone: Spine3
[2908.87] Log: USkeletalMeshComponent::GetNxActor() : Could not find bone: Pelvis
[2908.87] Log: USkeletalMeshComponent::GetNxActor() : Could not find bone: Spine
[2908.87] Log: USkeletalMeshComponent::GetNxActor() : Could not find bone: Spine3
[2908.89] Log: USkeletalMeshComponent::GetNxActor() : Could not find bone: Pelvis
[2908.89] Log: USkeletalMeshComponent::GetNxActor() : Could not find bone: Spine
[2908.89] Log: USkeletalMeshComponent::GetNxActor() : Could not find bone: Spine3
[2908.90] Log: USkeletalMeshComponent::GetNxActor() : Could not find bone: Pelvis
[2908.90] Log: USkeletalMeshComponent::GetNxActor() : Could not find bone: Spine
[2908.90] Log: USkeletalMeshComponent::GetNxActor() : Could not find bone: Spine3
[2908.92] Log: USkeletalMeshComponent::GetNxActor() : Could not find bone: Pelvis
[2908.92] Log: USkeletalMeshComponent::GetNxActor() : Could not find bone: Spine
[2908.92] Log: USkeletalMeshComponent::GetNxActor() : Could not find bone: Spine3
[2908.94] Log: USkeletalMeshComponent::GetNxActor() : Could not find bone: Pelvis
[2908.94] Log: USkeletalMeshComponent::GetNxActor() : Could not find bone: Spine
[2908.94] Log: USkeletalMeshComponent::GetNxActor() : Could not find bone: Spine3
[2908.95] Log: USkeletalMeshComponent::GetNxActor() : Could not find bone: Pelvis
[2908.95] Log: USkeletalMeshComponent::GetNxActor() : Could not find bone: Spine
[2908.95] Log: USkeletalMeshComponent::GetNxActor() : Could not find bone: Spine3
[2908.97] Log: USkeletalMeshComponent::GetNxActor() : Could not find bone: Pelvis
[2908.97] Log: USkeletalMeshComponent::GetNxActor() : Could not find bone: Spine
[2908.97] Log: USkeletalMeshComponent::GetNxActor() : Could not find bone: Spine3
[2908.99] Log: USkeletalMeshComponent::GetNxActor() : Could not find bone: Pelvis
[2908.99] Log: USkeletalMeshComponent::GetNxActor() : Could not find bone: Spine
[2908.99] Log: USkeletalMeshComponent::GetNxActor() : Could not find bone: Spine3
[2909.00] Log: USkeletalMeshComponent::GetNxActor() : Could not find bone: Pelvis
[2909.00] Log: USkeletalMeshComponent::GetNxActor() : Could not find bone: Spine
[2909.00] Log: USkeletalMeshComponent::GetNxActor() : Could not find bone: Spine3
[2909.02] Log: USkeletalMeshComponent::GetNxActor() : Could not find bone: Pelvis
[2909.02] Log: USkeletalMeshComponent::GetNxActor() : Could not find bone: Spine
[2909.02] Log: USkeletalMeshComponent::GetNxActor() : Could not find bone: Spine3
[2909.04] Log: USkeletalMeshComponent::GetNxActor() : Could not find bone: Pelvis
[2909.04] Log: USkeletalMeshComponent::GetNxActor() : Could not find bone: Spine
[2909.04] Log: USkeletalMeshComponent::GetNxActor() : Could not find bone: Spine3
[2909.06] Log: USkeletalMeshComponent::GetNxActor() : Could not find bone: Pelvis
[2909.06] Log: USkeletalMeshComponent::GetNxActor() : Could not find bone: Spine
[2909.06] Log: USkeletalMeshComponent::GetNxActor() : Could not find bone: Spine3
[2909.07] Log: USkeletalMeshComponent::GetNxActor() : Could not find bone: Pelvis
[2909.07] Log: USkeletalMeshComponent::GetNxActor() : Could not find bone: Spine
[2909.07] Log: USkeletalMeshComponent::GetNxActor() : Could not find bone: Spine3
[2909.09] Log: USkeletalMeshComponent::GetNxActor() : Could not find bone: Pelvis
[2909.09] Log: USkeletalMeshComponent::GetNxActor() : Could not find bone: Spine
[2909.09] Log: USkeletalMeshComponent::GetNxActor() : Could not find bone: Spine3
[2909.11] Log: USkeletalMeshComponent::GetNxActor() : Could not find bone: Pelvis
[2909.11] Log: USkeletalMeshComponent::GetNxActor() : Could not find bone: Spine
[2909.11] Log: USkeletalMeshComponent::GetNxActor() : Could not find bone: Spine3
[2909.12] Log: USkeletalMeshComponent::GetNxActor() : Could not find bone: Pelvis
[2909.12] Log: USkeletalMeshComponent::GetNxActor() : Could not find bone: Spine
[2909.12] Log: USkeletalMeshComponent::GetNxActor() : Could not find bone: Spine3
[2909.14] Log: USkeletalMeshComponent::GetNxActor() : Could not find bone: Pelvis
[2909.14] Log: USkeletalMeshComponent::GetNxActor() : Could not find bone: Spine
[2909.14] Log: USkeletalMeshComponent::GetNxActor() : Could not find bone: Spine3
[2909.16] Log: USkeletalMeshComponent::GetNxActor() : Could not find bone: Pelvis
[2909.16] Log: USkeletalMeshComponent::GetNxActor() : Could not find bone: Spine
[2909.16] Log: USkeletalMeshComponent::GetNxActor() : Could not find bone: Spine3
[2909.17] Log: USkeletalMeshComponent::GetNxActor() : Could not find bone: Pelvis
[2909.17] Log: USkeletalMeshComponent::GetNxActor() : Could not find bone: Spine
[2909.17] Log: USkeletalMeshComponent::GetNxActor() : Could not find bone: Spine3
[2909.19] Log: USkeletalMeshComponent::GetNxActor() : Could not find bone: Pelvis
[2909.19] Log: USkeletalMeshComponent::GetNxActor() : Could not find bone: Spine
[2909.19] Log: USkeletalMeshComponent::GetNxActor() : Could not find bone: Spine3
[2909.21] Log: USkeletalMeshComponent::GetNxActor() : Could not find bone: Pelvis
[2909.21] Log: USkeletalMeshComponent::GetNxActor() : Could not find bone: Spine
[2909.21] Log: USkeletalMeshComponent::GetNxActor() : Could not find bone: Spine3
[2909.22] Log: USkeletalMeshComponent::GetNxActor() : Could not find bone: Pelvis
[2909.22] Log: USkeletalMeshComponent::GetNxActor() : Could not find bone: Spine
[2909.22] Log: USkeletalMeshComponent::GetNxActor() : Could not find bone: Spine3
[2909.24] Log: USkeletalMeshComponent::GetNxActor() : Could not find bone: Pelvis
[2909.24] Log: USkeletalMeshComponent::GetNxActor() : Could not find bone: Spine
[2909.24] Log: USkeletalMeshComponent::GetNxActor() : Could not find bone: Spine3
[2909.26] Log: USkeletalMeshComponent::GetNxActor() : Could not find bone: Pelvis
[2909.26] Log: USkeletalMeshComponent::GetNxActor() : Could not find bone: Spine
[2909.26] Log: USkeletalMeshComponent::GetNxActor() : Could not find bone: Spine3
[2909.27] Log: USkeletalMeshComponent::GetNxActor() : Could not find bone: Pelvis
[2909.27] Log: USkeletalMeshComponent::GetNxActor() : Could not find bone: Spine
[2909.27] Log: USkeletalMeshComponent::GetNxActor() : Could not find bone: Spine3
[2909.29] Log: USkeletalMeshComponent::GetNxActor() : Could not find bone: Pelvis
[2909.29] Log: USkeletalMeshComponent::GetNxActor() : Could not find bone: Spine
[2909.29] Log: USkeletalMeshComponent::GetNxActor() : Could not find bone: Spine3
[2909.31] Log: USkeletalMeshComponent::GetNxActor() : Could not find bone: Pelvis
[2909.31] Log: USkeletalMeshComponent::GetNxActor() : Could not find bone: Spine
[2909.31] Log: USkeletalMeshComponent::GetNxActor() : Could not find bone: Spine3
[2909.33] Log: USkeletalMeshComponent::GetNxActor() : Could not find bone: Pelvis
[2909.33] Log: USkeletalMeshComponent::GetNxActor() : Could not find bone: Spine
[2909.33] Log: USkeletalMeshComponent::GetNxActor() : Could not find bone: Spine3
[2909.34] Log: USkeletalMeshComponent::GetNxActor() : Could not find bone: Pelvis
[2909.34] Log: USkeletalMeshComponent::GetNxActor() : Could not find bone: Spine
[2909.34] Log: USkeletalMeshComponent::GetNxActor() : Could not find bone: Spine3
[2909.36] Log: USkeletalMeshComponent::GetNxActor() : Could not find bone: Pelvis
[2909.36] Log: USkeletalMeshComponent::GetNxActor() : Could not find bone: Spine
[2909.36] Log: USkeletalMeshComponent::GetNxActor() : Could not find bone: Spine3
[2909.38] Log: USkeletalMeshComponent::GetNxActor() : Could not find bone: Pelvis
[2909.38] Log: USkeletalMeshComponent::GetNxActor() : Could not find bone: Spine
[2909.38] Log: USkeletalMeshComponent::GetNxActor() : Could not find bone: Spine3
[2909.39] Log: USkeletalMeshComponent::GetNxActor() : Could not find bone: Pelvis
[2909.39] Log: USkeletalMeshComponent::GetNxActor() : Could not find bone: Spine
[2909.39] Log: USkeletalMeshComponent::GetNxActor() : Could not find bone: Spine3
[2909.41] Log: USkeletalMeshComponent::GetNxActor() : Could not find bone: Pelvis
[2909.41] Log: USkeletalMeshComponent::GetNxActor() : Could not find bone: Spine
[2909.41] Log: USkeletalMeshComponent::GetNxActor() : Could not find bone: Spine3
[2909.43] Log: USkeletalMeshComponent::GetNxActor() : Could not find bone: Pelvis
[2909.43] Log: USkeletalMeshComponent::GetNxActor() : Could not find bone: Spine
[2909.43] Log: USkeletalMeshComponent::GetNxActor() : Could not find bone: Spine3
[2909.44] Log: USkeletalMeshComponent::GetNxActor() : Could not find bone: Pelvis
[2909.44] Log: USkeletalMeshComponent::GetNxActor() : Could not find bone: Spine
[2909.44] Log: USkeletalMeshComponent::GetNxActor() : Could not find bone: Spine3
[2909.46] Log: USkeletalMeshComponent::GetNxActor() : Could not find bone: Pelvis
[2909.46] Log: USkeletalMeshComponent::GetNxActor() : Could not find bone: Spine
[2909.46] Log: USkeletalMeshComponent::GetNxActor() : Could not find bone: Spine3
[2909.48] Log: USkeletalMeshComponent::GetNxActor() : Could not find bone: Pelvis
[2909.48] Log: USkeletalMeshComponent::GetNxActor() : Could not find bone: Spine
[2909.48] Log: USkeletalMeshComponent::GetNxActor() : Could not find bone: Spine3
[2909.50] Log: USkeletalMeshComponent::GetNxActor() : Could not find bone: Pelvis
[2909.50] Log: USkeletalMeshComponent::GetNxActor() : Could not find bone: Spine
[2909.50] Log: USkeletalMeshComponent::GetNxActor() : Could not find bone: Spine3
[2909.51] Log: USkeletalMeshComponent::GetNxActor() : Could not find bone: Pelvis
[2909.51] Log: USkeletalMeshComponent::GetNxActor() : Could not find bone: Spine
[2909.51] Log: USkeletalMeshComponent::GetNxActor() : Could not find bone: Spine3
[2909.53] Log: USkeletalMeshComponent::GetNxActor() : Could not find bone: Pelvis
[2909.53] Log: USkeletalMeshComponent::GetNxActor() : Could not find bone: Spine
[2909.53] Log: USkeletalMeshComponent::GetNxActor() : Could not find bone: Spine3
[2909.55] Log: USkeletalMeshComponent::GetNxActor() : Could not find bone: Pelvis
[2909.55] Log: USkeletalMeshComponent::GetNxActor() : Could not find bone: Spine
[2909.55] Log: USkeletalMeshComponent::GetNxActor() : Could not find bone: Spine3
[2909.57] Log: USkeletalMeshComponent::GetNxActor() : Could not find bone: Pelvis
[2909.57] Log: USkeletalMeshComponent::GetNxActor() : Could not find bone: Spine
[2909.57] Log: USkeletalMeshComponent::GetNxActor() : Could not find bone: Spine3
[2909.58] Log: USkeletalMeshComponent::GetNxActor() : Could not find bone: Pelvis
[2909.58] Log: USkeletalMeshComponent::GetNxActor() : Could not find bone: Spine
[2909.58] Log: USkeletalMeshComponent::GetNxActor() : Could not find bone: Spine3
[2909.60] Log: USkeletalMeshComponent::GetNxActor() : Could not find bone: Pelvis
[2909.60] Log: USkeletalMeshComponent::GetNxActor() : Could not find bone: Spine
[2909.60] Log: USkeletalMeshComponent::GetNxActor() : Could not find bone: Spine3
[2909.62] Log: USkeletalMeshComponent::GetNxActor() : Could not find bone: Pelvis
[2909.62] Log: USkeletalMeshComponent::GetNxActor() : Could not find bone: Spine
[2909.62] Log: USkeletalMeshComponent::GetNxActor() : Could not find bone: Spine3
[2909.63] Log: USkeletalMeshComponent::GetNxActor() : Could not find bone: Pelvis
[2909.63] Log: USkeletalMeshComponent::GetNxActor() : Could not find bone: Spine
[2909.63] Log: USkeletalMeshComponent::GetNxActor() : Could not find bone: Spine3
[2909.65] Log: USkeletalMeshComponent::GetNxActor() : Could not find bone: Pelvis
[2909.65] Log: USkeletalMeshComponent::GetNxActor() : Could not find bone: Spine
[2909.65] Log: USkeletalMeshComponent::GetNxActor() : Could not find bone: Spine3
[2909.67] Log: USkeletalMeshComponent::GetNxActor() : Could not find bone: Pelvis
[2909.67] Log: USkeletalMeshComponent::GetNxActor() : Could not find bone: Spine
[2909.67] Log: USkeletalMeshComponent::GetNxActor() : Could not find bone: Spine3
[2909.68] Log: USkeletalMeshComponent::GetNxActor() : Could not find bone: Pelvis
[2909.68] Log: USkeletalMeshComponent::GetNxActor() : Could not find bone: Spine
[2909.68] Log: USkeletalMeshComponent::GetNxActor() : Could not find bone: Spine3
[2909.70] Log: USkeletalMeshComponent::GetNxActor() : Could not find bone: Pelvis
[2909.70] Log: USkeletalMeshComponent::GetNxActor() : Could not find bone: Spine
[2909.70] Log: USkeletalMeshComponent::GetNxActor() : Could not find bone: Spine3
[2909.72] Log: USkeletalMeshComponent::GetNxActor() : Could not find bone: Pelvis
[2909.72] Log: USkeletalMeshComponent::GetNxActor() : Could not find bone: Spine
[2909.72] Log: USkeletalMeshComponent::GetNxActor() : Could not find bone: Spine3
[2909.73] Log: USkeletalMeshComponent::GetNxActor() : Could not find bone: Pelvis
[2909.73] Log: USkeletalMeshComponent::GetNxActor() : Could not find bone: Spine
[2909.73] Log: USkeletalMeshComponent::GetNxActor() : Could not find bone: Spine3
[2909.75] Log: USkeletalMeshComponent::GetNxActor() : Could not find bone: Pelvis
[2909.75] Log: USkeletalMeshComponent::GetNxActor() : Could not find bone: Spine
[2909.75] Log: USkeletalMeshComponent::GetNxActor() : Could not find bone: Spine3
[2909.77] Log: USkeletalMeshComponent::GetNxActor() : Could not find bone: Pelvis
[2909.77] Log: USkeletalMeshComponent::GetNxActor() : Could not find bone: Spine
[2909.77] Log: USkeletalMeshComponent::GetNxActor() : Could not find bone: Spine3
[2909.78] Log: USkeletalMeshComponent::GetNxActor() : Could not find bone: Pelvis
[2909.78] Log: USkeletalMeshComponent::GetNxActor() : Could not find bone: Spine
[2909.78] Log: USkeletalMeshComponent::GetNxActor() : Could not find bone: Spine3
[2909.80] Log: USkeletalMeshComponent::GetNxActor() : Could not find bone: Pelvis
[2909.80] Log: USkeletalMeshComponent::GetNxActor() : Could not find bone: Spine
[2909.80] Log: USkeletalMeshComponent::GetNxActor() : Could not find bone: Spine3
[2909.82] Log: USkeletalMeshComponent::GetNxActor() : Could not find bone: Pelvis
[2909.82] Log: USkeletalMeshComponent::GetNxActor() : Could not find bone: Spine
[2909.82] Log: USkeletalMeshComponent::GetNxActor() : Could not find bone: Spine3
[2909.83] Log: USkeletalMeshComponent::GetNxActor() : Could not find bone: Pelvis
[2909.83] Log: USkeletalMeshComponent::GetNxActor() : Could not find bone: Spine
[2909.83] Log: USkeletalMeshComponent::GetNxActor() : Could not find bone: Spine3
[2909.85] Log: USkeletalMeshComponent::GetNxActor() : Could not find bone: Pelvis
[2909.85] Log: USkeletalMeshComponent::GetNxActor() : Could not find bone: Spine
[2909.85] Log: USkeletalMeshComponent::GetNxActor() : Could not find bone: Spine3
[2909.88] Log: ToggleVertexInfluences: (CH_Skeleton.Meshes.SK_Skeleton_LOD1) FlushRenderingCommands Took 15.292700 ms
[2909.88] Log: USkeletalMeshComponent::GetNxActor() : Could not find bone: Pelvis
[2909.88] Log: USkeletalMeshComponent::GetNxActor() : Could not find bone: Spine
[2909.88] Log: USkeletalMeshComponent::GetNxActor() : Could not find bone: Spine3
[2909.89] Log: USkeletalMeshComponent::GetNxActor() : Could not find bone: Pelvis
[2909.89] Log: USkeletalMeshComponent::GetNxActor() : Could not find bone: Spine
[2909.89] Log: USkeletalMeshComponent::GetNxActor() : Could not find bone: Spine3
[2909.90] Log: USkeletalMeshComponent::GetNxActor() : Could not find bone: Pelvis
[2909.90] Log: USkeletalMeshComponent::GetNxActor() : Could not find bone: Spine
[2909.90] Log: USkeletalMeshComponent::GetNxActor() : Could not find bone: Spine3
[2909.92] Log: USkeletalMeshComponent::GetNxActor() : Could not find bone: Pelvis
[2909.92] Log: USkeletalMeshComponent::GetNxActor() : Could not find bone: Spine
[2909.92] Log: USkeletalMeshComponent::GetNxActor() : Could not find bone: Spine3
[2909.94] Log: USkeletalMeshComponent::GetNxActor() : Could not find bone: Pelvis
[2909.94] Log: USkeletalMeshComponent::GetNxActor() : Could not find bone: Spine
[2909.94] Log: USkeletalMeshComponent::GetNxActor() : Could not find bone: Spine3
[2909.96] Log: USkeletalMeshComponent::GetNxActor() : Could not find bone: Pelvis
[2909.96] Log: USkeletalMeshComponent::GetNxActor() : Could not find bone: Spine
[2909.96] Log: USkeletalMeshComponent::GetNxActor() : Could not find bone: Spine3
[2909.97] Log: USkeletalMeshComponent::GetNxActor() : Could not find bone: Pelvis
[2909.97] Log: USkeletalMeshComponent::GetNxActor() : Could not find bone: Spine
[2909.97] Log: USkeletalMeshComponent::GetNxActor() : Could not find bone: Spine3
[2909.99] Log: USkeletalMeshComponent::GetNxActor() : Could not find bone: Pelvis
[2909.99] Log: USkeletalMeshComponent::GetNxActor() : Could not find bone: Spine
[2909.99] Log: USkeletalMeshComponent::GetNxActor() : Could not find bone: Spine3
[2910.00] Log: USkeletalMeshComponent::GetNxActor() : Could not find bone: Pelvis
[2910.00] Log: USkeletalMeshComponent::GetNxActor() : Could not find bone: Spine
[2910.00] Log: USkeletalMeshComponent::GetNxActor() : Could not find bone: Spine3
[2910.02] Log: USkeletalMeshComponent::GetNxActor() : Could not find bone: Pelvis
[2910.02] Log: USkeletalMeshComponent::GetNxActor() : Could not find bone: Spine
[2910.02] Log: USkeletalMeshComponent::GetNxActor() : Could not find bone: Spine3
[2910.04] Log: USkeletalMeshComponent::GetNxActor() : Could not find bone: Pelvis
[2910.04] Log: USkeletalMeshComponent::GetNxActor() : Could not find bone: Spine
[2910.04] Log: USkeletalMeshComponent::GetNxActor() : Could not find bone: Spine3
[2910.06] Log: USkeletalMeshComponent::GetNxActor() : Could not find bone: Pelvis
[2910.06] Log: USkeletalMeshComponent::GetNxActor() : Could not find bone: Spine
[2910.06] Log: USkeletalMeshComponent::GetNxActor() : Could not find bone: Spine3
[2910.07] Log: USkeletalMeshComponent::GetNxActor() : Could not find bone: Pelvis
[2910.07] Log: USkeletalMeshComponent::GetNxActor() : Could not find bone: Spine
[2910.07] Log: USkeletalMeshComponent::GetNxActor() : Could not find bone: Spine3
[2910.09] Log: USkeletalMeshComponent::GetNxActor() : Could not find bone: Pelvis
[2910.09] Log: USkeletalMeshComponent::GetNxActor() : Could not find bone: Spine
[2910.09] Log: USkeletalMeshComponent::GetNxActor() : Could not find bone: Spine3
[2910.11] Log: USkeletalMeshComponent::GetNxActor() : Could not find bone: Pelvis
[2910.11] Log: USkeletalMeshComponent::GetNxActor() : Could not find bone: Spine
[2910.11] Log: USkeletalMeshComponent::GetNxActor() : Could not find bone: Spine3
[2910.12] Log: USkeletalMeshComponent::GetNxActor() : Could not find bone: Pelvis
[2910.12] Log: USkeletalMeshComponent::GetNxActor() : Could not find bone: Spine
[2910.12] Log: USkeletalMeshComponent::GetNxActor() : Could not find bone: Spine3
[2910.14] Log: USkeletalMeshComponent::GetNxActor() : Could not find bone: Pelvis
[2910.14] Log: USkeletalMeshComponent::GetNxActor() : Could not find bone: Spine
[2910.14] Log: USkeletalMeshComponent::GetNxActor() : Could not find bone: Spine3
[2910.16] Log: USkeletalMeshComponent::GetNxActor() : Could not find bone: Pelvis
[2910.16] Log: USkeletalMeshComponent::GetNxActor() : Could not find bone: Spine
[2910.16] Log: USkeletalMeshComponent::GetNxActor() : Could not find bone: Spine3
[2910.17] Log: USkeletalMeshComponent::GetNxActor() : Could not find bone: Pelvis
[2910.17] Log: USkeletalMeshComponent::GetNxActor() : Could not find bone: Spine
[2910.17] Log: USkeletalMeshComponent::GetNxActor() : Could not find bone: Spine3
[2910.19] Log: USkeletalMeshComponent::GetNxActor() : Could not find bone: Pelvis
[2910.19] Log: USkeletalMeshComponent::GetNxActor() : Could not find bone: Spine
[2910.19] Log: USkeletalMeshComponent::GetNxActor() : Could not find bone: Spine3
[2910.21] Log: USkeletalMeshComponent::GetNxActor() : Could not find bone: Pelvis
[2910.21] Log: USkeletalMeshComponent::GetNxActor() : Could not find bone: Spine
[2910.21] Log: USkeletalMeshComponent::GetNxActor() : Could not find bone: Spine3
[2910.22] Log: USkeletalMeshComponent::GetNxActor() : Could not find bone: Pelvis
[2910.22] Log: USkeletalMeshComponent::GetNxActor() : Could not find bone: Spine
[2910.22] Log: USkeletalMeshComponent::GetNxActor() : Could not find bone: Spine3
[2910.24] Log: USkeletalMeshComponent::GetNxActor() : Could not find bone: Pelvis
[2910.24] Log: USkeletalMeshComponent::GetNxActor() : Could not find bone: Spine
[2910.24] Log: USkeletalMeshComponent::GetNxActor() : Could not find bone: Spine3
[2910.26] Log: USkeletalMeshComponent::GetNxActor() : Could not find bone: Pelvis
[2910.26] Log: USkeletalMeshComponent::GetNxActor() : Could not find bone: Spine
[2910.26] Log: USkeletalMeshComponent::GetNxActor() : Could not find bone: Spine3
[2910.27] Log: USkeletalMeshComponent::GetNxActor() : Could not find bone: Pelvis
[2910.27] Log: USkeletalMeshComponent::GetNxActor() : Could not find bone: Spine
[2910.27] Log: USkeletalMeshComponent::GetNxActor() : Could not find bone: Spine3
[2910.29] Log: USkeletalMeshComponent::GetNxActor() : Could not find bone: Pelvis
[2910.29] Log: USkeletalMeshComponent::GetNxActor() : Could not find bone: Spine
[2910.29] Log: USkeletalMeshComponent::GetNxActor() : Could not find bone: Spine3
[2910.31] Log: USkeletalMeshComponent::GetNxActor() : Could not find bone: Pelvis
[2910.31] Log: USkeletalMeshComponent::GetNxActor() : Could not find bone: Spine
[2910.31] Log: USkeletalMeshComponent::GetNxActor() : Could not find bone: Spine3
[2910.33] Log: USkeletalMeshComponent::GetNxActor() : Could not find bone: Pelvis
[2910.33] Log: USkeletalMeshComponent::GetNxActor() : Could not find bone: Spine
[2910.33] Log: USkeletalMeshComponent::GetNxActor() : Could not find bone: Spine3
[2910.34] Log: USkeletalMeshComponent::GetNxActor() : Could not find bone: Pelvis
[2910.34] Log: USkeletalMeshComponent::GetNxActor() : Could not find bone: Spine
[2910.34] Log: USkeletalMeshComponent::GetNxActor() : Could not find bone: Spine3
[2910.36] Log: USkeletalMeshComponent::GetNxActor() : Could not find bone: Pelvis
[2910.36] Log: USkeletalMeshComponent::GetNxActor() : Could not find bone: Spine
[2910.36] Log: USkeletalMeshComponent::GetNxActor() : Could not find bone: Spine3
[2910.38] Log: USkeletalMeshComponent::GetNxActor() : Could not find bone: Pelvis
[2910.38] Log: USkeletalMeshComponent::GetNxActor() : Could not find bone: Spine
[2910.38] Log: USkeletalMeshComponent::GetNxActor() : Could not find bone: Spine3
[2910.39] Log: USkeletalMeshComponent::GetNxActor() : Could not find bone: Pelvis
[2910.39] Log: USkeletalMeshComponent::GetNxActor() : Could not find bone: Spine
[2910.39] Log: USkeletalMeshComponent::GetNxActor() : Could not find bone: Spine3
[2910.41] Log: USkeletalMeshComponent::GetNxActor() : Could not find bone: Pelvis
[2910.41] Log: USkeletalMeshComponent::GetNxActor() : Could not find bone: Spine
[2910.41] Log: USkeletalMeshComponent::GetNxActor() : Could not find bone: Spine3
[2910.43] Log: USkeletalMeshComponent::GetNxActor() : Could not find bone: Pelvis
[2910.43] Log: USkeletalMeshComponent::GetNxActor() : Could not find bone: Spine
[2910.43] Log: USkeletalMeshComponent::GetNxActor() : Could not find bone: Spine3
[2910.44] Log: USkeletalMeshComponent::GetNxActor() : Could not find bone: Pelvis
[2910.44] Log: USkeletalMeshComponent::GetNxActor() : Could not find bone: Spine
[2910.44] Log: USkeletalMeshComponent::GetNxActor() : Could not find bone: Spine3
[2910.46] Log: USkeletalMeshComponent::GetNxActor() : Could not find bone: Pelvis
[2910.46] Log: USkeletalMeshComponent::GetNxActor() : Could not find bone: Spine
[2910.46] Log: USkeletalMeshComponent::GetNxActor() : Could not find bone: Spine3
[2910.48] Log: USkeletalMeshComponent::GetNxActor() : Could not find bone: Pelvis
[2910.48] Log: USkeletalMeshComponent::GetNxActor() : Could not find bone: Spine
[2910.48] Log: USkeletalMeshComponent::GetNxActor() : Could not find bone: Spine3
[2910.50] Log: USkeletalMeshComponent::GetNxActor() : Could not find bone: Pelvis
[2910.50] Log: USkeletalMeshComponent::GetNxActor() : Could not find bone: Spine
[2910.50] Log: USkeletalMeshComponent::GetNxActor() : Could not find bone: Spine3
[2910.51] Log: USkeletalMeshComponent::GetNxActor() : Could not find bone: Pelvis
[2910.51] Log: USkeletalMeshComponent::GetNxActor() : Could not find bone: Spine
[2910.51] Log: USkeletalMeshComponent::GetNxActor() : Could not find bone: Spine3
[2910.53] Log: USkeletalMeshComponent::GetNxActor() : Could not find bone: Pelvis
[2910.53] Log: USkeletalMeshComponent::GetNxActor() : Could not find bone: Spine
[2910.53] Log: USkeletalMeshComponent::GetNxActor() : Could not find bone: Spine3
[2910.55] Log: USkeletalMeshComponent::GetNxActor() : Could not find bone: Pelvis
[2910.55] Log: USkeletalMeshComponent::GetNxActor() : Could not find bone: Spine
[2910.55] Log: USkeletalMeshComponent::GetNxActor() : Could not find bone: Spine3
[2910.56] Log: USkeletalMeshComponent::GetNxActor() : Could not find bone: Pelvis
[2910.56] Log: USkeletalMeshComponent::GetNxActor() : Could not find bone: Spine
[2910.56] Log: USkeletalMeshComponent::GetNxActor() : Could not find bone: Spine3
[2910.58] Log: USkeletalMeshComponent::GetNxActor() : Could not find bone: Pelvis
[2910.58] Log: USkeletalMeshComponent::GetNxActor() : Could not find bone: Spine
[2910.58] Log: USkeletalMeshComponent::GetNxActor() : Could not find bone: Spine3
[2910.60] Log: USkeletalMeshComponent::GetNxActor() : Could not find bone: Pelvis
[2910.60] Log: USkeletalMeshComponent::GetNxActor() : Could not find bone: Spine
[2910.60] Log: USkeletalMeshComponent::GetNxActor() : Could not find bone: Spine3
[2910.61] Log: USkeletalMeshComponent::GetNxActor() : Could not find bone: Pelvis
[2910.61] Log: USkeletalMeshComponent::GetNxActor() : Could not find bone: Spine
[2910.61] Log: USkeletalMeshComponent::GetNxActor() : Could not find bone: Spine3
[2910.63] Log: USkeletalMeshComponent::GetNxActor() : Could not find bone: Pelvis
[2910.63] Log: USkeletalMeshComponent::GetNxActor() : Could not find bone: Spine
[2910.63] Log: USkeletalMeshComponent::GetNxActor() : Could not find bone: Spine3
[2910.65] Log: USkeletalMeshComponent::GetNxActor() : Could not find bone: Pelvis
[2910.65] Log: USkeletalMeshComponent::GetNxActor() : Could not find bone: Spine
[2910.65] Log: USkeletalMeshComponent::GetNxActor() : Could not find bone: Spine3
[2910.66] Log: USkeletalMeshComponent::GetNxActor() : Could not find bone: Pelvis
[2910.66] Log: USkeletalMeshComponent::GetNxActor() : Could not find bone: Spine
[2910.66] Log: USkeletalMeshComponent::GetNxActor() : Could not find bone: Spine3
[2910.68] Log: USkeletalMeshComponent::GetNxActor() : Could not find bone: Pelvis
[2910.68] Log: USkeletalMeshComponent::GetNxActor() : Could not find bone: Spine
[2910.68] Log: USkeletalMeshComponent::GetNxActor() : Could not find bone: Spine3
[2910.70] Log: USkeletalMeshComponent::GetNxActor() : Could not find bone: Pelvis
[2910.70] Log: USkeletalMeshComponent::GetNxActor() : Could not find bone: Spine
[2910.70] Log: USkeletalMeshComponent::GetNxActor() : Could not find bone: Spine3
[2910.72] Log: USkeletalMeshComponent::GetNxActor() : Could not find bone: Pelvis
[2910.72] Log: USkeletalMeshComponent::GetNxActor() : Could not find bone: Spine
[2910.72] Log: USkeletalMeshComponent::GetNxActor() : Could not find bone: Spine3
[2910.73] Log: USkeletalMeshComponent::GetNxActor() : Could not find bone: Pelvis
[2910.73] Log: USkeletalMeshComponent::GetNxActor() : Could not find bone: Spine
[2910.73] Log: USkeletalMeshComponent::GetNxActor() : Could not find bone: Spine3
[2910.75] Log: USkeletalMeshComponent::GetNxActor() : Could not find bone: Pelvis
[2910.75] Log: USkeletalMeshComponent::GetNxActor() : Could not find bone: Spine
[2910.75] Log: USkeletalMeshComponent::GetNxActor() : Could not find bone: Spine3
[2910.77] Log: USkeletalMeshComponent::GetNxActor() : Could not find bone: Pelvis
[2910.77] Log: USkeletalMeshComponent::GetNxActor() : Could not find bone: Spine
[2910.77] Log: USkeletalMeshComponent::GetNxActor() : Could not find bone: Spine3
[2910.78] Log: USkeletalMeshComponent::GetNxActor() : Could not find bone: Pelvis
[2910.78] Log: USkeletalMeshComponent::GetNxActor() : Could not find bone: Spine
[2910.78] Log: USkeletalMeshComponent::GetNxActor() : Could not find bone: Spine3
[2910.80] Log: USkeletalMeshComponent::GetNxActor() : Could not find bone: Pelvis
[2910.80] Log: USkeletalMeshComponent::GetNxActor() : Could not find bone: Spine
[2910.80] Log: USkeletalMeshComponent::GetNxActor() : Could not find bone: Spine3
[2910.82] Log: USkeletalMeshComponent::GetNxActor() : Could not find bone: Pelvis
[2910.82] Log: USkeletalMeshComponent::GetNxActor() : Could not find bone: Spine
[2910.82] Log: USkeletalMeshComponent::GetNxActor() : Could not find bone: Spine3
[2910.83] Log: USkeletalMeshComponent::GetNxActor() : Could not find bone: Pelvis
[2910.83] Log: USkeletalMeshComponent::GetNxActor() : Could not find bone: Spine
[2910.83] Log: USkeletalMeshComponent::GetNxActor() : Could not find bone: Spine3
[2910.85] Log: USkeletalMeshComponent::GetNxActor() : Could not find bone: Pelvis
[2910.85] Log: USkeletalMeshComponent::GetNxActor() : Could not find bone: Spine
[2910.85] Log: USkeletalMeshComponent::GetNxActor() : Could not find bone: Spine3
[2910.87] Log: USkeletalMeshComponent::GetNxActor() : Could not find bone: Pelvis
[2910.87] Log: USkeletalMeshComponent::GetNxActor() : Could not find bone: Spine
[2910.87] Log: USkeletalMeshComponent::GetNxActor() : Could not find bone: Spine3
[2910.88] Log: USkeletalMeshComponent::GetNxActor() : Could not find bone: Pelvis
[2910.88] Log: USkeletalMeshComponent::GetNxActor() : Could not find bone: Spine
[2910.88] Log: USkeletalMeshComponent::GetNxActor() : Could not find bone: Spine3
[2910.90] Log: USkeletalMeshComponent::GetNxActor() : Could not find bone: Pelvis
[2910.90] Log: USkeletalMeshComponent::GetNxActor() : Could not find bone: Spine
[2910.90] Log: USkeletalMeshComponent::GetNxActor() : Could not find bone: Spine3
[2910.92] Log: USkeletalMeshComponent::GetNxActor() : Could not find bone: Pelvis
[2910.92] Log: USkeletalMeshComponent::GetNxActor() : Could not find bone: Spine
[2910.92] Log: USkeletalMeshComponent::GetNxActor() : Could not find bone: Spine3
[2910.94] Log: USkeletalMeshComponent::GetNxActor() : Could not find bone: Pelvis
[2910.94] Log: USkeletalMeshComponent::GetNxActor() : Could not find bone: Spine
[2910.94] Log: USkeletalMeshComponent::GetNxActor() : Could not find bone: Spine3
[2910.95] Log: USkeletalMeshComponent::GetNxActor() : Could not find bone: Pelvis
[2910.95] Log: USkeletalMeshComponent::GetNxActor() : Could not find bone: Spine
[2910.95] Log: USkeletalMeshComponent::GetNxActor() : Could not find bone: Spine3
[2910.97] Log: USkeletalMeshComponent::GetNxActor() : Could not find bone: Pelvis
[2910.97] Log: USkeletalMeshComponent::GetNxActor() : Could not find bone: Spine
[2910.97] Log: USkeletalMeshComponent::GetNxActor() : Could not find bone: Spine3
[2910.99] Log: USkeletalMeshComponent::GetNxActor() : Could not find bone: Pelvis
[2910.99] Log: USkeletalMeshComponent::GetNxActor() : Could not find bone: Spine
[2910.99] Log: USkeletalMeshComponent::GetNxActor() : Could not find bone: Spine3
[2911.00] Log: USkeletalMeshComponent::GetNxActor() : Could not find bone: Pelvis
[2911.00] Log: USkeletalMeshComponent::GetNxActor() : Could not find bone: Spine
[2911.00] Log: USkeletalMeshComponent::GetNxActor() : Could not find bone: Spine3
[2911.02] Log: USkeletalMeshComponent::GetNxActor() : Could not find bone: Pelvis
[2911.02] Log: USkeletalMeshComponent::GetNxActor() : Could not find bone: Spine
[2911.02] Log: USkeletalMeshComponent::GetNxActor() : Could not find bone: Spine3
[2911.90] Error: ApplyNewRBState() called for kinematic actor DFDroppedPickup_295
[2911.90] Error: ApplyNewRBState() called for kinematic actor DFDroppedPickup_296
[2911.97] Error: ApplyNewRBState() called for kinematic actor DFDroppedPickup_295
[2911.97] Error: ApplyNewRBState() called for kinematic actor DFDroppedPickup_296
[2912.53] DevOnline: Can't free search results while the search is in progress
[2912.53] DevOnline: Listening for lan beacon requests on 6777
[2914.92] Log: DFPawn_Skeleton_6::UpdateMeleeCollisionChecks ERROR - AnimLinkup->BoneToTrackTable for bone 30 returning INDEX_NONE
[2914.94] Log: DFPawn_Skeleton_6::UpdateMeleeCollisionChecks ERROR - AnimLinkup->BoneToTrackTable for bone 30 returning INDEX_NONE
[2914.95] Log: DFPawn_Skeleton_6::UpdateMeleeCollisionChecks ERROR - AnimLinkup->BoneToTrackTable for bone 30 returning INDEX_NONE
[2914.97] Log: DFPawn_Skeleton_6::UpdateMeleeCollisionChecks ERROR - AnimLinkup->BoneToTrackTable for bone 30 returning INDEX_NONE
[2914.99] Log: DFPawn_Skeleton_6::UpdateMeleeCollisionChecks ERROR - AnimLinkup->BoneToTrackTable for bone 30 returning INDEX_NONE
[2915.00] Log: DFPawn_Skeleton_6::UpdateMeleeCollisionChecks ERROR - AnimLinkup->BoneToTrackTable for bone 30 returning INDEX_NONE
[2915.02] Log: DFPawn_Skeleton_6::UpdateMeleeCollisionChecks ERROR - AnimLinkup->BoneToTrackTable for bone 30 returning INDEX_NONE
[2915.04] Log: DFPawn_Skeleton_6::UpdateMeleeCollisionChecks ERROR - AnimLinkup->BoneToTrackTable for bone 30 returning INDEX_NONE
[2915.05] Log: DFPawn_Skeleton_6::UpdateMeleeCollisionChecks ERROR - AnimLinkup->BoneToTrackTable for bone 30 returning INDEX_NONE
[2915.07] Log: DFPawn_Skeleton_6::UpdateMeleeCollisionChecks ERROR - AnimLinkup->BoneToTrackTable for bone 30 returning INDEX_NONE
[2915.10] Log: ToggleVertexInfluences: (CH_Skeleton.Meshes.SK_Skeleton_LOD1) FlushRenderingCommands Took 15.139002 ms
[2916.55] DevOnline: Listening for lan beacon requests on 6777
[2917.12] Error: ApplyNewRBState() called for kinematic actor DFDroppedPickup_297
[2917.12] Error: ApplyNewRBState() called for kinematic actor DFDroppedPickup_299
[2917.19] Error: ApplyNewRBState() called for kinematic actor DFDroppedPickup_297
[2917.19] Error: ApplyNewRBState() called for kinematic actor DFDroppedPickup_299
[2921.56] DevOnline: Listening for lan beacon requests on 6777
[2923.07] Error: ApplyNewRBState() called for kinematic actor DFDroppedPickup_300
[2923.14] Error: ApplyNewRBState() called for kinematic actor DFDroppedPickup_300
[2924.75] ScriptWarning: Accessed None 'CurrentWeaponAttachment'
	DFWeaponAttachment_Melee UGC-Persistent.TheWorld:PersistentLevel.DFWeaponAttachment_Melee_105
	Function DFGame.DFWeaponAttachment:Cleanup:0152
[2925.14] MP_Weapons_Native: SetAttackSkillObjectByName() failed, due to not having a prev. ASO - DFWeaponAttachment_Ranged_Spell_95
[2925.26] MP_Weapons_Native: SetAttackSkillObjectByName() failed, due to not having a prev. ASO - DFWeaponAttachment_Melee_109
[2925.31] Log: Skills: Adding skill to cache... Melee Attack
[2925.31] MP_Weapons_Native: SetAttackSkillObjectByName() failed, due to not having a prev. ASO - DFWeaponAttachment_Melee_110
[2925.38] MP_Weapons_Native: SetAttackSkillObjectByName() failed, due to not having a prev. ASO - DFWeaponAttachment_Melee_111
[2925.58] DevOnline: Listening for lan beacon requests on 6777
[2927.04] Log: Could not find FMC creator for PSC UGC-Persistent.TheWorld:PersistentLevel.DFPawn_Hero_Female_1.inXileParticleSystemComponent_7502 completion callback, message None
[2927.19] MP_Weapons_Native: SetAttackSkillObjectByName() failed, due to not having a prev. ASO - DFWeaponAttachment_Melee_112
[2928.46] Log: Skills: Adding skill to cache... 
[2929.17] Log: Could not find FMC creator for PSC UGC-Persistent.TheWorld:PersistentLevel.DFPawn_Hero_Female_1.inXileParticleSystemComponent_7503 completion callback, message None
[2929.27] MP_Weapons_Native: SetAttackSkillObjectByName() failed, due to not having a prev. ASO - DFWeaponAttachment_Melee_113
[2930.58] DevOnline: Listening for lan beacon requests on 6777
[2932.83] ScriptWarning: Accessed None 'CurrentWeaponAttachment'
	DFWeaponAttachment_Ranged_Spell UGC-Persistent.TheWorld:PersistentLevel.DFWeaponAttachment_Ranged_Spell_95
	Function DFGame.DFWeaponAttachment:Cleanup:0152
[2933.09] MP_Weapons_Native: SetAttackSkillObjectByName() failed, due to not having a prev. ASO - DFWeaponAttachment_Melee_114
[2934.60] DevOnline: Listening for lan beacon requests on 6777
[2935.58] Error: ApplyNewRBState() called for kinematic actor DFDroppedPickup_301
[2935.65] Error: ApplyNewRBState() called for kinematic actor DFDroppedPickup_301
[2935.78] Log: ToggleVertexInfluences: (CH_Skeleton.Meshes.SK_Skeleton_LOD1) FlushRenderingCommands Took 14.469597 ms
[2937.90] Log: DFPawn_Skeleton_8::UpdateMeleeCollisionChecks ERROR - AnimLinkup->BoneToTrackTable for bone 30 returning INDEX_NONE
[2937.92] Log: DFPawn_Skeleton_8::UpdateMeleeCollisionChecks ERROR - AnimLinkup->BoneToTrackTable for bone 30 returning INDEX_NONE
[2937.93] Log: DFPawn_Skeleton_8::UpdateMeleeCollisionChecks ERROR - AnimLinkup->BoneToTrackTable for bone 30 returning INDEX_NONE
[2937.95] Log: DFPawn_Skeleton_8::UpdateMeleeCollisionChecks ERROR - AnimLinkup->BoneToTrackTable for bone 30 returning INDEX_NONE
[2937.97] Log: DFPawn_Skeleton_8::UpdateMeleeCollisionChecks ERROR - AnimLinkup->BoneToTrackTable for bone 30 returning INDEX_NONE
[2937.99] Log: DFPawn_Skeleton_8::UpdateMeleeCollisionChecks ERROR - AnimLinkup->BoneToTrackTable for bone 30 returning INDEX_NONE
[2938.00] Log: DFPawn_Skeleton_8::UpdateMeleeCollisionChecks ERROR - AnimLinkup->BoneToTrackTable for bone 30 returning INDEX_NONE
[2938.02] Log: DFPawn_Skeleton_8::UpdateMeleeCollisionChecks ERROR - AnimLinkup->BoneToTrackTable for bone 30 returning INDEX_NONE
[2938.04] Log: DFPawn_Skeleton_8::UpdateMeleeCollisionChecks ERROR - AnimLinkup->BoneToTrackTable for bone 30 returning INDEX_NONE
[2938.05] Log: DFPawn_Skeleton_8::UpdateMeleeCollisionChecks ERROR - AnimLinkup->BoneToTrackTable for bone 30 returning INDEX_NONE
[2938.12] Log: ToggleVertexInfluences: (CH_Skeleton.Meshes.SK_Skeleton_LOD1) FlushRenderingCommands Took 14.457799 ms
[2939.59] DevOnline: Listening for lan beacon requests on 6777
[2940.10] Error: ApplyNewRBState() called for kinematic actor DFDroppedPickup_306
[2940.10] Error: ApplyNewRBState() called for kinematic actor DFDroppedPickup_307
[2940.10] Error: ApplyNewRBState() called for kinematic actor DFDroppedPickup_308
[2940.17] Error: ApplyNewRBState() called for kinematic actor DFDroppedPickup_306
[2940.17] Error: ApplyNewRBState() called for kinematic actor DFDroppedPickup_307
[2940.17] Error: ApplyNewRBState() called for kinematic actor DFDroppedPickup_308
[2942.31] Log: ToggleVertexInfluences: (CH_Skeleton.Meshes.SK_Skeleton_LOD1) FlushRenderingCommands Took 12.036499 ms
[2943.59] DevOnline: Listening for lan beacon requests on 6777
[2943.61] Log: Skills: Adding skill to cache... Melee Attack
[2943.63] Log: Skills: Adding skill to cache... Melee Attack
[2944.29] Log: Could not find FMC creator for PSC UGC-Persistent.TheWorld:PersistentLevel.DFWeaponAttachment_Melee_98.inXileParticleSystemComponent_7247 completion callback, message None
[2944.32] Error: ApplyNewRBState() called for kinematic actor DFDroppedPickup_309
[2944.32] Error: ApplyNewRBState() called for kinematic actor DFDroppedPickup_310
[2944.32] Error: ApplyNewRBState() called for kinematic actor DFDroppedPickup_311
[2944.37] Log: Skills: Adding skill to cache... Melee Attack
[2944.39] Error: ApplyNewRBState() called for kinematic actor DFDroppedPickup_309
[2944.39] Error: ApplyNewRBState() called for kinematic actor DFDroppedPickup_310
[2944.39] Error: ApplyNewRBState() called for kinematic actor DFDroppedPickup_311
[2945.81] Log: DFPawn_Skeleton_9::UpdateMeleeCollisionChecks ERROR - AnimLinkup->BoneToTrackTable for bone 30 returning INDEX_NONE
[2945.83] Log: DFPawn_Skeleton_9::UpdateMeleeCollisionChecks ERROR - AnimLinkup->BoneToTrackTable for bone 30 returning INDEX_NONE
[2945.85] Log: DFPawn_Skeleton_9::UpdateMeleeCollisionChecks ERROR - AnimLinkup->BoneToTrackTable for bone 30 returning INDEX_NONE
[2945.87] Log: DFPawn_Skeleton_9::UpdateMeleeCollisionChecks ERROR - AnimLinkup->BoneToTrackTable for bone 30 returning INDEX_NONE
[2945.88] Log: DFPawn_Skeleton_9::UpdateMeleeCollisionChecks ERROR - AnimLinkup->BoneToTrackTable for bone 30 returning INDEX_NONE
[2945.90] Log: DFPawn_Skeleton_9::UpdateMeleeCollisionChecks ERROR - AnimLinkup->BoneToTrackTable for bone 30 returning INDEX_NONE
[2945.92] Log: DFPawn_Skeleton_9::UpdateMeleeCollisionChecks ERROR - AnimLinkup->BoneToTrackTable for bone 30 returning INDEX_NONE
[2945.93] Log: DFPawn_Skeleton_9::UpdateMeleeCollisionChecks ERROR - AnimLinkup->BoneToTrackTable for bone 30 returning INDEX_NONE
[2945.95] Log: DFPawn_Skeleton_9::UpdateMeleeCollisionChecks ERROR - AnimLinkup->BoneToTrackTable for bone 30 returning INDEX_NONE
[2945.97] Log: DFPawn_Skeleton_9::UpdateMeleeCollisionChecks ERROR - AnimLinkup->BoneToTrackTable for bone 30 returning INDEX_NONE
[2945.98] Log: DFPawn_Skeleton_9::UpdateMeleeCollisionChecks ERROR - AnimLinkup->BoneToTrackTable for bone 30 returning INDEX_NONE
[2946.00] Log: DFPawn_Skeleton_9::UpdateMeleeCollisionChecks ERROR - AnimLinkup->BoneToTrackTable for bone 30 returning INDEX_NONE
[2946.02] Log: DFPawn_Skeleton_9::UpdateMeleeCollisionChecks ERROR - AnimLinkup->BoneToTrackTable for bone 30 returning INDEX_NONE
[2946.03] Log: DFPawn_Skeleton_9::UpdateMeleeCollisionChecks ERROR - AnimLinkup->BoneToTrackTable for bone 30 returning INDEX_NONE
[2946.05] Log: DFPawn_Skeleton_9::UpdateMeleeCollisionChecks ERROR - AnimLinkup->BoneToTrackTable for bone 30 returning INDEX_NONE
[2946.07] Log: DFPawn_Skeleton_9::UpdateMeleeCollisionChecks ERROR - AnimLinkup->BoneToTrackTable for bone 30 returning INDEX_NONE
[2946.09] Log: DFPawn_Skeleton_9::UpdateMeleeCollisionChecks ERROR - AnimLinkup->BoneToTrackTable for bone 30 returning INDEX_NONE
[2946.10] Log: DFPawn_Skeleton_9::UpdateMeleeCollisionChecks ERROR - AnimLinkup->BoneToTrackTable for bone 30 returning INDEX_NONE
[2946.12] Log: DFPawn_Skeleton_9::UpdateMeleeCollisionChecks ERROR - AnimLinkup->BoneToTrackTable for bone 30 returning INDEX_NONE
[2946.14] Log: DFPawn_Skeleton_9::UpdateMeleeCollisionChecks ERROR - AnimLinkup->BoneToTrackTable for bone 30 returning INDEX_NONE
[2946.15] Log: DFPawn_Skeleton_9::UpdateMeleeCollisionChecks ERROR - AnimLinkup->BoneToTrackTable for bone 30 returning INDEX_NONE
[2946.17] Log: DFPawn_Skeleton_9::UpdateMeleeCollisionChecks ERROR - AnimLinkup->BoneToTrackTable for bone 30 returning INDEX_NONE
[2946.19] Log: DFPawn_Skeleton_9::UpdateMeleeCollisionChecks ERROR - AnimLinkup->BoneToTrackTable for bone 30 returning INDEX_NONE
[2946.20] Log: DFPawn_Skeleton_9::UpdateMeleeCollisionChecks ERROR - AnimLinkup->BoneToTrackTable for bone 30 returning INDEX_NONE
[2947.54] Log: Skills: Adding skill to cache... Melee Attack
[2948.19] ScriptLog: Script call stack:
	Function DFGame.DFSpecialMove_BlockSucceed:StartSpecialMove
	Function inXileEngine.inXileEmitterPool:SpawnEmitter
	Function Engine.EmitterPool:SpawnEmitter

[2948.59] DevOnline: Listening for lan beacon requests on 6777
[2949.54] ScriptLog: Script call stack:
	Function DFGame.DFSpecialMove_BlockSucceed:StartSpecialMove
	Function inXileEngine.inXileEmitterPool:SpawnEmitter
	Function Engine.EmitterPool:SpawnEmitter

[2950.04] ScriptLog: Script call stack:
	Function DFGame.DFSpecialMove_BlockSucceed:StartSpecialMove
	Function inXileEngine.inXileEmitterPool:SpawnEmitter
	Function Engine.EmitterPool:SpawnEmitter

[2951.07] Log: ToggleVertexInfluences: (CH_Skeleton.Meshes.SK_Skeleton_LOD1) FlushRenderingCommands Took 14.929503 ms
[2952.61] DevOnline: Listening for lan beacon requests on 6777
[2953.09] Error: ApplyNewRBState() called for kinematic actor DFDroppedPickup_312
[2953.09] Error: ApplyNewRBState() called for kinematic actor DFDroppedPickup_313
[2953.09] Error: ApplyNewRBState() called for kinematic actor DFDroppedPickup_Shield_32
[2953.09] Error: ApplyNewRBState() called for kinematic actor DFDroppedPickup_314
[2953.15] Error: ApplyNewRBState() called for kinematic actor DFDroppedPickup_312
[2953.15] Error: ApplyNewRBState() called for kinematic actor DFDroppedPickup_313
[2953.15] Error: ApplyNewRBState() called for kinematic actor DFDroppedPickup_Shield_32
[2953.15] Error: ApplyNewRBState() called for kinematic actor DFDroppedPickup_314
[2957.05] ScriptWarning: Accessed None 'CurrentWeaponAttachment'
	DFWeaponAttachment_Melee UGC-Persistent.TheWorld:PersistentLevel.DFWeaponAttachment_Melee_114
	Function DFGame.DFWeaponAttachment:Cleanup:0152
[2957.42] MP_Weapons_Native: SetAttackSkillObjectByName() failed, due to not having a prev. ASO - DFWeaponAttachment_Ranged_Spell_96
[2957.63] DevOnline: Listening for lan beacon requests on 6777
[2960.08] Log: Could not find FMC creator for PSC UGC-Persistent.TheWorld:PersistentLevel.DFPawn_Hero_Female_1.inXileParticleSystemComponent_7574 completion callback, message None
[2961.24] MP_Weapons_Native: SetAttackSkillObjectByName() failed, due to not having a prev. ASO - DFWeaponAttachment_Melee_115
[2961.25] Log: Skills: Adding skill to cache... Melee Attack
[2961.25] MP_Weapons_Native: SetAttackSkillObjectByName() failed, due to not having a prev. ASO - DFWeaponAttachment_Melee_116
[2961.32] MP_Weapons_Native: SetAttackSkillObjectByName() failed, due to not having a prev. ASO - DFWeaponAttachment_Melee_117
[2961.44] Warning: DFNodeTurnInPlace_Player_478 - Failed, with animsequence 'inj_TurnR90' on SkeletalMeshComponent: 'inXileForgedMeshComponent_2145' whose owner is: 'DFPawn_SpiderCharger_3' and is of type 'ForgedMeshComponent'
[2961.64] DevOnline: Listening for lan beacon requests on 6777
[2962.19] Log: Could not find FMC creator for PSC UGC-Persistent.TheWorld:PersistentLevel.DFPawn_Hero_Female_1.inXileParticleSystemComponent_7575 completion callback, message None
[2963.15] MP_Weapons_Native: SetAttackSkillObjectByName() failed, due to not having a prev. ASO - DFWeaponAttachment_Melee_118
[2963.34] Warning: DFNodeTurnInPlace_Player_478 - Failed, with animsequence 'inj_TurnR45' on SkeletalMeshComponent: 'inXileForgedMeshComponent_2145' whose owner is: 'DFPawn_SpiderCharger_3' and is of type 'ForgedMeshComponent'
[2964.29] Warning: DFNodeTurnInPlace_Player_478 - Failed, with animsequence 'inj_TurnR45' on SkeletalMeshComponent: 'inXileForgedMeshComponent_2145' whose owner is: 'DFPawn_SpiderCharger_3' and is of type 'ForgedMeshComponent'
[2964.31] Warning: DFNodeTurnInPlace_Player_478 - Failed, with animsequence 'inj_TurnR45' on SkeletalMeshComponent: 'inXileForgedMeshComponent_2145' whose owner is: 'DFPawn_SpiderCharger_3' and is of type 'ForgedMeshComponent'
[2964.31] Warning: DFNodeTurnInPlace_Player_478 - Failed, with animsequence 'inj_TurnR45' on SkeletalMeshComponent: 'inXileForgedMeshComponent_2145' whose owner is: 'DFPawn_SpiderCharger_3' and is of type 'ForgedMeshComponent'
[2965.36] Warning: DFNodeTurnInPlace_Player_478 - Failed, with animsequence 'inj_TurnR45' on SkeletalMeshComponent: 'inXileForgedMeshComponent_2145' whose owner is: 'DFPawn_SpiderCharger_3' and is of type 'ForgedMeshComponent'
[2966.54] Warning: DFNodeTurnInPlace_Player_478 - Failed, with animsequence 'inj_TurnR45' on SkeletalMeshComponent: 'inXileForgedMeshComponent_2145' whose owner is: 'DFPawn_SpiderCharger_3' and is of type 'ForgedMeshComponent'
[2966.54] Log: Skills: Adding skill to cache... Melee Attack
[2966.65] DevOnline: Listening for lan beacon requests on 6777
[2967.15] Warning: DFNodeTurnInPlace_Player_478 - Failed, with animsequence 'inj_TurnL180' on SkeletalMeshComponent: 'inXileForgedMeshComponent_2145' whose owner is: 'DFPawn_SpiderCharger_3' and is of type 'ForgedMeshComponent'
[2967.51] ScriptWarning: Accessed None 'CurrentWeaponAttachment'
	DFWeaponAttachment_Ranged_Spell UGC-Persistent.TheWorld:PersistentLevel.DFWeaponAttachment_Ranged_Spell_96
	Function DFGame.DFWeaponAttachment:Cleanup:0152
[2967.80] MP_Weapons_Native: SetAttackSkillObjectByName() failed, due to not having a prev. ASO - DFWeaponAttachment_Melee_119
[2970.10] Log: Skills: Adding skill to cache... Melee Attack
[2970.12] Log: Skills: Adding skill to cache... Melee Attack
[2970.27] Error: ApplyNewRBState() called for kinematic actor DFDroppedPickup_315
[2970.32] MP_Weapons_Native: SetAttackSkillObjectByName() failed, due to not having a prev. ASO - DFWeaponAttachment_Melee_120
[2970.34] Error: ApplyNewRBState() called for kinematic actor DFDroppedPickup_315
[2970.66] DevOnline: Listening for lan beacon requests on 6777
[2971.09] Error: ApplyNewRBState() called for kinematic actor DFDroppedPickup_316
[2971.16] Error: ApplyNewRBState() called for kinematic actor DFDroppedPickup_316
[2971.43] Warning: DFNodeTurnInPlace_Player_486 - Failed, with animsequence 'inj_TurnR45' on SkeletalMeshComponent: 'inXileForgedMeshComponent_2152' whose owner is: 'DFPawn_SpiderCharger_4' and is of type 'ForgedMeshComponent'
[2972.66] ScriptWarning: Accessed None 'RunSound'
	DFSpecialMove_RoadieRun UGC-Persistent.TheWorld:PersistentLevel.DFSpecialMove_RoadieRun_35
	Function DFGame.DFSpecialMove_RoadieRun:StartSpecialMove:04EF
[2972.68] ScriptWarning: Accessed None 'RunSound'
	DFSpecialMove_RoadieRun UGC-Persistent.TheWorld:PersistentLevel.DFSpecialMove_RoadieRun_35
	Function DFGame.DFSpecialMove_RoadieRun:StopSpecialMove:0174
[2973.58] Error: ApplyNewRBState() called for kinematic actor DFDroppedPickup_318
[2973.58] Error: ApplyNewRBState() called for kinematic actor DFDroppedPickup_319
[2973.64] Error: ApplyNewRBState() called for kinematic actor DFDroppedPickup_319
[2973.71] Error: ApplyNewRBState() called for kinematic actor DFDroppedPickup_318
[2975.68] DevOnline: Listening for lan beacon requests on 6777
[2976.65] Error: ApplyNewRBState() called for kinematic actor DFDroppedPickup_320
[2976.70] MP_Weapons_Native: SetAttackSkillObjectByName() failed, due to not having a prev. ASO - DFWeaponAttachment_Melee_121
[2976.71] Error: ApplyNewRBState() called for kinematic actor DFDroppedPickup_320
[2976.71] Error: ApplyNewRBState() called for kinematic actor DFDroppedPickup_322
[2977.24] Log: Could not find FMC creator for PSC UGC-Persistent.TheWorld:PersistentLevel.DFWeaponAttachment_Melee_98.inXileParticleSystemComponent_7247 completion callback, message None
[2978.10] Error: ApplyNewRBState() called for kinematic actor DFDroppedPickup_323
[2978.15] MP_Weapons_Native: SetAttackSkillObjectByName() failed, due to not having a prev. ASO - DFWeaponAttachment_Melee_122
[2978.17] Error: ApplyNewRBState() called for kinematic actor DFDroppedPickup_323
[2978.24] Warning: DFNodeTurnInPlace_Player_494 - Failed, with animsequence 'inj_TurnL45' on SkeletalMeshComponent: 'inXileForgedMeshComponent_2161' whose owner is: 'DFPawn_SpiderCharger_5' and is of type 'ForgedMeshComponent'
[2979.70] DevOnline: Listening for lan beacon requests on 6777
[2979.72] Warning: DFNodeTurnInPlace_Player_494 - Failed, with animsequence 'inj_TurnR45' on SkeletalMeshComponent: 'inXileForgedMeshComponent_2161' whose owner is: 'DFPawn_SpiderCharger_5' and is of type 'ForgedMeshComponent'
[2981.49] Error: ApplyNewRBState() called for kinematic actor DFDroppedPickup_324
[2981.49] Error: ApplyNewRBState() called for kinematic actor DFDroppedPickup_325
[2981.56] Error: ApplyNewRBState() called for kinematic actor DFDroppedPickup_324
[2981.56] Error: ApplyNewRBState() called for kinematic actor DFDroppedPickup_325
[2982.56] Warning: DFNodeTurnInPlace_Player_494 - Failed, with animsequence 'inj_TurnL90' on SkeletalMeshComponent: 'inXileForgedMeshComponent_2161' whose owner is: 'DFPawn_SpiderCharger_5' and is of type 'ForgedMeshComponent'
[2984.71] DevOnline: Listening for lan beacon requests on 6777
[2984.78] Error: ApplyNewRBState() called for kinematic actor DFDroppedPickup_327
[2984.85] Error: ApplyNewRBState() called for kinematic actor DFDroppedPickup_327
[2985.97] Error: ApplyNewRBState() called for kinematic actor DFDroppedPickup_328
[2986.03] Error: ApplyNewRBState() called for kinematic actor DFDroppedPickup_328
[2987.54] Log: DFPawn_Nid_71::UpdateMeleeCollisionChecks ERROR - AnimLinkup->BoneToTrackTable for bone 58 returning INDEX_NONE
[2987.56] Log: DFPawn_Nid_71::UpdateMeleeCollisionChecks ERROR - AnimLinkup->BoneToTrackTable for bone 58 returning INDEX_NONE
[2987.58] Log: DFPawn_Nid_71::UpdateMeleeCollisionChecks ERROR - AnimLinkup->BoneToTrackTable for bone 58 returning INDEX_NONE
[2987.59] Log: DFPawn_Nid_71::UpdateMeleeCollisionChecks ERROR - AnimLinkup->BoneToTrackTable for bone 58 returning INDEX_NONE
[2987.61] Log: DFPawn_Nid_71::UpdateMeleeCollisionChecks ERROR - AnimLinkup->BoneToTrackTable for bone 58 returning INDEX_NONE
[2987.63] Log: DFPawn_Nid_71::UpdateMeleeCollisionChecks ERROR - AnimLinkup->BoneToTrackTable for bone 58 returning INDEX_NONE
[2987.64] Log: DFPawn_Nid_71::UpdateMeleeCollisionChecks ERROR - AnimLinkup->BoneToTrackTable for bone 58 returning INDEX_NONE
[2987.66] Log: DFPawn_Nid_71::UpdateMeleeCollisionChecks ERROR - AnimLinkup->BoneToTrackTable for bone 58 returning INDEX_NONE
[2987.68] Log: DFPawn_Nid_71::UpdateMeleeCollisionChecks ERROR - AnimLinkup->BoneToTrackTable for bone 58 returning INDEX_NONE
[2987.69] Log: DFPawn_Nid_71::UpdateMeleeCollisionChecks ERROR - AnimLinkup->BoneToTrackTable for bone 58 returning INDEX_NONE
[2987.71] Log: DFPawn_Nid_71::UpdateMeleeCollisionChecks ERROR - AnimLinkup->BoneToTrackTable for bone 58 returning INDEX_NONE
[2988.05] Log: DFPawn_Nid_71::UpdateMeleeCollisionChecks ERROR - AnimLinkup->BoneToTrackTable for bone 58 returning INDEX_NONE
[2988.07] Log: DFPawn_Nid_71::UpdateMeleeCollisionChecks ERROR - AnimLinkup->BoneToTrackTable for bone 58 returning INDEX_NONE
[2988.08] Log: DFPawn_Nid_71::UpdateMeleeCollisionChecks ERROR - AnimLinkup->BoneToTrackTable for bone 58 returning INDEX_NONE
[2988.10] Log: DFPawn_Nid_71::UpdateMeleeCollisionChecks ERROR - AnimLinkup->BoneToTrackTable for bone 58 returning INDEX_NONE
[2988.12] Log: DFPawn_Nid_71::UpdateMeleeCollisionChecks ERROR - AnimLinkup->BoneToTrackTable for bone 58 returning INDEX_NONE
[2988.14] Log: DFPawn_Nid_71::UpdateMeleeCollisionChecks ERROR - AnimLinkup->BoneToTrackTable for bone 58 returning INDEX_NONE
[2988.15] Log: DFPawn_Nid_71::UpdateMeleeCollisionChecks ERROR - AnimLinkup->BoneToTrackTable for bone 58 returning INDEX_NONE
[2988.17] Log: DFPawn_Nid_71::UpdateMeleeCollisionChecks ERROR - AnimLinkup->BoneToTrackTable for bone 58 returning INDEX_NONE
[2988.19] Log: DFPawn_Nid_71::UpdateMeleeCollisionChecks ERROR - AnimLinkup->BoneToTrackTable for bone 58 returning INDEX_NONE
[2988.20] Log: DFPawn_Nid_71::UpdateMeleeCollisionChecks ERROR - AnimLinkup->BoneToTrackTable for bone 58 returning INDEX_NONE
[2988.22] Log: DFPawn_Nid_71::UpdateMeleeCollisionChecks ERROR - AnimLinkup->BoneToTrackTable for bone 58 returning INDEX_NONE
[2988.24] Log: DFPawn_Nid_71::UpdateMeleeCollisionChecks ERROR - AnimLinkup->BoneToTrackTable for bone 58 returning INDEX_NONE
[2988.25] Log: DFPawn_Nid_71::UpdateMeleeCollisionChecks ERROR - AnimLinkup->BoneToTrackTable for bone 58 returning INDEX_NONE
[2988.27] Log: DFPawn_Nid_71::UpdateMeleeCollisionChecks ERROR - AnimLinkup->BoneToTrackTable for bone 58 returning INDEX_NONE
[2988.29] Log: DFPawn_Nid_71::UpdateMeleeCollisionChecks ERROR - AnimLinkup->BoneToTrackTable for bone 58 returning INDEX_NONE
[2988.31] Log: DFPawn_Nid_71::UpdateMeleeCollisionChecks ERROR - AnimLinkup->BoneToTrackTable for bone 58 returning INDEX_NONE
[2988.32] Log: DFPawn_Nid_71::UpdateMeleeCollisionChecks ERROR - AnimLinkup->BoneToTrackTable for bone 58 returning INDEX_NONE
[2988.34] Log: DFPawn_Nid_71::UpdateMeleeCollisionChecks ERROR - AnimLinkup->BoneToTrackTable for bone 58 returning INDEX_NONE
[2988.68] Error: ApplyNewRBState() called for kinematic actor DFDroppedPickup_329
[2988.71] DevOnline: Listening for lan beacon requests on 6777
[2988.75] Error: ApplyNewRBState() called for kinematic actor DFDroppedPickup_329
[2990.39] Error: ApplyNewRBState() called for kinematic actor DFDroppedPickup_330
[2990.39] Error: ApplyNewRBState() called for kinematic actor DFDroppedPickup_331
[2990.39] Error: ApplyNewRBState() called for kinematic actor DFDroppedPickup_332
[2990.46] Error: ApplyNewRBState() called for kinematic actor DFDroppedPickup_330
[2990.46] Error: ApplyNewRBState() called for kinematic actor DFDroppedPickup_331
[2990.46] Error: ApplyNewRBState() called for kinematic actor DFDroppedPickup_332
[2991.36] Log: ADFDialogManager::PlayConversationFromScript, Conversation not found: conv_ElaraWin
[2993.71] DevOnline: Listening for lan beacon requests on 6777
[2997.73] DevOnline: Listening for lan beacon requests on 6777
[3002.75] DevOnline: Listening for lan beacon requests on 6777
[3006.76] DevOnline: Listening for lan beacon requests on 6777
[3011.78] DevOnline: Listening for lan beacon requests on 6777
[3014.57] ScriptWarning: Accessed None 'RunSound'
	DFSpecialMove_RoadieRun UGC-Persistent.TheWorld:PersistentLevel.DFSpecialMove_RoadieRun_35
	Function DFGame.DFSpecialMove_RoadieRun:StartSpecialMove:04EF
[3015.78] DevOnline: Listening for lan beacon requests on 6777
[3020.79] DevOnline: Listening for lan beacon requests on 6777
[3021.17] ScriptWarning: Accessed None 'RunSound'
	DFSpecialMove_RoadieRun UGC-Persistent.TheWorld:PersistentLevel.DFSpecialMove_RoadieRun_35
	Function DFGame.DFSpecialMove_RoadieRun:StopSpecialMove:0174
[3024.32] Error: ApplyNewRBState() called for kinematic actor DFDroppedPickup_334
[3024.81] DevOnline: Listening for lan beacon requests on 6777
[3024.83] ScriptWarning: Accessed None 'RunSound'
	DFSpecialMove_RoadieRun UGC-Persistent.TheWorld:PersistentLevel.DFSpecialMove_RoadieRun_35
	Function DFGame.DFSpecialMove_RoadieRun:StartSpecialMove:04EF
[3025.96] ScriptWarning: Accessed None 'RunSound'
	DFSpecialMove_RoadieRun UGC-Persistent.TheWorld:PersistentLevel.DFSpecialMove_RoadieRun_35
	Function DFGame.DFSpecialMove_RoadieRun:StopSpecialMove:0174
[3028.34] Error: ApplyNewRBState() called for kinematic actor DFDroppedPickup_335
[3028.40] Error: ApplyNewRBState() called for kinematic actor DFDroppedPickup_335
[3029.81] DevOnline: Listening for lan beacon requests on 6777
[3033.83] DevOnline: Listening for lan beacon requests on 6777
[3035.19] ScriptWarning: Accessed None 'RunSound'
	DFSpecialMove_RoadieRun UGC-Persistent.TheWorld:PersistentLevel.DFSpecialMove_RoadieRun_35
	Function DFGame.DFSpecialMove_RoadieRun:StartSpecialMove:04EF
[3038.84] DevOnline: Listening for lan beacon requests on 6777
[3042.86] DevOnline: Listening for lan beacon requests on 6777
[3044.71] ScriptWarning: Accessed None 'RunSound'
	DFSpecialMove_RoadieRun UGC-Persistent.TheWorld:PersistentLevel.DFSpecialMove_RoadieRun_35
	Function DFGame.DFSpecialMove_RoadieRun:StopSpecialMove:0174
[3047.88] DevOnline: Listening for lan beacon requests on 6777
[3051.89] DevOnline: Listening for lan beacon requests on 6777
[3054.79] ScriptWarning: Accessed None 'RunSound'
	DFSpecialMove_RoadieRun UGC-Persistent.TheWorld:PersistentLevel.DFSpecialMove_RoadieRun_35
	Function DFGame.DFSpecialMove_RoadieRun:StartSpecialMove:04EF
[3056.90] DevOnline: Listening for lan beacon requests on 6777
[3057.05] Log: APPLY TRANSFORM LEVEL from UpdateSTreamingLevels():
[3057.05] Log: APPLY TRANSFORM ROOM #3, rot.pitch=0, rot.yaw=16384, rot.roll=0;  Offset=14683.449219,4507.195313,-21412.968750
[3057.05] Log: APPLY TRANSFORM ROOM: UGCDungeonLayoutValues.LevelIndexCurr = 3
[3057.05] Log:  LevelData[3] setting bOffsetsApplied to TRUE
[3057.05] Log:  Flagging Level[3] to be Not Visible
[3057.05] Log:  Flagging Level[3] to be Visible
[3058.15] Log: Could not find FMC creator for PSC 000_Hallway1.TheWorld:PersistentLevel.DFPickupFactoryAlchemyObject_ShardContent_0.inXileParticleSystemComponent_7387 completion callback, message None
[3058.81] ScriptWarning: Accessed None 'RunSound'
	DFSpecialMove_RoadieRun UGC-Persistent.TheWorld:PersistentLevel.DFSpecialMove_RoadieRun_35
	Function DFGame.DFSpecialMove_RoadieRun:StopSpecialMove:0174
[3060.91] DevOnline: Listening for lan beacon requests on 6777
[3065.93] DevOnline: Listening for lan beacon requests on 6777
[3065.99] Log: Changing subtitle setting, new value: 0
[3066.11] Warning: Warning, Failed to load 'SwfMovie ?INT?GFxUI.IME.MoviePath?': Failed to find object 'SwfMovie ?INT?GFxUI.IME.MoviePath?'
[3066.11] Log: GFx attempted to load missing object [?INT?GFxUI.IME.MoviePath?]
[3069.94] DevOnline: Listening for lan beacon requests on 6777
[3074.94] DevOnline: Can't free search results while the search is in progress
[3074.94] DevOnline: Listening for lan beacon requests on 6777
[3078.96] DevOnline: Listening for lan beacon requests on 6777
[3083.98] DevOnline: Listening for lan beacon requests on 6777
[3087.99] DevOnline: Listening for lan beacon requests on 6777
[3093.01] DevOnline: Listening for lan beacon requests on 6777
[3097.03] DevOnline: Listening for lan beacon requests on 6777
[3100.06] Log: Changing subtitle setting, new value: 1
[3102.04] DevOnline: Listening for lan beacon requests on 6777
[3102.23] ScriptWarning: Accessed None 'RunSound'
	DFSpecialMove_RoadieRun UGC-Persistent.TheWorld:PersistentLevel.DFSpecialMove_RoadieRun_35
	Function DFGame.DFSpecialMove_RoadieRun:StartSpecialMove:04EF
[3102.95] ScriptWarning: Accessed None 'RunSound'
	DFSpecialMove_RoadieRun UGC-Persistent.TheWorld:PersistentLevel.DFSpecialMove_RoadieRun_35
	Function DFGame.DFSpecialMove_RoadieRun:StopSpecialMove:0174
[3104.26] ScriptWarning: Accessed None 'RunSound'
	DFSpecialMove_RoadieRun UGC-Persistent.TheWorld:PersistentLevel.DFSpecialMove_RoadieRun_35
	Function DFGame.DFSpecialMove_RoadieRun:StartSpecialMove:04EF
[3104.96] ScriptWarning: Accessed None 'RunSound'
	DFSpecialMove_RoadieRun UGC-Persistent.TheWorld:PersistentLevel.DFSpecialMove_RoadieRun_35
	Function DFGame.DFSpecialMove_RoadieRun:StopSpecialMove:0174
[3106.06] DevOnline: Listening for lan beacon requests on 6777
[3111.08] DevOnline: Listening for lan beacon requests on 6777
[3115.09] DevOnline: Listening for lan beacon requests on 6777
[3120.11] DevOnline: Listening for lan beacon requests on 6777
[3124.13] DevOnline: Listening for lan beacon requests on 6777
[3125.46] Log: Changing subtitle setting, new value: 0
[3125.57] Warning: Warning, Failed to load 'SwfMovie ?INT?GFxUI.IME.MoviePath?': Failed to find object 'SwfMovie ?INT?GFxUI.IME.MoviePath?'
[3125.57] Log: GFx attempted to load missing object [?INT?GFxUI.IME.MoviePath?]
[3129.14] DevOnline: Listening for lan beacon requests on 6777
[3133.14] DevOnline: Listening for lan beacon requests on 6777
[3138.16] DevOnline: Listening for lan beacon requests on 6777
[3141.46] Log: Changing subtitle setting, new value: 1
[3142.17] DevOnline: Listening for lan beacon requests on 6777
[3143.71] ScriptWarning: Accessed None 'RunSound'
	DFSpecialMove_RoadieRun UGC-Persistent.TheWorld:PersistentLevel.DFSpecialMove_RoadieRun_35
	Function DFGame.DFSpecialMove_RoadieRun:StartSpecialMove:04EF
[3146.24] ScriptWarning: Accessed None 'RunSound'
	DFSpecialMove_RoadieRun UGC-Persistent.TheWorld:PersistentLevel.DFSpecialMove_RoadieRun_35
	Function DFGame.DFSpecialMove_RoadieRun:StopSpecialMove:0174
[3147.17] DevOnline: Listening for lan beacon requests on 6777
[3151.19] DevOnline: Listening for lan beacon requests on 6777
[3155.88] ScriptWarning: Accessed None 'RunSound'
	DFSpecialMove_RoadieRun UGC-Persistent.TheWorld:PersistentLevel.DFSpecialMove_RoadieRun_35
	Function DFGame.DFSpecialMove_RoadieRun:StartSpecialMove:04EF
[3156.20] DevOnline: Listening for lan beacon requests on 6777
[3156.27] ScriptWarning: Accessed None 'RunSound'
	DFSpecialMove_RoadieRun UGC-Persistent.TheWorld:PersistentLevel.DFSpecialMove_RoadieRun_35
	Function DFGame.DFSpecialMove_RoadieRun:StopSpecialMove:0174
[3158.38] Log: Before HALL TRANSORM: UGCDungeonLayoutValues.LevelIndexCurr=3
[3158.38] Log: APPLY TRANSFORM Hall: xformed exit door side=1, rot.roll=0, rot.pitch=0, rot.yaw=16384;  Offset=16335.303223,4140.998047,-2625.968750
[3158.38] Log:  LevelData[0] setting bOffsetsApplied to TRUE
[3158.38] Log:  Flagging Level[0] to be Not Visible
[3158.38] Log:  Flagging Level[0] to be Visible
[3158.39] Log: FKAggregateGeom::InstanceNovodexGeom: (Actor: 000_Hallway1.TheWorld:PersistentLevel.StaticMeshActor_241 Component: StaticMeshComponent_1808 StaticMesh: ES3_EnviroProps.Meshes.S_WebPlane) No geometries in FKAggregateGeom.
[3158.39] Log: URB_BodyInstance::InitBody : Could not create new Shape: Actor: 000_Hallway1.TheWorld:PersistentLevel.StaticMeshActor_241 Component: StaticMeshComponent_1808 StaticMesh: ES3_EnviroProps.Meshes.S_WebPlane
[3158.39] Log: FKAggregateGeom::InstanceNovodexGeom: (Actor: 000_Hallway1.TheWorld:PersistentLevel.StaticMeshActor_298 Component: StaticMeshComponent_1808 StaticMesh: ES3_EnviroProps.Meshes.S_WebPlane) No geometries in FKAggregateGeom.
[3158.39] Log: URB_BodyInstance::InitBody : Could not create new Shape: Actor: 000_Hallway1.TheWorld:PersistentLevel.StaticMeshActor_298 Component: StaticMeshComponent_1808 StaticMesh: ES3_EnviroProps.Meshes.S_WebPlane
[3158.39] Log: FKAggregateGeom::InstanceNovodexGeom: (Actor: 000_Hallway1.TheWorld:PersistentLevel.StaticMeshActor_191 Component: StaticMeshComponent_1808 StaticMesh: ES3_EnviroProps.Meshes.S_WebPlane) No geometries in FKAggregateGeom.
[3158.39] Log: URB_BodyInstance::InitBody : Could not create new Shape: Actor: 000_Hallway1.TheWorld:PersistentLevel.StaticMeshActor_191 Component: StaticMeshComponent_1808 StaticMesh: ES3_EnviroProps.Meshes.S_WebPlane
[3160.22] DevOnline: Listening for lan beacon requests on 6777
[3162.71] ScriptWarning: Accessed None 'RunSound'
	DFSpecialMove_RoadieRun UGC-Persistent.TheWorld:PersistentLevel.DFSpecialMove_RoadieRun_35
	Function DFGame.DFSpecialMove_RoadieRun:StartSpecialMove:04EF
[3165.22] DevOnline: Listening for lan beacon requests on 6777
[3165.40] ScriptWarning: Accessed None 'RunSound'
	DFSpecialMove_RoadieRun UGC-Persistent.TheWorld:PersistentLevel.DFSpecialMove_RoadieRun_35
	Function DFGame.DFSpecialMove_RoadieRun:StopSpecialMove:0174
[3167.79] MP_Weapons_Native: SetAttackSkillObjectByName() failed, due to not having a prev. ASO - DFWeaponAttachment_Melee_123
[3167.84] MP_Weapons_Native: SetAttackSkillObjectByName() failed, due to not having a prev. ASO - DFWeaponAttachment_Melee_124
[3168.22] ScriptWarning: Accessed None 'RunSound'
	DFSpecialMove_RoadieRun UGC-Persistent.TheWorld:PersistentLevel.DFSpecialMove_RoadieRun_35
	Function DFGame.DFSpecialMove_RoadieRun:StartSpecialMove:04EF
[3168.30] Error: ApplyNewRBState() called for kinematic actor DFDroppedPickup_336
[3168.37] Error: ApplyNewRBState() called for kinematic actor DFDroppedPickup_336
[3169.22] DevOnline: Listening for lan beacon requests on 6777
[3170.03] ScriptWarning: Accessed None 'RunSound'
	DFSpecialMove_RoadieRun UGC-Persistent.TheWorld:PersistentLevel.DFSpecialMove_RoadieRun_35
	Function DFGame.DFSpecialMove_RoadieRun:StopSpecialMove:0174
[3170.86] MP_Weapons_Native: SetAttackSkillObjectByName() failed, due to not having a prev. ASO - DFWeaponAttachment_Melee_125
[3174.22] DevOnline: Can't free search results while the search is in progress
[3174.22] DevOnline: Listening for lan beacon requests on 6777
[3174.51] Log: DFPawn_Hero_Female_1::UpdateMeleeCollisionChecks ERROR - AnimLinkup->BoneToTrackTable for bone 130 returning INDEX_NONE
[3174.53] Log: DFPawn_Hero_Female_1::UpdateMeleeCollisionChecks ERROR - AnimLinkup->BoneToTrackTable for bone 130 returning INDEX_NONE
[3174.54] Log: DFPawn_Hero_Female_1::UpdateMeleeCollisionChecks ERROR - AnimLinkup->BoneToTrackTable for bone 130 returning INDEX_NONE
[3174.56] Log: DFPawn_Hero_Female_1::UpdateMeleeCollisionChecks ERROR - AnimLinkup->BoneToTrackTable for bone 130 returning INDEX_NONE
[3174.58] Log: DFPawn_Hero_Female_1::UpdateMeleeCollisionChecks ERROR - AnimLinkup->BoneToTrackTable for bone 130 returning INDEX_NONE
[3174.60] Log: DFPawn_Hero_Female_1::UpdateMeleeCollisionChecks ERROR - AnimLinkup->BoneToTrackTable for bone 130 returning INDEX_NONE
[3174.61] Log: DFPawn_Hero_Female_1::UpdateMeleeCollisionChecks ERROR - AnimLinkup->BoneToTrackTable for bone 130 returning INDEX_NONE
[3175.53] Log: ToggleVertexInfluences: (CH_Skeleton.Meshes.SK_Skeleton_LOD1) FlushRenderingCommands Took 15.352301 ms
[3176.51] ScriptWarning: Accessed None 'RunSound'
	DFSpecialMove_RoadieRun UGC-Persistent.TheWorld:PersistentLevel.DFSpecialMove_RoadieRun_35
	Function DFGame.DFSpecialMove_RoadieRun:StartSpecialMove:04EF
[3176.60] MP_Weapons_Native: SetAttackSkillObjectByName() failed, due to not having a prev. ASO - DFWeaponAttachment_Melee_126
[3177.54] Error: ApplyNewRBState() called for kinematic actor DFDroppedPickup_337
[3177.54] Error: ApplyNewRBState() called for kinematic actor DFDroppedPickup_338
[3177.54] Error: ApplyNewRBState() called for kinematic actor DFDroppedPickup_339
[3177.61] Error: ApplyNewRBState() called for kinematic actor DFDroppedPickup_337
[3177.61] Error: ApplyNewRBState() called for kinematic actor DFDroppedPickup_338
[3177.61] Error: ApplyNewRBState() called for kinematic actor DFDroppedPickup_339
[3177.64] ScriptWarning: Accessed None 'RunSound'
	DFSpecialMove_RoadieRun UGC-Persistent.TheWorld:PersistentLevel.DFSpecialMove_RoadieRun_35
	Function DFGame.DFSpecialMove_RoadieRun:StopSpecialMove:0174
[3178.22] DevOnline: Listening for lan beacon requests on 6777
[3178.49] Log: Skills: Adding skill to cache... Melee Attack
[3180.10] MP_Weapons_Native: SetAttackSkillObjectByName() failed, due to not having a prev. ASO - DFWeaponAttachment_Melee_127
[3180.14] Log: DFPawn_Skeleton_14::UpdateMeleeCollisionChecks ERROR - AnimLinkup->BoneToTrackTable for bone 30 returning INDEX_NONE
[3181.07] Error: ApplyNewRBState() called for kinematic actor DFDroppedPickup_340
[3181.07] Error: ApplyNewRBState() called for kinematic actor DFDroppedPickup_341
[3181.14] Error: ApplyNewRBState() called for kinematic actor DFDroppedPickup_340
[3181.14] Error: ApplyNewRBState() called for kinematic actor DFDroppedPickup_341
[3182.64] Log: ToggleVertexInfluences: (CH_Skeleton.Meshes.SK_Skeleton_LOD1) FlushRenderingCommands Took 15.433300 ms
[3183.24] DevOnline: Listening for lan beacon requests on 6777
[3183.78] ScriptWarning: Accessed None 'RunSound'
	DFSpecialMove_RoadieRun UGC-Persistent.TheWorld:PersistentLevel.DFSpecialMove_RoadieRun_35
	Function DFGame.DFSpecialMove_RoadieRun:StartSpecialMove:04EF
[3184.61] ScriptWarning: Accessed None 'RunSound'
	DFSpecialMove_RoadieRun UGC-Persistent.TheWorld:PersistentLevel.DFSpecialMove_RoadieRun_35
	Function DFGame.DFSpecialMove_RoadieRun:StopSpecialMove:0174
[3184.66] Error: ApplyNewRBState() called for kinematic actor DFDroppedPickup_342
[3184.66] Error: ApplyNewRBState() called for kinematic actor DFDroppedPickup_Shield_33
[3184.66] Error: ApplyNewRBState() called for kinematic actor DFDroppedPickup_343
[3184.73] Error: ApplyNewRBState() called for kinematic actor DFDroppedPickup_342
[3184.73] Error: ApplyNewRBState() called for kinematic actor DFDroppedPickup_Shield_33
[3184.73] Error: ApplyNewRBState() called for kinematic actor DFDroppedPickup_343
[3185.12] Log: Skills: Adding skill to cache... Melee Attack
[3185.44] ScriptWarning: Accessed None 'RunSound'
	DFSpecialMove_RoadieRun UGC-Persistent.TheWorld:PersistentLevel.DFSpecialMove_RoadieRun_35
	Function DFGame.DFSpecialMove_RoadieRun:StartSpecialMove:04EF
[3187.26] DevOnline: Listening for lan beacon requests on 6777
[3188.46] ScriptWarning: Accessed None 'RunSound'
	DFSpecialMove_RoadieRun UGC-Persistent.TheWorld:PersistentLevel.DFSpecialMove_RoadieRun_35
	Function DFGame.DFSpecialMove_RoadieRun:StopSpecialMove:0174
[3189.53] Error: ApplyNewRBState() called for kinematic actor DFDroppedPickup_345
[3189.53] Error: ApplyNewRBState() called for kinematic actor DFDroppedPickup_346
[3189.59] Error: ApplyNewRBState() called for kinematic actor DFDroppedPickup_345
[3189.59] Error: ApplyNewRBState() called for kinematic actor DFDroppedPickup_346
[3190.05] Log: ToggleVertexInfluences: (CH_Skeleton.Meshes.SK_Skeleton_LOD1) FlushRenderingCommands Took 15.029002 ms
[3191.03] ScriptWarning: Accessed None 'RunSound'
	DFSpecialMove_RoadieRun UGC-Persistent.TheWorld:PersistentLevel.DFSpecialMove_RoadieRun_35
	Function DFGame.DFSpecialMove_RoadieRun:StartSpecialMove:04EF
[3192.07] Error: ApplyNewRBState() called for kinematic actor DFDroppedPickup_347
[3192.07] Error: ApplyNewRBState() called for kinematic actor DFDroppedPickup_348
[3192.07] Error: ApplyNewRBState() called for kinematic actor DFDroppedPickup_349
[3192.14] Error: ApplyNewRBState() called for kinematic actor DFDroppedPickup_347
[3192.14] Error: ApplyNewRBState() called for kinematic actor DFDroppedPickup_348
[3192.14] Error: ApplyNewRBState() called for kinematic actor DFDroppedPickup_349
[3192.27] DevOnline: Listening for lan beacon requests on 6777
[3194.10] ScriptWarning: Accessed None 'RunSound'
	DFSpecialMove_RoadieRun UGC-Persistent.TheWorld:PersistentLevel.DFSpecialMove_RoadieRun_35
	Function DFGame.DFSpecialMove_RoadieRun:StopSpecialMove:0174
[3196.27] DevOnline: Listening for lan beacon requests on 6777
[3198.17] ScriptWarning: Accessed None 'RunSound'
	DFSpecialMove_RoadieRun UGC-Persistent.TheWorld:PersistentLevel.DFSpecialMove_RoadieRun_35
	Function DFGame.DFSpecialMove_RoadieRun:StartSpecialMove:04EF
[3200.14] ScriptWarning: Accessed None 'RunSound'
	DFSpecialMove_RoadieRun UGC-Persistent.TheWorld:PersistentLevel.DFSpecialMove_RoadieRun_35
	Function DFGame.DFSpecialMove_RoadieRun:StopSpecialMove:0174
[3200.24] MP_Weapons_Native: SetAttackSkillObjectByName() failed, due to not having a prev. ASO - DFWeaponAttachment_Melee_128
[3200.25] Log: Skills: Adding skill to cache... Melee Attack
[3200.25] MP_Weapons_Native: SetAttackSkillObjectByName() failed, due to not having a prev. ASO - DFWeaponAttachment_Melee_129
[3200.31] MP_Weapons_Native: SetAttackSkillObjectByName() failed, due to not having a prev. ASO - DFWeaponAttachment_Melee_130
[3201.29] DevOnline: Listening for lan beacon requests on 6777
[3202.00] MP_Weapons_Native: SetAttackSkillObjectByName() failed, due to not having a prev. ASO - DFWeaponAttachment_Ranged_Spell_97
[3202.68] ScriptWarning: Accessed None 'CurrentWeaponAttachment'
	DFWeaponAttachment_Melee UGC-Persistent.TheWorld:PersistentLevel.DFWeaponAttachment_Melee_119
	Function DFGame.DFWeaponAttachment:Cleanup:0152
[3202.93] Warning: DFNodeTurnInPlace_Player_526 - Failed, with animsequence 'inj_TurnL45' on SkeletalMeshComponent: 'inXileForgedMeshComponent_2204' whose owner is: 'DFPawn_SpiderCharger_6' and is of type 'ForgedMeshComponent'
[3203.00] Warning: DFNodeTurnInPlace_Player_526 - Failed, with animsequence 'inj_TurnL45' on SkeletalMeshComponent: 'inXileForgedMeshComponent_2204' whose owner is: 'DFPawn_SpiderCharger_6' and is of type 'ForgedMeshComponent'
[3203.02] Warning: DFNodeTurnInPlace_Player_526 - Failed, with animsequence 'inj_TurnL45' on SkeletalMeshComponent: 'inXileForgedMeshComponent_2204' whose owner is: 'DFPawn_SpiderCharger_6' and is of type 'ForgedMeshComponent'
[3203.03] Warning: DFNodeTurnInPlace_Player_526 - Failed, with animsequence 'inj_TurnL45' on SkeletalMeshComponent: 'inXileForgedMeshComponent_2204' whose owner is: 'DFPawn_SpiderCharger_6' and is of type 'ForgedMeshComponent'
[3203.05] Warning: DFNodeTurnInPlace_Player_526 - Failed, with animsequence 'inj_TurnL45' on SkeletalMeshComponent: 'inXileForgedMeshComponent_2204' whose owner is: 'DFPawn_SpiderCharger_6' and is of type 'ForgedMeshComponent'
[3203.07] Warning: DFNodeTurnInPlace_Player_526 - Failed, with animsequence 'inj_TurnL45' on SkeletalMeshComponent: 'inXileForgedMeshComponent_2204' whose owner is: 'DFPawn_SpiderCharger_6' and is of type 'ForgedMeshComponent'
[3203.08] MP_Weapons_Native: SetAttackSkillObjectByName() failed, due to not having a prev. ASO - DFWeaponAttachment_Ranged_Spell_98
[3203.08] Warning: DFNodeTurnInPlace_Player_526 - Failed, with animsequence 'inj_TurnL45' on SkeletalMeshComponent: 'inXileForgedMeshComponent_2204' whose owner is: 'DFPawn_SpiderCharger_6' and is of type 'ForgedMeshComponent'
[3203.10] Warning: DFNodeTurnInPlace_Player_526 - Failed, with animsequence 'inj_TurnL45' on SkeletalMeshComponent: 'inXileForgedMeshComponent_2204' whose owner is: 'DFPawn_SpiderCharger_6' and is of type 'ForgedMeshComponent'
[3203.12] Warning: DFNodeTurnInPlace_Player_526 - Failed, with animsequence 'inj_TurnL45' on SkeletalMeshComponent: 'inXileForgedMeshComponent_2204' whose owner is: 'DFPawn_SpiderCharger_6' and is of type 'ForgedMeshComponent'
[3203.14] Warning: DFNodeTurnInPlace_Player_526 - Failed, with animsequence 'inj_TurnL45' on SkeletalMeshComponent: 'inXileForgedMeshComponent_2204' whose owner is: 'DFPawn_SpiderCharger_6' and is of type 'ForgedMeshComponent'
[3203.15] Warning: DFNodeTurnInPlace_Player_526 - Failed, with animsequence 'inj_TurnL45' on SkeletalMeshComponent: 'inXileForgedMeshComponent_2204' whose owner is: 'DFPawn_SpiderCharger_6' and is of type 'ForgedMeshComponent'
[3203.17] Warning: DFNodeTurnInPlace_Player_526 - Failed, with animsequence 'inj_TurnL45' on SkeletalMeshComponent: 'inXileForgedMeshComponent_2204' whose owner is: 'DFPawn_SpiderCharger_6' and is of type 'ForgedMeshComponent'
[3203.17] Log: Could not find FMC creator for PSC UGC-Persistent.TheWorld:PersistentLevel.DFPawn_Hero_Male_1.inXileParticleSystemComponent_7783 completion callback, message None
[3203.19] Warning: DFNodeTurnInPlace_Player_526 - Failed, with animsequence 'inj_TurnL45' on SkeletalMeshComponent: 'inXileForgedMeshComponent_2204' whose owner is: 'DFPawn_SpiderCharger_6' and is of type 'ForgedMeshComponent'
[3203.20] Warning: DFNodeTurnInPlace_Player_526 - Failed, with animsequence 'inj_TurnL45' on SkeletalMeshComponent: 'inXileForgedMeshComponent_2204' whose owner is: 'DFPawn_SpiderCharger_6' and is of type 'ForgedMeshComponent'
[3203.22] Warning: DFNodeTurnInPlace_Player_526 - Failed, with animsequence 'inj_TurnL45' on SkeletalMeshComponent: 'inXileForgedMeshComponent_2204' whose owner is: 'DFPawn_SpiderCharger_6' and is of type 'ForgedMeshComponent'
[3203.24] Warning: DFNodeTurnInPlace_Player_526 - Failed, with animsequence 'inj_TurnL45' on SkeletalMeshComponent: 'inXileForgedMeshComponent_2204' whose owner is: 'DFPawn_SpiderCharger_6' and is of type 'ForgedMeshComponent'
[3203.25] Warning: DFNodeTurnInPlace_Player_526 - Failed, with animsequence 'inj_TurnL45' on SkeletalMeshComponent: 'inXileForgedMeshComponent_2204' whose owner is: 'DFPawn_SpiderCharger_6' and is of type 'ForgedMeshComponent'
[3203.27] Warning: DFNodeTurnInPlace_Player_526 - Failed, with animsequence 'inj_TurnL45' on SkeletalMeshComponent: 'inXileForgedMeshComponent_2204' whose owner is: 'DFPawn_SpiderCharger_6' and is of type 'ForgedMeshComponent'
[3203.29] Warning: DFNodeTurnInPlace_Player_526 - Failed, with animsequence 'inj_TurnL45' on SkeletalMeshComponent: 'inXileForgedMeshComponent_2204' whose owner is: 'DFPawn_SpiderCharger_6' and is of type 'ForgedMeshComponent'
[3203.30] Warning: DFNodeTurnInPlace_Player_526 - Failed, with animsequence 'inj_TurnL45' on SkeletalMeshComponent: 'inXileForgedMeshComponent_2204' whose owner is: 'DFPawn_SpiderCharger_6' and is of type 'ForgedMeshComponent'
[3203.32] Warning: DFNodeTurnInPlace_Player_526 - Failed, with animsequence 'inj_TurnL45' on SkeletalMeshComponent: 'inXileForgedMeshComponent_2204' whose owner is: 'DFPawn_SpiderCharger_6' and is of type 'ForgedMeshComponent'
[3203.34] Warning: DFNodeTurnInPlace_Player_526 - Failed, with animsequence 'inj_TurnL45' on SkeletalMeshComponent: 'inXileForgedMeshComponent_2204' whose owner is: 'DFPawn_SpiderCharger_6' and is of type 'ForgedMeshComponent'
[3203.36] Warning: DFNodeTurnInPlace_Player_526 - Failed, with animsequence 'inj_TurnL45' on SkeletalMeshComponent: 'inXileForgedMeshComponent_2204' whose owner is: 'DFPawn_SpiderCharger_6' and is of type 'ForgedMeshComponent'
[3203.37] Warning: DFNodeTurnInPlace_Player_526 - Failed, with animsequence 'inj_TurnL45' on SkeletalMeshComponent: 'inXileForgedMeshComponent_2204' whose owner is: 'DFPawn_SpiderCharger_6' and is of type 'ForgedMeshComponent'
[3203.39] Warning: DFNodeTurnInPlace_Player_526 - Failed, with animsequence 'inj_TurnL45' on SkeletalMeshComponent: 'inXileForgedMeshComponent_2204' whose owner is: 'DFPawn_SpiderCharger_6' and is of type 'ForgedMeshComponent'
[3203.41] Warning: DFNodeTurnInPlace_Player_526 - Failed, with animsequence 'inj_TurnL45' on SkeletalMeshComponent: 'inXileForgedMeshComponent_2204' whose owner is: 'DFPawn_SpiderCharger_6' and is of type 'ForgedMeshComponent'
[3203.42] Warning: DFNodeTurnInPlace_Player_526 - Failed, with animsequence 'inj_TurnL45' on SkeletalMeshComponent: 'inXileForgedMeshComponent_2204' whose owner is: 'DFPawn_SpiderCharger_6' and is of type 'ForgedMeshComponent'
[3203.44] Warning: DFNodeTurnInPlace_Player_526 - Failed, with animsequence 'inj_TurnL45' on SkeletalMeshComponent: 'inXileForgedMeshComponent_2204' whose owner is: 'DFPawn_SpiderCharger_6' and is of type 'ForgedMeshComponent'
[3203.46] Warning: DFNodeTurnInPlace_Player_526 - Failed, with animsequence 'inj_TurnL45' on SkeletalMeshComponent: 'inXileForgedMeshComponent_2204' whose owner is: 'DFPawn_SpiderCharger_6' and is of type 'ForgedMeshComponent'
[3203.47] Warning: DFNodeTurnInPlace_Player_526 - Failed, with animsequence 'inj_TurnL45' on SkeletalMeshComponent: 'inXileForgedMeshComponent_2204' whose owner is: 'DFPawn_SpiderCharger_6' and is of type 'ForgedMeshComponent'
[3203.49] Warning: DFNodeTurnInPlace_Player_526 - Failed, with animsequence 'inj_TurnL45' on SkeletalMeshComponent: 'inXileForgedMeshComponent_2204' whose owner is: 'DFPawn_SpiderCharger_6' and is of type 'ForgedMeshComponent'
[3203.51] Warning: DFNodeTurnInPlace_Player_526 - Failed, with animsequence 'inj_TurnL45' on SkeletalMeshComponent: 'inXileForgedMeshComponent_2204' whose owner is: 'DFPawn_SpiderCharger_6' and is of type 'ForgedMeshComponent'
[3203.52] Warning: DFNodeTurnInPlace_Player_526 - Failed, with animsequence 'inj_TurnL45' on SkeletalMeshComponent: 'inXileForgedMeshComponent_2204' whose owner is: 'DFPawn_SpiderCharger_6' and is of type 'ForgedMeshComponent'
[3203.54] Warning: DFNodeTurnInPlace_Player_526 - Failed, with animsequence 'inj_TurnL45' on SkeletalMeshComponent: 'inXileForgedMeshComponent_2204' whose owner is: 'DFPawn_SpiderCharger_6' and is of type 'ForgedMeshComponent'
[3203.56] Warning: DFNodeTurnInPlace_Player_526 - Failed, with animsequence 'inj_TurnL45' on SkeletalMeshComponent: 'inXileForgedMeshComponent_2204' whose owner is: 'DFPawn_SpiderCharger_6' and is of type 'ForgedMeshComponent'
[3203.58] Warning: DFNodeTurnInPlace_Player_526 - Failed, with animsequence 'inj_TurnL45' on SkeletalMeshComponent: 'inXileForgedMeshComponent_2204' whose owner is: 'DFPawn_SpiderCharger_6' and is of type 'ForgedMeshComponent'
[3203.59] Warning: DFNodeTurnInPlace_Player_526 - Failed, with animsequence 'inj_TurnL45' on SkeletalMeshComponent: 'inXileForgedMeshComponent_2204' whose owner is: 'DFPawn_SpiderCharger_6' and is of type 'ForgedMeshComponent'
[3203.76] Warning: DFNodeTurnInPlace_Player_526 - Failed, with animsequence 'inj_TurnR90' on SkeletalMeshComponent: 'inXileForgedMeshComponent_2204' whose owner is: 'DFPawn_SpiderCharger_6' and is of type 'ForgedMeshComponent'
[3204.34] Log: Could not find FMC creator for PSC UGC-Persistent.TheWorld:PersistentLevel.DFPawn_Hero_Female_1.inXileParticleSystemComponent_7793 completion callback, message None
[3205.03] Warning: DFNodeTurnInPlace_Player_526 - Failed, with animsequence 'inj_TurnL90' on SkeletalMeshComponent: 'inXileForgedMeshComponent_2204' whose owner is: 'DFPawn_SpiderCharger_6' and is of type 'ForgedMeshComponent'
[3205.30] DevOnline: Listening for lan beacon requests on 6777
[3206.09] Log: Could not find FMC creator for PSC UGC-Persistent.TheWorld:PersistentLevel.DFPawn_Hero_Male_1.inXileParticleSystemComponent_7784 completion callback, message None
[3206.47] Log: Could not find FMC creator for PSC UGC-Persistent.TheWorld:PersistentLevel.DFPawn_Hero_Female_1.inXileParticleSystemComponent_7794 completion callback, message None
[3206.48] Log: Skills: Adding skill to cache... 
[3206.72] ScriptWarning: Accessed None 'RunSound'
	DFSpecialMove_RoadieRun UGC-Persistent.TheWorld:PersistentLevel.DFSpecialMove_RoadieRun_35
	Function DFGame.DFSpecialMove_RoadieRun:StartSpecialMove:04EF
[3207.81] MP_Weapons_Native: SetAttackSkillObjectByName() failed, due to not having a prev. ASO - DFWeaponAttachment_Melee_131
[3208.64] ScriptWarning: Accessed None 'RunSound'
	DFSpecialMove_RoadieRun UGC-Persistent.TheWorld:PersistentLevel.DFSpecialMove_RoadieRun_35
	Function DFGame.DFSpecialMove_RoadieRun:StopSpecialMove:0174
[3208.87] MP_Weapons_Native: SetAttackSkillObjectByName() failed, due to not having a prev. ASO - DFWeaponAttachment_Melee_132
[3209.16] ScriptWarning: Accessed None 'RunSound'
	DFSpecialMove_RoadieRun UGC-Persistent.TheWorld:PersistentLevel.DFSpecialMove_RoadieRun_35
	Function DFGame.DFSpecialMove_RoadieRun:StartSpecialMove:04EF
[3209.74] ScriptWarning: Accessed None 'RunSound'
	DFSpecialMove_RoadieRun UGC-Persistent.TheWorld:PersistentLevel.DFSpecialMove_RoadieRun_35
	Function DFGame.DFSpecialMove_RoadieRun:StopSpecialMove:0174
[3209.84] Error: ApplyNewRBState() called for kinematic actor DFDroppedPickup_351
[3209.91] Error: ApplyNewRBState() called for kinematic actor DFDroppedPickup_351
[3210.30] DevOnline: Listening for lan beacon requests on 6777
[3210.79] Warning: DFNodeTurnInPlace_Player_530 - Failed, with animsequence 'inj_TurnR45' on SkeletalMeshComponent: 'inXileForgedMeshComponent_2219' whose owner is: 'DFPawn_SpiderCharger_7' and is of type 'ForgedMeshComponent'
[3210.81] ScriptWarning: Accessed None 'CurrentWeaponAttachment'
	DFWeaponAttachment_Ranged_Spell UGC-Persistent.TheWorld:PersistentLevel.DFWeaponAttachment_Ranged_Spell_98
	Function DFGame.DFWeaponAttachment:Cleanup:0152
[3211.11] MP_Weapons_Native: SetAttackSkillObjectByName() failed, due to not having a prev. ASO - DFWeaponAttachment_Melee_133
[3211.30] MP_Weapons_Native: SetAttackSkillObjectByName() failed, due to not having a prev. ASO - DFWeaponAttachment_Melee_134
[3212.25] Error: ApplyNewRBState() called for kinematic actor DFDroppedPickup_354
[3212.32] Error: ApplyNewRBState() called for kinematic actor DFDroppedPickup_352
[3212.32] Error: ApplyNewRBState() called for kinematic actor DFDroppedPickup_354
[3213.47] Warning: DFNodeTurnInPlace_Player_530 - Failed, with animsequence 'inj_TurnR45' on SkeletalMeshComponent: 'inXileForgedMeshComponent_2219' whose owner is: 'DFPawn_SpiderCharger_7' and is of type 'ForgedMeshComponent'
[3213.60] Error: ApplyNewRBState() called for kinematic actor DFDroppedPickup_355
[3213.67] Error: ApplyNewRBState() called for kinematic actor DFDroppedPickup_355
[3214.31] DevOnline: Listening for lan beacon requests on 6777
[3214.60] MP_Weapons_Native: SetAttackSkillObjectByName() failed, due to not having a prev. ASO - DFWeaponAttachment_Melee_135
[3214.72] Warning: DFNodeTurnInPlace_Player_530 - Failed, with animsequence 'inj_TurnR45' on SkeletalMeshComponent: 'inXileForgedMeshComponent_2219' whose owner is: 'DFPawn_SpiderCharger_7' and is of type 'ForgedMeshComponent'
[3215.55] Error: ApplyNewRBState() called for kinematic actor DFDroppedPickup_357
[3215.62] Error: ApplyNewRBState() called for kinematic actor DFDroppedPickup_Shield_34
[3215.62] Error: ApplyNewRBState() called for kinematic actor DFDroppedPickup_357
[3216.26] ScriptWarning: Accessed None 'RunSound'
	DFSpecialMove_RoadieRun UGC-Persistent.TheWorld:PersistentLevel.DFSpecialMove_RoadieRun_35
	Function DFGame.DFSpecialMove_RoadieRun:StartSpecialMove:04EF
[3216.75] Error: ApplyNewRBState() called for kinematic actor DFDroppedPickup_358
[3216.83] Error: ApplyNewRBState() called for kinematic actor DFDroppedPickup_358
[3218.65] ScriptWarning: Accessed None 'RunSound'
	DFSpecialMove_RoadieRun UGC-Persistent.TheWorld:PersistentLevel.DFSpecialMove_RoadieRun_35
	Function DFGame.DFSpecialMove_RoadieRun:StopSpecialMove:0174
[3218.65] Error: ApplyNewRBState() called for kinematic actor DFDroppedPickup_360
[3218.65] Error: ApplyNewRBState() called for kinematic actor DFDroppedPickup_361
[3218.65] Error: ApplyNewRBState() called for kinematic actor DFDroppedPickup_362
[3218.72] Error: ApplyNewRBState() called for kinematic actor DFDroppedPickup_360
[3218.72] Error: ApplyNewRBState() called for kinematic actor DFDroppedPickup_361
[3218.72] Error: ApplyNewRBState() called for kinematic actor DFDroppedPickup_362
[3219.32] DevOnline: Listening for lan beacon requests on 6777
[3223.32] DevOnline: Listening for lan beacon requests on 6777
[3224.08] Log: Skills: Adding skill to cache... Melee Attack
[3224.09] Log: Skills: Adding skill to cache... Melee Attack
[3225.35] Log: DFPawn_Nid_77::UpdateMeleeCollisionChecks ERROR - AnimLinkup->BoneToTrackTable for bone 58 returning INDEX_NONE
[3225.36] Log: DFPawn_Nid_77::UpdateMeleeCollisionChecks ERROR - AnimLinkup->BoneToTrackTable for bone 58 returning INDEX_NONE
[3225.38] Log: DFPawn_Nid_77::UpdateMeleeCollisionChecks ERROR - AnimLinkup->BoneToTrackTable for bone 58 returning INDEX_NONE
[3225.40] Log: DFPawn_Nid_77::UpdateMeleeCollisionChecks ERROR - AnimLinkup->BoneToTrackTable for bone 58 returning INDEX_NONE
[3225.41] Log: DFPawn_Nid_77::UpdateMeleeCollisionChecks ERROR - AnimLinkup->BoneToTrackTable for bone 58 returning INDEX_NONE
[3225.43] Log: DFPawn_Nid_77::UpdateMeleeCollisionChecks ERROR - AnimLinkup->BoneToTrackTable for bone 58 returning INDEX_NONE
[3225.45] Log: DFPawn_Nid_77::UpdateMeleeCollisionChecks ERROR - AnimLinkup->BoneToTrackTable for bone 58 returning INDEX_NONE
[3225.47] Log: DFPawn_Nid_77::UpdateMeleeCollisionChecks ERROR - AnimLinkup->BoneToTrackTable for bone 58 returning INDEX_NONE
[3225.48] Log: DFPawn_Nid_77::UpdateMeleeCollisionChecks ERROR - AnimLinkup->BoneToTrackTable for bone 58 returning INDEX_NONE
[3225.50] Log: DFPawn_Nid_77::UpdateMeleeCollisionChecks ERROR - AnimLinkup->BoneToTrackTable for bone 58 returning INDEX_NONE
[3226.02] Log: DFPawn_Nid_77::UpdateMeleeCollisionChecks ERROR - AnimLinkup->BoneToTrackTable for bone 58 returning INDEX_NONE
[3226.04] Log: DFPawn_Nid_77::UpdateMeleeCollisionChecks ERROR - AnimLinkup->BoneToTrackTable for bone 58 returning INDEX_NONE
[3226.06] Log: DFPawn_Nid_77::UpdateMeleeCollisionChecks ERROR - AnimLinkup->BoneToTrackTable for bone 58 returning INDEX_NONE
[3226.07] Log: DFPawn_Nid_77::UpdateMeleeCollisionChecks ERROR - AnimLinkup->BoneToTrackTable for bone 58 returning INDEX_NONE
[3226.10] Log: DFPawn_Nid_77::UpdateMeleeCollisionChecks ERROR - AnimLinkup->BoneToTrackTable for bone 58 returning INDEX_NONE
[3226.11] Log: DFPawn_Nid_77::UpdateMeleeCollisionChecks ERROR - AnimLinkup->BoneToTrackTable for bone 58 returning INDEX_NONE
[3227.26] ScriptWarning: Accessed None 'RunSound'
	DFSpecialMove_RoadieRun UGC-Persistent.TheWorld:PersistentLevel.DFSpecialMove_RoadieRun_35
	Function DFGame.DFSpecialMove_RoadieRun:StartSpecialMove:04EF
[3228.16] Error: ApplyNewRBState() called for kinematic actor DFDroppedPickup_Shield_35
[3228.16] Error: ApplyNewRBState() called for kinematic actor DFDroppedPickup_364
[3228.23] Error: ApplyNewRBState() called for kinematic actor DFDroppedPickup_Shield_35
[3228.23] Error: ApplyNewRBState() called for kinematic actor DFDroppedPickup_364
[3228.33] DevOnline: Listening for lan beacon requests on 6777
[3229.91] ScriptWarning: Accessed None 'RunSound'
	DFSpecialMove_RoadieRun UGC-Persistent.TheWorld:PersistentLevel.DFSpecialMove_RoadieRun_35
	Function DFGame.DFSpecialMove_RoadieRun:StopSpecialMove:0174
[3232.33] DevOnline: Listening for lan beacon requests on 6777
[3236.28] MP_Weapons_Native: SetAttackSkillObjectByName() failed, due to not having a prev. ASO - DFWeaponAttachment_Melee_136
[3236.35] MP_Weapons_Native: SetAttackSkillObjectByName() failed, due to not having a prev. ASO - DFWeaponAttachment_Melee_137
[3236.41] Log: Skills: Adding skill to cache... Melee Attack
[3236.41] MP_Weapons_Native: SetAttackSkillObjectByName() failed, due to not having a prev. ASO - DFWeaponAttachment_Melee_138
[3236.90] Log: Skills: Adding skill to cache... Melee_Berserk1_Name
[3237.21] MP_Weapons_Native: SetAttackSkillObjectByName() failed, due to not having a prev. ASO - DFWeaponAttachment_Melee_139
[3237.33] DevOnline: Listening for lan beacon requests on 6777
[3240.36] ScriptWarning: Accessed None 'CurrentWeaponAttachment'
	DFWeaponAttachment_Melee UGC-Persistent.TheWorld:PersistentLevel.DFWeaponAttachment_Melee_133
	Function DFGame.DFWeaponAttachment:Cleanup:0152
[3240.73] Log: Skills: Adding skill to cache... Melee Attack
[3240.74] MP_Weapons_Native: SetAttackSkillObjectByName() failed, due to not having a prev. ASO - DFWeaponAttachment_Ranged_Spell_99
[3240.74] Log: Skills: Adding skill to cache... Melee Attack
[3241.34] DevOnline: Listening for lan beacon requests on 6777
[3241.49] ScriptWarning: Accessed None 'RunSound'
	DFSpecialMove_RoadieRun UGC-Persistent.TheWorld:PersistentLevel.DFSpecialMove_RoadieRun_35
	Function DFGame.DFSpecialMove_RoadieRun:StartSpecialMove:04EF
[3241.57] ScriptWarning: Accessed None 'RunSound'
	DFSpecialMove_RoadieRun UGC-Persistent.TheWorld:PersistentLevel.DFSpecialMove_RoadieRun_35
	Function DFGame.DFSpecialMove_RoadieRun:StopSpecialMove:0174
[3241.66] Log: Skills: Adding skill to cache... Melee Attack
[3242.02] ScriptWarning: Accessed None 'RunSound'
	DFSpecialMove_RoadieRun UGC-Persistent.TheWorld:PersistentLevel.DFSpecialMove_RoadieRun_35
	Function DFGame.DFSpecialMove_RoadieRun:StartSpecialMove:04EF
[3242.05] ScriptWarning: Accessed None 'RunSound'
	DFSpecialMove_RoadieRun UGC-Persistent.TheWorld:PersistentLevel.DFSpecialMove_RoadieRun_35
	Function DFGame.DFSpecialMove_RoadieRun:StopSpecialMove:0174
[3242.78] MP_Weapons_Native: SetAttackSkillObjectByName() failed, due to not having a prev. ASO - DFWeaponAttachment_Ranged_Spell_100
[3243.13] ScriptWarning: Accessed None 'RunSound'
	DFSpecialMove_RoadieRun UGC-Persistent.TheWorld:PersistentLevel.DFSpecialMove_RoadieRun_35
	Function DFGame.DFSpecialMove_RoadieRun:StartSpecialMove:04EF
[3243.20] ScriptWarning: Accessed None 'RunSound'
	DFSpecialMove_RoadieRun UGC-Persistent.TheWorld:PersistentLevel.DFSpecialMove_RoadieRun_35
	Function DFGame.DFSpecialMove_RoadieRun:StopSpecialMove:0174
[3243.74] ScriptWarning: Accessed None 'RunSound'
	DFSpecialMove_RoadieRun UGC-Persistent.TheWorld:PersistentLevel.DFSpecialMove_RoadieRun_35
	Function DFGame.DFSpecialMove_RoadieRun:StartSpecialMove:04EF
[3243.86] ScriptWarning: Accessed None 'RunSound'
	DFSpecialMove_RoadieRun UGC-Persistent.TheWorld:PersistentLevel.DFSpecialMove_RoadieRun_35
	Function DFGame.DFSpecialMove_RoadieRun:StopSpecialMove:0174
[3244.00] Log: Could not find FMC creator for PSC UGC-Persistent.TheWorld:PersistentLevel.DFPawn_Hero_Male_1.inXileParticleSystemComponent_7937 completion callback, message None
[3245.68] Log: Skills: Adding skill to cache... Melee Attack
[3246.12] ScriptWarning: Accessed None 'RunSound'
	DFSpecialMove_RoadieRun UGC-Persistent.TheWorld:PersistentLevel.DFSpecialMove_RoadieRun_35
	Function DFGame.DFSpecialMove_RoadieRun:StartSpecialMove:04EF
[3246.15] ScriptWarning: Accessed None 'RunSound'
	DFSpecialMove_RoadieRun UGC-Persistent.TheWorld:PersistentLevel.DFSpecialMove_RoadieRun_35
	Function DFGame.DFSpecialMove_RoadieRun:StopSpecialMove:0174
[3246.35] DevOnline: Listening for lan beacon requests on 6777
[3246.59] Log: Skills: Adding skill to cache... Melee Attack
[3246.78] Log: Could not find FMC creator for PSC UGC-Persistent.TheWorld:PersistentLevel.DFPawn_Hero_Male_1.inXileParticleSystemComponent_7938 completion callback, message None
[3247.88] ScriptWarning: Accessed None 'RunSound'
	DFSpecialMove_RoadieRun UGC-Persistent.TheWorld:PersistentLevel.DFSpecialMove_RoadieRun_35
	Function DFGame.DFSpecialMove_RoadieRun:StartSpecialMove:04EF
[3247.95] ScriptWarning: Accessed None 'RunSound'
	DFSpecialMove_RoadieRun UGC-Persistent.TheWorld:PersistentLevel.DFSpecialMove_RoadieRun_35
	Function DFGame.DFSpecialMove_RoadieRun:StopSpecialMove:0174
[3249.24] MP_Weapons_Native: SetAttackSkillObjectByName() failed, due to not having a prev. ASO - DFWeaponAttachment_Melee_140
[3250.36] DevOnline: Listening for lan beacon requests on 6777
[3250.44] ScriptWarning: Accessed None 'RunSound'
	DFSpecialMove_RoadieRun UGC-Persistent.TheWorld:PersistentLevel.DFSpecialMove_RoadieRun_35
	Function DFGame.DFSpecialMove_RoadieRun:StartSpecialMove:04EF
[3250.51] ScriptWarning: Accessed None 'RunSound'
	DFSpecialMove_RoadieRun UGC-Persistent.TheWorld:PersistentLevel.DFSpecialMove_RoadieRun_35
	Function DFGame.DFSpecialMove_RoadieRun:StopSpecialMove:0174
[3251.49] ScriptWarning: Accessed None 'RunSound'
	DFSpecialMove_RoadieRun UGC-Persistent.TheWorld:PersistentLevel.DFSpecialMove_RoadieRun_35
	Function DFGame.DFSpecialMove_RoadieRun:StartSpecialMove:04EF
[3251.51] ScriptWarning: Accessed None 'RunSound'
	DFSpecialMove_RoadieRun UGC-Persistent.TheWorld:PersistentLevel.DFSpecialMove_RoadieRun_35
	Function DFGame.DFSpecialMove_RoadieRun:StopSpecialMove:0174
[3253.83] Log: Could not find FMC creator for PSC UGC-Persistent.TheWorld:PersistentLevel.DFPawn_Hero_Female_1.inXileParticleSystemComponent_7904 completion callback, message None
[3254.42] Log: ToggleVertexInfluences: (CH_Skeleton.Meshes.SK_Skeleton_LOD1) FlushRenderingCommands Took 13.939399 ms
[3254.83] Log: Skills: Adding skill to cache... Melee Attack
[3255.35] Log: Skills: Adding skill to cache... Melee Attack
[3255.37] DevOnline: Listening for lan beacon requests on 6777
[3256.12] Log: Could not find FMC creator for PSC UGC-Persistent.TheWorld:PersistentLevel.DFPawn_Hero_Female_1.inXileParticleSystemComponent_7905 completion callback, message None
[3256.44] Error: ApplyNewRBState() called for kinematic actor DFDroppedPickup_366
[3256.44] Error: ApplyNewRBState() called for kinematic actor DFDroppedPickup_367
[3256.44] Error: ApplyNewRBState() called for kinematic actor DFDroppedPickup_Shield_36
[3256.44] Error: ApplyNewRBState() called for kinematic actor DFDroppedPickup_368
[3256.51] Error: ApplyNewRBState() called for kinematic actor DFDroppedPickup_366
[3256.51] Error: ApplyNewRBState() called for kinematic actor DFDroppedPickup_367
[3256.51] Error: ApplyNewRBState() called for kinematic actor DFDroppedPickup_Shield_36
[3256.51] Error: ApplyNewRBState() called for kinematic actor DFDroppedPickup_368
[3259.37] DevOnline: Listening for lan beacon requests on 6777
[3261.91] Log: Could not find FMC creator for PSC UGC-Persistent.TheWorld:PersistentLevel.DFPawn_Hero_Male_1.inXileParticleSystemComponent_7222 completion callback, message None
[3264.39] DevOnline: Listening for lan beacon requests on 6777
[3268.36] Log: Could not find FMC creator for PSC UGC-Persistent.TheWorld:PersistentLevel.DFPawn_Hero_Female_1.inXileParticleSystemComponent_7904 completion callback, message None
[3268.39] DevOnline: Listening for lan beacon requests on 6777
[3270.49] Log: Could not find FMC creator for PSC UGC-Persistent.TheWorld:PersistentLevel.DFPawn_Hero_Female_1.inXileParticleSystemComponent_7905 completion callback, message None
[3271.22] ScriptWarning: Accessed None 'CurrentWeaponAttachment'
	DFWeaponAttachment_Ranged_Spell UGC-Persistent.TheWorld:PersistentLevel.DFWeaponAttachment_Ranged_Spell_99
	Function DFGame.DFWeaponAttachment:Cleanup:0152
[3271.54] MP_Weapons_Native: SetAttackSkillObjectByName() failed, due to not having a prev. ASO - DFWeaponAttachment_Melee_141
[3272.46] Log: Skills: Adding skill to cache... Melee Attack
[3273.19] Log: DFPawn_Nid_78::UpdateMeleeCollisionChecks ERROR - AnimLinkup->BoneToTrackTable for bone 58 returning INDEX_NONE
[3273.20] Log: DFPawn_Nid_78::UpdateMeleeCollisionChecks ERROR - AnimLinkup->BoneToTrackTable for bone 58 returning INDEX_NONE
[3273.22] Log: DFPawn_Nid_78::UpdateMeleeCollisionChecks ERROR - AnimLinkup->BoneToTrackTable for bone 58 returning INDEX_NONE
[3273.40] DevOnline: Listening for lan beacon requests on 6777
[3273.76] Log: DFPawn_Nid_78::UpdateMeleeCollisionChecks ERROR - AnimLinkup->BoneToTrackTable for bone 58 returning INDEX_NONE
[3273.78] Log: DFPawn_Nid_78::UpdateMeleeCollisionChecks ERROR - AnimLinkup->BoneToTrackTable for bone 58 returning INDEX_NONE
[3273.80] Log: DFPawn_Nid_78::UpdateMeleeCollisionChecks ERROR - AnimLinkup->BoneToTrackTable for bone 58 returning INDEX_NONE
[3273.81] Log: DFPawn_Nid_78::UpdateMeleeCollisionChecks ERROR - AnimLinkup->BoneToTrackTable for bone 58 returning INDEX_NONE
[3274.30] Log: DFPawn_Nid_78::UpdateMeleeCollisionChecks ERROR - AnimLinkup->BoneToTrackTable for bone 58 returning INDEX_NONE
[3274.32] Log: DFPawn_Nid_78::UpdateMeleeCollisionChecks ERROR - AnimLinkup->BoneToTrackTable for bone 58 returning INDEX_NONE
[3274.34] Log: DFPawn_Nid_78::UpdateMeleeCollisionChecks ERROR - AnimLinkup->BoneToTrackTable for bone 58 returning INDEX_NONE
[3274.35] Log: DFPawn_Nid_78::UpdateMeleeCollisionChecks ERROR - AnimLinkup->BoneToTrackTable for bone 58 returning INDEX_NONE
[3274.37] Log: DFPawn_Nid_78::UpdateMeleeCollisionChecks ERROR - AnimLinkup->BoneToTrackTable for bone 58 returning INDEX_NONE
[3274.39] Log: DFPawn_Nid_78::UpdateMeleeCollisionChecks ERROR - AnimLinkup->BoneToTrackTable for bone 58 returning INDEX_NONE
[3274.40] Log: DFPawn_Nid_78::UpdateMeleeCollisionChecks ERROR - AnimLinkup->BoneToTrackTable for bone 58 returning INDEX_NONE
[3274.42] Log: DFPawn_Nid_78::UpdateMeleeCollisionChecks ERROR - AnimLinkup->BoneToTrackTable for bone 58 returning INDEX_NONE
[3274.44] Log: DFPawn_Nid_78::UpdateMeleeCollisionChecks ERROR - AnimLinkup->BoneToTrackTable for bone 58 returning INDEX_NONE
[3274.45] Log: DFPawn_Nid_78::UpdateMeleeCollisionChecks ERROR - AnimLinkup->BoneToTrackTable for bone 58 returning INDEX_NONE
[3274.47] Log: DFPawn_Nid_78::UpdateMeleeCollisionChecks ERROR - AnimLinkup->BoneToTrackTable for bone 58 returning INDEX_NONE
[3274.49] Log: DFPawn_Nid_78::UpdateMeleeCollisionChecks ERROR - AnimLinkup->BoneToTrackTable for bone 58 returning INDEX_NONE
[3274.51] Log: DFPawn_Nid_78::UpdateMeleeCollisionChecks ERROR - AnimLinkup->BoneToTrackTable for bone 58 returning INDEX_NONE
[3274.52] Log: DFPawn_Nid_78::UpdateMeleeCollisionChecks ERROR - AnimLinkup->BoneToTrackTable for bone 58 returning INDEX_NONE
[3274.54] Log: DFPawn_Nid_78::UpdateMeleeCollisionChecks ERROR - AnimLinkup->BoneToTrackTable for bone 58 returning INDEX_NONE
[3274.56] Log: DFPawn_Nid_78::UpdateMeleeCollisionChecks ERROR - AnimLinkup->BoneToTrackTable for bone 58 returning INDEX_NONE
[3274.57] Log: DFPawn_Nid_78::UpdateMeleeCollisionChecks ERROR - AnimLinkup->BoneToTrackTable for bone 58 returning INDEX_NONE
[3275.37] Log: Skills: Adding skill to cache... Melee Attack
[3277.42] DevOnline: Listening for lan beacon requests on 6777
[3279.30] Error: ApplyNewRBState() called for kinematic actor DFDroppedPickup_369
[3279.30] Error: ApplyNewRBState() called for kinematic actor DFDroppedPickup_Shield_37
[3279.30] Error: ApplyNewRBState() called for kinematic actor DFDroppedPickup_370
[3279.37] Error: ApplyNewRBState() called for kinematic actor DFDroppedPickup_369
[3279.37] Error: ApplyNewRBState() called for kinematic actor DFDroppedPickup_Shield_37
[3279.37] Error: ApplyNewRBState() called for kinematic actor DFDroppedPickup_370
[3279.50] ScriptWarning: Accessed None 'RunSound'
	DFSpecialMove_RoadieRun UGC-Persistent.TheWorld:PersistentLevel.DFSpecialMove_RoadieRun_35
	Function DFGame.DFSpecialMove_RoadieRun:StartSpecialMove:04EF
[3279.52] ScriptWarning: Accessed None 'RunSound'
	DFSpecialMove_RoadieRun UGC-Persistent.TheWorld:PersistentLevel.DFSpecialMove_RoadieRun_35
	Function DFGame.DFSpecialMove_RoadieRun:StopSpecialMove:0174
[3280.29] ScriptWarning: Accessed None 'RunSound'
	DFSpecialMove_RoadieRun UGC-Persistent.TheWorld:PersistentLevel.DFSpecialMove_RoadieRun_35
	Function DFGame.DFSpecialMove_RoadieRun:StartSpecialMove:04EF
[3280.32] ScriptWarning: Accessed None 'RunSound'
	DFSpecialMove_RoadieRun UGC-Persistent.TheWorld:PersistentLevel.DFSpecialMove_RoadieRun_35
	Function DFGame.DFSpecialMove_RoadieRun:StopSpecialMove:0174
[3281.04] MP_Weapons_Native: SetAttackSkillObjectByName() failed, due to not having a prev. ASO - DFWeaponAttachment_Melee_142
[3282.00] Error: ApplyNewRBState() called for kinematic actor DFDroppedPickup_371
[3282.00] Error: ApplyNewRBState() called for kinematic actor DFDroppedPickup_372
[3282.00] Error: ApplyNewRBState() called for kinematic actor DFDroppedPickup_Shield_38
[3282.06] Error: ApplyNewRBState() called for kinematic actor DFDroppedPickup_371
[3282.06] Error: ApplyNewRBState() called for kinematic actor DFDroppedPickup_372
[3282.06] Error: ApplyNewRBState() called for kinematic actor DFDroppedPickup_Shield_38
[3282.42] DevOnline: Listening for lan beacon requests on 6777
[3282.54] Log: ToggleVertexInfluences: (CH_Skeleton.Meshes.SK_Skeleton_LOD1) FlushRenderingCommands Took 11.795498 ms
[3284.56] Error: ApplyNewRBState() called for kinematic actor DFDroppedPickup_Shield_39
[3284.56] Error: ApplyNewRBState() called for kinematic actor DFDroppedPickup_374
[3285.74] Log: Could not find FMC creator for PSC UGC-Persistent.TheWorld:PersistentLevel.DFWeaponAttachment_Melee_140.inXileParticleSystemComponent_7948 completion callback, message None
[3286.42] DevOnline: Listening for lan beacon requests on 6777
[3288.90] ScriptWarning: Accessed None 'RunSound'
	DFSpecialMove_RoadieRun UGC-Persistent.TheWorld:PersistentLevel.DFSpecialMove_RoadieRun_35
	Function DFGame.DFSpecialMove_RoadieRun:StartSpecialMove:04EF
[3289.88] Log: DFPawn_Nid_79::UpdateMeleeCollisionChecks ERROR - AnimLinkup->BoneToTrackTable for bone 58 returning INDEX_NONE
[3289.90] Log: DFPawn_Nid_79::UpdateMeleeCollisionChecks ERROR - AnimLinkup->BoneToTrackTable for bone 58 returning INDEX_NONE
[3289.91] Log: DFPawn_Nid_79::UpdateMeleeCollisionChecks ERROR - AnimLinkup->BoneToTrackTable for bone 58 returning INDEX_NONE
[3289.93] Log: DFPawn_Nid_79::UpdateMeleeCollisionChecks ERROR - AnimLinkup->BoneToTrackTable for bone 58 returning INDEX_NONE
[3289.95] Log: DFPawn_Nid_79::UpdateMeleeCollisionChecks ERROR - AnimLinkup->BoneToTrackTable for bone 58 returning INDEX_NONE
[3289.96] Log: DFPawn_Nid_79::UpdateMeleeCollisionChecks ERROR - AnimLinkup->BoneToTrackTable for bone 58 returning INDEX_NONE
[3289.98] Log: DFPawn_Nid_79::UpdateMeleeCollisionChecks ERROR - AnimLinkup->BoneToTrackTable for bone 58 returning INDEX_NONE
[3290.00] Log: DFPawn_Nid_79::UpdateMeleeCollisionChecks ERROR - AnimLinkup->BoneToTrackTable for bone 58 returning INDEX_NONE
[3290.01] Log: DFPawn_Nid_79::UpdateMeleeCollisionChecks ERROR - AnimLinkup->BoneToTrackTable for bone 58 returning INDEX_NONE
[3290.03] Log: DFPawn_Nid_79::UpdateMeleeCollisionChecks ERROR - AnimLinkup->BoneToTrackTable for bone 58 returning INDEX_NONE
[3290.05] Log: DFPawn_Nid_79::UpdateMeleeCollisionChecks ERROR - AnimLinkup->BoneToTrackTable for bone 58 returning INDEX_NONE
[3290.07] Log: DFPawn_Nid_79::UpdateMeleeCollisionChecks ERROR - AnimLinkup->BoneToTrackTable for bone 58 returning INDEX_NONE
[3290.08] Log: DFPawn_Nid_79::UpdateMeleeCollisionChecks ERROR - AnimLinkup->BoneToTrackTable for bone 58 returning INDEX_NONE
[3290.10] Log: DFPawn_Nid_79::UpdateMeleeCollisionChecks ERROR - AnimLinkup->BoneToTrackTable for bone 58 returning INDEX_NONE
[3290.12] Log: DFPawn_Nid_79::UpdateMeleeCollisionChecks ERROR - AnimLinkup->BoneToTrackTable for bone 58 returning INDEX_NONE
[3290.13] Log: DFPawn_Nid_79::UpdateMeleeCollisionChecks ERROR - AnimLinkup->BoneToTrackTable for bone 58 returning INDEX_NONE
[3290.15] Log: DFPawn_Nid_79::UpdateMeleeCollisionChecks ERROR - AnimLinkup->BoneToTrackTable for bone 58 returning INDEX_NONE
[3290.17] Log: DFPawn_Nid_79::UpdateMeleeCollisionChecks ERROR - AnimLinkup->BoneToTrackTable for bone 58 returning INDEX_NONE
[3290.18] Log: DFPawn_Nid_79::UpdateMeleeCollisionChecks ERROR - AnimLinkup->BoneToTrackTable for bone 58 returning INDEX_NONE
[3290.20] Log: DFPawn_Nid_79::UpdateMeleeCollisionChecks ERROR - AnimLinkup->BoneToTrackTable for bone 58 returning INDEX_NONE
[3290.22] Log: DFPawn_Nid_79::UpdateMeleeCollisionChecks ERROR - AnimLinkup->BoneToTrackTable for bone 58 returning INDEX_NONE
[3290.24] Log: DFPawn_Nid_79::UpdateMeleeCollisionChecks ERROR - AnimLinkup->BoneToTrackTable for bone 58 returning INDEX_NONE
[3290.25] Log: DFPawn_Nid_79::UpdateMeleeCollisionChecks ERROR - AnimLinkup->BoneToTrackTable for bone 58 returning INDEX_NONE
[3290.27] Log: DFPawn_Nid_79::UpdateMeleeCollisionChecks ERROR - AnimLinkup->BoneToTrackTable for bone 58 returning INDEX_NONE
[3290.29] Log: DFPawn_Nid_79::UpdateMeleeCollisionChecks ERROR - AnimLinkup->BoneToTrackTable for bone 58 returning INDEX_NONE
[3290.30] Log: DFPawn_Nid_79::UpdateMeleeCollisionChecks ERROR - AnimLinkup->BoneToTrackTable for bone 58 returning INDEX_NONE
[3290.32] Log: DFPawn_Nid_79::UpdateMeleeCollisionChecks ERROR - AnimLinkup->BoneToTrackTable for bone 58 returning INDEX_NONE
[3290.34] Log: DFPawn_Nid_79::UpdateMeleeCollisionChecks ERROR - AnimLinkup->BoneToTrackTable for bone 58 returning INDEX_NONE
[3290.35] Log: DFPawn_Nid_79::UpdateMeleeCollisionChecks ERROR - AnimLinkup->BoneToTrackTable for bone 58 returning INDEX_NONE
[3290.37] Log: DFPawn_Nid_79::UpdateMeleeCollisionChecks ERROR - AnimLinkup->BoneToTrackTable for bone 58 returning INDEX_NONE
[3290.39] Log: DFPawn_Nid_79::UpdateMeleeCollisionChecks ERROR - AnimLinkup->BoneToTrackTable for bone 58 returning INDEX_NONE
[3290.40] Log: DFPawn_Nid_79::UpdateMeleeCollisionChecks ERROR - AnimLinkup->BoneToTrackTable for bone 58 returning INDEX_NONE
[3290.42] Log: DFPawn_Nid_79::UpdateMeleeCollisionChecks ERROR - AnimLinkup->BoneToTrackTable for bone 58 returning INDEX_NONE
[3290.69] Log: DFPawn_Nid_79::UpdateMeleeCollisionChecks ERROR - AnimLinkup->BoneToTrackTable for bone 58 returning INDEX_NONE
[3290.71] Log: DFPawn_Nid_79::UpdateMeleeCollisionChecks ERROR - AnimLinkup->BoneToTrackTable for bone 58 returning INDEX_NONE
[3290.73] Log: DFPawn_Nid_79::UpdateMeleeCollisionChecks ERROR - AnimLinkup->BoneToTrackTable for bone 58 returning INDEX_NONE
[3290.74] Log: DFPawn_Nid_79::UpdateMeleeCollisionChecks ERROR - AnimLinkup->BoneToTrackTable for bone 58 returning INDEX_NONE
[3290.76] Log: DFPawn_Nid_79::UpdateMeleeCollisionChecks ERROR - AnimLinkup->BoneToTrackTable for bone 58 returning INDEX_NONE
[3290.78] Log: DFPawn_Nid_79::UpdateMeleeCollisionChecks ERROR - AnimLinkup->BoneToTrackTable for bone 58 returning INDEX_NONE
[3290.79] Log: DFPawn_Nid_79::UpdateMeleeCollisionChecks ERROR - AnimLinkup->BoneToTrackTable for bone 58 returning INDEX_NONE
[3290.81] Log: DFPawn_Nid_79::UpdateMeleeCollisionChecks ERROR - AnimLinkup->BoneToTrackTable for bone 58 returning INDEX_NONE
[3290.83] Log: DFPawn_Nid_79::UpdateMeleeCollisionChecks ERROR - AnimLinkup->BoneToTrackTable for bone 58 returning INDEX_NONE
[3290.84] Log: DFPawn_Nid_79::UpdateMeleeCollisionChecks ERROR - AnimLinkup->BoneToTrackTable for bone 58 returning INDEX_NONE
[3290.86] Log: DFPawn_Nid_79::UpdateMeleeCollisionChecks ERROR - AnimLinkup->BoneToTrackTable for bone 58 returning INDEX_NONE
[3290.88] Log: DFPawn_Nid_79::UpdateMeleeCollisionChecks ERROR - AnimLinkup->BoneToTrackTable for bone 58 returning INDEX_NONE
[3290.89] Log: DFPawn_Nid_79::UpdateMeleeCollisionChecks ERROR - AnimLinkup->BoneToTrackTable for bone 58 returning INDEX_NONE
[3290.91] Log: DFPawn_Nid_79::UpdateMeleeCollisionChecks ERROR - AnimLinkup->BoneToTrackTable for bone 58 returning INDEX_NONE
[3290.93] Log: DFPawn_Nid_79::UpdateMeleeCollisionChecks ERROR - AnimLinkup->BoneToTrackTable for bone 58 returning INDEX_NONE
[3291.20] Log: DFPawn_Nid_79::UpdateMeleeCollisionChecks ERROR - AnimLinkup->BoneToTrackTable for bone 58 returning INDEX_NONE
[3291.22] Log: DFPawn_Nid_79::UpdateMeleeCollisionChecks ERROR - AnimLinkup->BoneToTrackTable for bone 58 returning INDEX_NONE
[3291.23] Log: DFPawn_Nid_79::UpdateMeleeCollisionChecks ERROR - AnimLinkup->BoneToTrackTable for bone 58 returning INDEX_NONE
[3291.25] Log: DFPawn_Nid_79::UpdateMeleeCollisionChecks ERROR - AnimLinkup->BoneToTrackTable for bone 58 returning INDEX_NONE
[3291.27] Log: DFPawn_Nid_79::UpdateMeleeCollisionChecks ERROR - AnimLinkup->BoneToTrackTable for bone 58 returning INDEX_NONE
[3291.28] Log: DFPawn_Nid_79::UpdateMeleeCollisionChecks ERROR - AnimLinkup->BoneToTrackTable for bone 58 returning INDEX_NONE
[3291.30] Log: DFPawn_Nid_79::UpdateMeleeCollisionChecks ERROR - AnimLinkup->BoneToTrackTable for bone 58 returning INDEX_NONE
[3291.32] Log: DFPawn_Nid_79::UpdateMeleeCollisionChecks ERROR - AnimLinkup->BoneToTrackTable for bone 58 returning INDEX_NONE
[3291.34] Log: DFPawn_Nid_79::UpdateMeleeCollisionChecks ERROR - AnimLinkup->BoneToTrackTable for bone 58 returning INDEX_NONE
[3291.35] Log: DFPawn_Nid_79::UpdateMeleeCollisionChecks ERROR - AnimLinkup->BoneToTrackTable for bone 58 returning INDEX_NONE
[3291.37] Log: DFPawn_Nid_79::UpdateMeleeCollisionChecks ERROR - AnimLinkup->BoneToTrackTable for bone 58 returning INDEX_NONE
[3291.39] Log: DFPawn_Nid_79::UpdateMeleeCollisionChecks ERROR - AnimLinkup->BoneToTrackTable for bone 58 returning INDEX_NONE
[3291.40] Log: DFPawn_Nid_79::UpdateMeleeCollisionChecks ERROR - AnimLinkup->BoneToTrackTable for bone 58 returning INDEX_NONE
[3291.42] Log: DFPawn_Nid_79::UpdateMeleeCollisionChecks ERROR - AnimLinkup->BoneToTrackTable for bone 58 returning INDEX_NONE
[3291.44] DevOnline: Listening for lan beacon requests on 6777
[3291.44] Log: DFPawn_Nid_79::UpdateMeleeCollisionChecks ERROR - AnimLinkup->BoneToTrackTable for bone 58 returning INDEX_NONE
[3291.45] Log: DFPawn_Nid_79::UpdateMeleeCollisionChecks ERROR - AnimLinkup->BoneToTrackTable for bone 58 returning INDEX_NONE
[3291.72] Log: DFPawn_Nid_79::UpdateMeleeCollisionChecks ERROR - AnimLinkup->BoneToTrackTable for bone 58 returning INDEX_NONE
[3291.74] Log: DFPawn_Nid_79::UpdateMeleeCollisionChecks ERROR - AnimLinkup->BoneToTrackTable for bone 58 returning INDEX_NONE
[3291.76] Log: DFPawn_Nid_79::UpdateMeleeCollisionChecks ERROR - AnimLinkup->BoneToTrackTable for bone 58 returning INDEX_NONE
[3291.78] Log: DFPawn_Nid_79::UpdateMeleeCollisionChecks ERROR - AnimLinkup->BoneToTrackTable for bone 58 returning INDEX_NONE
[3291.80] Log: DFPawn_Nid_79::UpdateMeleeCollisionChecks ERROR - AnimLinkup->BoneToTrackTable for bone 58 returning INDEX_NONE
[3291.81] Log: DFPawn_Nid_79::UpdateMeleeCollisionChecks ERROR - AnimLinkup->BoneToTrackTable for bone 58 returning INDEX_NONE
[3291.83] Log: DFPawn_Nid_79::UpdateMeleeCollisionChecks ERROR - AnimLinkup->BoneToTrackTable for bone 58 returning INDEX_NONE
[3291.84] Log: DFPawn_Nid_79::UpdateMeleeCollisionChecks ERROR - AnimLinkup->BoneToTrackTable for bone 58 returning INDEX_NONE
[3291.86] Log: DFPawn_Nid_79::UpdateMeleeCollisionChecks ERROR - AnimLinkup->BoneToTrackTable for bone 58 returning INDEX_NONE
[3291.88] Log: DFPawn_Nid_79::UpdateMeleeCollisionChecks ERROR - AnimLinkup->BoneToTrackTable for bone 58 returning INDEX_NONE
[3291.89] Log: DFPawn_Nid_79::UpdateMeleeCollisionChecks ERROR - AnimLinkup->BoneToTrackTable for bone 58 returning INDEX_NONE
[3291.91] Log: DFPawn_Nid_79::UpdateMeleeCollisionChecks ERROR - AnimLinkup->BoneToTrackTable for bone 58 returning INDEX_NONE
[3291.93] Log: DFPawn_Nid_79::UpdateMeleeCollisionChecks ERROR - AnimLinkup->BoneToTrackTable for bone 58 returning INDEX_NONE
[3291.95] Log: DFPawn_Nid_79::UpdateMeleeCollisionChecks ERROR - AnimLinkup->BoneToTrackTable for bone 58 returning INDEX_NONE
[3291.96] Log: DFPawn_Nid_79::UpdateMeleeCollisionChecks ERROR - AnimLinkup->BoneToTrackTable for bone 58 returning INDEX_NONE
[3291.98] Log: DFPawn_Nid_79::UpdateMeleeCollisionChecks ERROR - AnimLinkup->BoneToTrackTable for bone 58 returning INDEX_NONE
[3294.37] Error: ApplyNewRBState() called for kinematic actor DFDroppedPickup_375
[3294.37] Error: ApplyNewRBState() called for kinematic actor DFDroppedPickup_Shield_40
[3294.44] Error: ApplyNewRBState() called for kinematic actor DFDroppedPickup_375
[3294.44] Error: ApplyNewRBState() called for kinematic actor DFDroppedPickup_Shield_40
[3295.33] Log: ADFDialogManager::PlayConversationFromScript, Conversation not found: conv_CaddocWin
[3295.45] DevOnline: Listening for lan beacon requests on 6777
[3295.59] ScriptWarning: Accessed None 'RunSound'
	DFSpecialMove_RoadieRun UGC-Persistent.TheWorld:PersistentLevel.DFSpecialMove_RoadieRun_35
	Function DFGame.DFSpecialMove_RoadieRun:StopSpecialMove:0174
[3296.50] ScriptWarning: Accessed None 'RunSound'
	DFSpecialMove_RoadieRun UGC-Persistent.TheWorld:PersistentLevel.DFSpecialMove_RoadieRun_35
	Function DFGame.DFSpecialMove_RoadieRun:StartSpecialMove:04EF
[3300.47] DevOnline: Listening for lan beacon requests on 6777
[3304.47] DevOnline: Listening for lan beacon requests on 6777
[3307.05] ScriptWarning: Accessed None 'RunSound'
	DFSpecialMove_RoadieRun UGC-Persistent.TheWorld:PersistentLevel.DFSpecialMove_RoadieRun_35
	Function DFGame.DFSpecialMove_RoadieRun:StopSpecialMove:0174
[3309.49] DevOnline: Listening for lan beacon requests on 6777
[3313.50] DevOnline: Listening for lan beacon requests on 6777
[3318.50] DevOnline: Listening for lan beacon requests on 6777
[3319.98] ScriptWarning: Accessed None 'RunSound'
	DFSpecialMove_RoadieRun UGC-Persistent.TheWorld:PersistentLevel.DFSpecialMove_RoadieRun_35
	Function DFGame.DFSpecialMove_RoadieRun:StartSpecialMove:04EF
[3322.52] DevOnline: Listening for lan beacon requests on 6777
[3323.23] Log: APPLY TRANSFORM LEVEL from UpdateSTreamingLevels():
[3323.23] Log: APPLY TRANSFORM ROOM #4, rot.pitch=0, rot.yaw=0, rot.roll=0;  Offset=12469.105469,70119.851563,-3433.453369
[3323.23] Log: APPLY TRANSFORM ROOM: UGCDungeonLayoutValues.LevelIndexCurr = 4
[3323.23] Log:  LevelData[4] setting bOffsetsApplied to TRUE
[3323.23] Log:  Flagging Level[4] to be Not Visible
[3323.23] Log:  Flagging Level[4] to be Visible
[3324.45] ScriptWarning: Accessed None 'RunSound'
	DFSpecialMove_RoadieRun UGC-Persistent.TheWorld:PersistentLevel.DFSpecialMove_RoadieRun_35
	Function DFGame.DFSpecialMove_RoadieRun:StopSpecialMove:0174
[3324.49] Log: Could not find FMC creator for PSC 000_Hallway1.TheWorld:PersistentLevel.DFPickupFactoryAlchemyObject_ShardContent_0.inXileParticleSystemComponent_7704 completion callback, message None
[3327.52] DevOnline: Listening for lan beacon requests on 6777
[3329.86] Log: Changing subtitle setting, new value: 0
[3329.97] Warning: Warning, Failed to load 'SwfMovie ?INT?GFxUI.IME.MoviePath?': Failed to find object 'SwfMovie ?INT?GFxUI.IME.MoviePath?'
[3329.97] Log: GFx attempted to load missing object [?INT?GFxUI.IME.MoviePath?]
[3331.54] DevOnline: Listening for lan beacon requests on 6777
[3336.55] DevOnline: Listening for lan beacon requests on 6777
[3340.56] DevOnline: Listening for lan beacon requests on 6777
[3345.57] DevOnline: Listening for lan beacon requests on 6777
[3348.39] Log: Changing subtitle setting, new value: 1
[3349.58] DevOnline: Listening for lan beacon requests on 6777
[3350.38] ScriptWarning: Accessed None 'RunSound'
	DFSpecialMove_RoadieRun UGC-Persistent.TheWorld:PersistentLevel.DFSpecialMove_RoadieRun_35
	Function DFGame.DFSpecialMove_RoadieRun:StartSpecialMove:04EF
[3353.98] ScriptWarning: Accessed None 'RunSound'
	DFSpecialMove_RoadieRun UGC-Persistent.TheWorld:PersistentLevel.DFSpecialMove_RoadieRun_35
	Function DFGame.DFSpecialMove_RoadieRun:StopSpecialMove:0174
[3354.59] DevOnline: Listening for lan beacon requests on 6777
[3358.60] DevOnline: Listening for lan beacon requests on 6777
[3363.62] DevOnline: Listening for lan beacon requests on 6777
[3364.07] Log: Before HALL TRANSORM: UGCDungeonLayoutValues.LevelIndexCurr=4
[3364.07] Log: APPLY TRANSFORM Hall: xformed exit door side=2, rot.roll=0, rot.pitch=0, rot.yaw=32768;  Offset=12056.089355,13578.968750,-3668.453613
[3364.07] Log:  LevelData[0] setting bOffsetsApplied to TRUE
[3364.07] Log:  Flagging Level[0] to be Not Visible
[3364.07] Log:  Flagging Level[0] to be Visible
[3364.08] Log: FKAggregateGeom::InstanceNovodexGeom: (Actor: 000_Hallway1.TheWorld:PersistentLevel.StaticMeshActor_241 Component: StaticMeshComponent_1808 StaticMesh: ES3_EnviroProps.Meshes.S_WebPlane) No geometries in FKAggregateGeom.
[3364.08] Log: URB_BodyInstance::InitBody : Could not create new Shape: Actor: 000_Hallway1.TheWorld:PersistentLevel.StaticMeshActor_241 Component: StaticMeshComponent_1808 StaticMesh: ES3_EnviroProps.Meshes.S_WebPlane
[3364.08] Log: FKAggregateGeom::InstanceNovodexGeom: (Actor: 000_Hallway1.TheWorld:PersistentLevel.StaticMeshActor_298 Component: StaticMeshComponent_1808 StaticMesh: ES3_EnviroProps.Meshes.S_WebPlane) No geometries in FKAggregateGeom.
[3364.08] Log: URB_BodyInstance::InitBody : Could not create new Shape: Actor: 000_Hallway1.TheWorld:PersistentLevel.StaticMeshActor_298 Component: StaticMeshComponent_1808 StaticMesh: ES3_EnviroProps.Meshes.S_WebPlane
[3364.08] Log: FKAggregateGeom::InstanceNovodexGeom: (Actor: 000_Hallway1.TheWorld:PersistentLevel.StaticMeshActor_191 Component: StaticMeshComponent_1808 StaticMesh: ES3_EnviroProps.Meshes.S_WebPlane) No geometries in FKAggregateGeom.
[3364.08] Log: URB_BodyInstance::InitBody : Could not create new Shape: Actor: 000_Hallway1.TheWorld:PersistentLevel.StaticMeshActor_191 Component: StaticMeshComponent_1808 StaticMesh: ES3_EnviroProps.Meshes.S_WebPlane
[3367.62] DevOnline: Listening for lan beacon requests on 6777
[3372.63] DevOnline: Listening for lan beacon requests on 6777
[3372.85] MP_Weapons_Native: SetAttackSkillObjectByName() failed, due to not having a prev. ASO - DFWeaponAttachment_Melee_143
[3372.86] MP_Weapons_Native: SetAttackSkillObjectByName() failed, due to not having a prev. ASO - DFWeaponAttachment_Melee_144
[3372.93] MP_Weapons_Native: SetAttackSkillObjectByName() failed, due to not having a prev. ASO - DFWeaponAttachment_Melee_145
[3373.78] MP_Weapons_Native: SetAttackSkillObjectByName() failed, due to not having a prev. ASO - DFWeaponAttachment_Melee_146
[3375.82] ScriptWarning: Accessed None 'CurrentWeaponAttachment'
	DFWeaponAttachment_Melee UGC-Persistent.TheWorld:PersistentLevel.DFWeaponAttachment_Melee_141
	Function DFGame.DFWeaponAttachment:Cleanup:0152
[3376.21] MP_Weapons_Native: SetAttackSkillObjectByName() failed, due to not having a prev. ASO - DFWeaponAttachment_Ranged_Spell_101
[3376.63] DevOnline: Listening for lan beacon requests on 6777
[3377.51] Log: Could not find FMC creator for PSC UGC-Persistent.TheWorld:PersistentLevel.DFPawn_Hero_Female_1.inXileParticleSystemComponent_8137 completion callback, message None
[3379.57] Log: Could not find FMC creator for PSC UGC-Persistent.TheWorld:PersistentLevel.DFPawn_Hero_Female_1.inXileParticleSystemComponent_8138 completion callback, message None
[3381.43] ScriptWarning: Accessed None 'CurrentWeaponAttachment'
	DFWeaponAttachment_Ranged_Spell UGC-Persistent.TheWorld:PersistentLevel.DFWeaponAttachment_Ranged_Spell_101
	Function DFGame.DFWeaponAttachment:Cleanup:0152
[3381.64] DevOnline: Listening for lan beacon requests on 6777
[3381.68] MP_Weapons_Native: SetAttackSkillObjectByName() failed, due to not having a prev. ASO - DFWeaponAttachment_Melee_147
[3382.89] MP_Weapons_Native: SetAttackSkillObjectByName() failed, due to not having a prev. ASO - DFWeaponAttachment_Melee_148
[3383.84] Error: ApplyNewRBState() called for kinematic actor DFDroppedPickup_378
[3383.84] Error: ApplyNewRBState() called for kinematic actor DFDroppedPickup_380
[3383.84] Error: ApplyNewRBState() called for kinematic actor DFDroppedPickup_Shield_41
[3383.91] Error: ApplyNewRBState() called for kinematic actor DFDroppedPickup_378
[3383.91] Error: ApplyNewRBState() called for kinematic actor DFDroppedPickup_380
[3383.91] Error: ApplyNewRBState() called for kinematic actor DFDroppedPickup_Shield_41
[3385.64] DevOnline: Listening for lan beacon requests on 6777
[3385.94] MP_Weapons_Native: SetAttackSkillObjectByName() failed, due to not having a prev. ASO - DFWeaponAttachment_Melee_149
[3386.89] Error: ApplyNewRBState() called for kinematic actor DFDroppedPickup_381
[3386.89] Error: ApplyNewRBState() called for kinematic actor DFDroppedPickup_382
[3386.89] Error: ApplyNewRBState() called for kinematic actor DFDroppedPickup_383
[3386.96] Error: ApplyNewRBState() called for kinematic actor DFDroppedPickup_381
[3386.96] Error: ApplyNewRBState() called for kinematic actor DFDroppedPickup_382
[3386.96] Error: ApplyNewRBState() called for kinematic actor DFDroppedPickup_383
[3390.65] DevOnline: Listening for lan beacon requests on 6777
[3394.67] DevOnline: Listening for lan beacon requests on 6777
[3394.89] Error: ApplyNewRBState() called for kinematic actor DFDroppedPickup_384
[3394.89] Error: ApplyNewRBState() called for kinematic actor DFDroppedPickup_385
[3394.96] Error: ApplyNewRBState() called for kinematic actor DFDroppedPickup_384
[3394.96] Error: ApplyNewRBState() called for kinematic actor DFDroppedPickup_385
[3395.06] Log: Could not find FMC creator for PSC UGC-Persistent.TheWorld:PersistentLevel.DFWeaponAttachment_Melee_140.inXileParticleSystemComponent_7948 completion callback, message None
[3397.18] Error: ApplyNewRBState() called for kinematic actor DFDroppedPickup_387
[3397.18] Error: ApplyNewRBState() called for kinematic actor DFDroppedPickup_388
[3397.24] Error: ApplyNewRBState() called for kinematic actor DFDroppedPickup_386
[3397.24] Error: ApplyNewRBState() called for kinematic actor DFDroppedPickup_388
[3397.31] Error: ApplyNewRBState() called for kinematic actor DFDroppedPickup_387
[3397.80] Log: Skills: Adding skill to cache... <Strings:DFGame.Skill.Melee_LLH_Name>
[3399.67] DevOnline: Listening for lan beacon requests on 6777
[3399.99] Log: ToggleVertexInfluences: (CH_Skeleton.Meshes.SK_Skeleton_LOD1) FlushRenderingCommands Took 18.830400 ms
[3402.01] Error: ApplyNewRBState() called for kinematic actor DFDroppedPickup_Shield_43
[3402.01] Error: ApplyNewRBState() called for kinematic actor DFDroppedPickup_389
[3402.01] Error: ApplyNewRBState() called for kinematic actor DFDroppedPickup_390
[3402.07] Error: ApplyNewRBState() called for kinematic actor DFDroppedPickup_Shield_43
[3402.07] Error: ApplyNewRBState() called for kinematic actor DFDroppedPickup_389
[3402.07] Error: ApplyNewRBState() called for kinematic actor DFDroppedPickup_390
[3403.68] DevOnline: Listening for lan beacon requests on 6777
[3408.21] ScriptWarning: Accessed None 'CurrentWeaponAttachment'
	DFWeaponAttachment_Melee UGC-Persistent.TheWorld:PersistentLevel.DFWeaponAttachment_Melee_147
	Function DFGame.DFWeaponAttachment:Cleanup:0152
[3408.60] MP_Weapons_Native: SetAttackSkillObjectByName() failed, due to not having a prev. ASO - DFWeaponAttachment_Ranged_Spell_102
[3408.70] DevOnline: Listening for lan beacon requests on 6777
[3409.77] Log: Could not find FMC creator for PSC UGC-Persistent.TheWorld:PersistentLevel.DFPawn_Hero_Female_1.inXileParticleSystemComponent_8209 completion callback, message None
[3411.87] Log: Could not find FMC creator for PSC UGC-Persistent.TheWorld:PersistentLevel.DFPawn_Hero_Female_1.inXileParticleSystemComponent_8210 completion callback, message None
[3412.72] DevOnline: Listening for lan beacon requests on 6777
[3417.63] ScriptWarning: Accessed None 'CurrentWeaponAttachment'
	DFWeaponAttachment_Ranged_Spell UGC-Persistent.TheWorld:PersistentLevel.DFWeaponAttachment_Ranged_Spell_102
	Function DFGame.DFWeaponAttachment:Cleanup:0152
[3417.72] DevOnline: Listening for lan beacon requests on 6777
[3417.92] MP_Weapons_Native: SetAttackSkillObjectByName() failed, due to not having a prev. ASO - DFWeaponAttachment_Melee_150
[3420.77] Error: ApplyNewRBState() called for kinematic actor DFDroppedPickup_392
[3420.84] Error: ApplyNewRBState() called for kinematic actor DFDroppedPickup_392
[3421.73] DevOnline: Listening for lan beacon requests on 6777
[3422.68] Error: ApplyNewRBState() called for kinematic actor DFDroppedPickup_Shield_44
[3422.68] Error: ApplyNewRBState() called for kinematic actor DFDroppedPickup_394
[3422.75] Error: ApplyNewRBState() called for kinematic actor DFDroppedPickup_Shield_44
[3422.75] Error: ApplyNewRBState() called for kinematic actor DFDroppedPickup_394
[3426.75] DevOnline: Listening for lan beacon requests on 6777
[3427.12] Log: Could not find FMC creator for PSC UGC-Persistent.TheWorld:PersistentLevel.DFWeaponAttachment_Melee_140.inXileParticleSystemComponent_7948 completion callback, message None
[3428.16] ScriptWarning: Accessed None 'CurrentWeaponAttachment'
	DFWeaponAttachment_Melee UGC-Persistent.TheWorld:PersistentLevel.DFWeaponAttachment_Melee_150
	Function DFGame.DFWeaponAttachment:Cleanup:0152
[3428.55] MP_Weapons_Native: SetAttackSkillObjectByName() failed, due to not having a prev. ASO - DFWeaponAttachment_Ranged_Spell_103
[3429.73] Log: Could not find FMC creator for PSC UGC-Persistent.TheWorld:PersistentLevel.DFPawn_Hero_Female_1.inXileParticleSystemComponent_8238 completion callback, message None
[3430.77] DevOnline: Listening for lan beacon requests on 6777
[3430.80] MP_Weapons_Native: SetAttackSkillObjectByName() failed, due to not having a prev. ASO - DFWeaponAttachment_Melee_151
[3430.87] MP_Weapons_Native: SetAttackSkillObjectByName() failed, due to not having a prev. ASO - DFWeaponAttachment_Melee_152
[3430.94] MP_Weapons_Native: SetAttackSkillObjectByName() failed, due to not having a prev. ASO - DFWeaponAttachment_Melee_153
[3431.00] Warning: DFNodeTurnInPlace_Player_586 - Failed, with animsequence 'inj_TurnR90' on SkeletalMeshComponent: 'inXileForgedMeshComponent_2328' whose owner is: 'DFPawn_SpiderCharger_8' and is of type 'ForgedMeshComponent'
[3431.26] Warning: DFNodeTurnInPlace_Player_586 - Failed, with animsequence 'inj_TurnR90' on SkeletalMeshComponent: 'inXileForgedMeshComponent_2328' whose owner is: 'DFPawn_SpiderCharger_8' and is of type 'ForgedMeshComponent'
[3431.82] MP_Weapons_Native: SetAttackSkillObjectByName() failed, due to not having a prev. ASO - DFWeaponAttachment_Melee_154
[3431.87] MP_Weapons_Native: SetAttackSkillObjectByName() failed, due to not having a prev. ASO - DFWeaponAttachment_Melee_155
[3431.94] Log: Could not find FMC creator for PSC UGC-Persistent.TheWorld:PersistentLevel.DFPawn_Hero_Female_1.inXileParticleSystemComponent_8239 completion callback, message None
[3433.73] Warning: DFNodeTurnInPlace_Player_586 - Failed, with animsequence 'inj_TurnR45' on SkeletalMeshComponent: 'inXileForgedMeshComponent_2328' whose owner is: 'DFPawn_SpiderCharger_8' and is of type 'ForgedMeshComponent'
[3435.78] DevOnline: Listening for lan beacon requests on 6777
[3436.12] Warning: DFNodeTurnInPlace_Player_586 - Failed, with animsequence 'inj_TurnL90' on SkeletalMeshComponent: 'inXileForgedMeshComponent_2328' whose owner is: 'DFPawn_SpiderCharger_8' and is of type 'ForgedMeshComponent'
[3437.63] MP_Weapons_Native: SetAttackSkillObjectByName() failed, due to not having a prev. ASO - DFWeaponAttachment_Melee_156
[3438.58] Error: ApplyNewRBState() called for kinematic actor DFDroppedPickup_395
[3438.65] Error: ApplyNewRBState() called for kinematic actor DFDroppedPickup_395
[3438.76] Warning: DFNodeTurnInPlace_Player_606 - Failed, with animsequence 'inj_TurnL180' on SkeletalMeshComponent: 'inXileForgedMeshComponent_2338' whose owner is: 'DFPawn_SpiderCharger_9' and is of type 'ForgedMeshComponent'
[3439.80] DevOnline: Listening for lan beacon requests on 6777
[3442.17] Warning: DFNodeTurnInPlace_Player_606 - Failed, with animsequence 'inj_TurnR45' on SkeletalMeshComponent: 'inXileForgedMeshComponent_2338' whose owner is: 'DFPawn_SpiderCharger_9' and is of type 'ForgedMeshComponent'
[3443.54] Warning: DFNodeTurnInPlace_Player_606 - Failed, with animsequence 'inj_TurnR45' on SkeletalMeshComponent: 'inXileForgedMeshComponent_2338' whose owner is: 'DFPawn_SpiderCharger_9' and is of type 'ForgedMeshComponent'
[3444.05] Error: ApplyNewRBState() called for kinematic actor DFDroppedPickup_Shield_45
[3444.05] Error: ApplyNewRBState() called for kinematic actor DFDroppedPickup_396
[3444.05] Error: ApplyNewRBState() called for kinematic actor DFDroppedPickup_397
[3444.12] Error: ApplyNewRBState() called for kinematic actor DFDroppedPickup_Shield_45
[3444.12] Error: ApplyNewRBState() called for kinematic actor DFDroppedPickup_396
[3444.12] Error: ApplyNewRBState() called for kinematic actor DFDroppedPickup_397
[3444.29] ScriptWarning: Accessed None 'CurrentWeaponAttachment'
	DFWeaponAttachment_Ranged_Spell UGC-Persistent.TheWorld:PersistentLevel.DFWeaponAttachment_Ranged_Spell_103
	Function DFGame.DFWeaponAttachment:Cleanup:0152
[3444.39] Error: ApplyNewRBState() called for kinematic actor DFDroppedPickup_399
[3444.39] Error: ApplyNewRBState() called for kinematic actor DFDroppedPickup_400
[3444.41] Error: ApplyNewRBState() called for kinematic actor DFDroppedPickup_Shield_46
[3444.46] Error: ApplyNewRBState() called for kinematic actor DFDroppedPickup_399
[3444.46] Error: ApplyNewRBState() called for kinematic actor DFDroppedPickup_400
[3444.47] Error: ApplyNewRBState() called for kinematic actor DFDroppedPickup_Shield_46
[3444.58] MP_Weapons_Native: SetAttackSkillObjectByName() failed, due to not having a prev. ASO - DFWeaponAttachment_Melee_157
[3444.81] DevOnline: Listening for lan beacon requests on 6777
[3446.31] MP_Weapons_Native: SetAttackSkillObjectByName() failed, due to not having a prev. ASO - DFWeaponAttachment_Melee_158
[3446.69] Error: ApplyNewRBState() called for kinematic actor DFDroppedPickup_401
[3446.69] Error: ApplyNewRBState() called for kinematic actor DFDroppedPickup_402
[3446.69] Error: ApplyNewRBState() called for kinematic actor DFDroppedPickup_403
[3446.76] Error: ApplyNewRBState() called for kinematic actor DFDroppedPickup_401
[3446.76] Error: ApplyNewRBState() called for kinematic actor DFDroppedPickup_402
[3446.76] Error: ApplyNewRBState() called for kinematic actor DFDroppedPickup_403
[3447.12] Log: Could not find FMC creator for PSC UGC-Persistent.TheWorld:PersistentLevel.DFWeaponAttachment_Melee_140.inXileParticleSystemComponent_7948 completion callback, message None
[3447.20] Error: ApplyNewRBState() called for kinematic actor DFDroppedPickup_404
[3447.20] Error: ApplyNewRBState() called for kinematic actor DFDroppedPickup_406
[3447.25] Error: ApplyNewRBState() called for kinematic actor DFDroppedPickup_407
[3447.25] Error: ApplyNewRBState() called for kinematic actor DFDroppedPickup_408
[3447.27] Error: ApplyNewRBState() called for kinematic actor DFDroppedPickup_404
[3447.32] Error: ApplyNewRBState() called for kinematic actor DFDroppedPickup_407
[3447.32] Error: ApplyNewRBState() called for kinematic actor DFDroppedPickup_408
[3447.34] Error: ApplyNewRBState() called for kinematic actor DFDroppedPickup_406
[3447.42] Warning: DFNodeTurnInPlace_Player_610 - Failed, with animsequence 'inj_TurnR180' on SkeletalMeshComponent: 'inXileForgedMeshComponent_2355' whose owner is: 'DFPawn_SpiderCharger_10' and is of type 'ForgedMeshComponent'
[3448.81] DevOnline: Listening for lan beacon requests on 6777
[3450.12] ScriptWarning: Accessed None 'CurrentWeaponAttachment'
	DFWeaponAttachment_Melee UGC-Persistent.TheWorld:PersistentLevel.DFWeaponAttachment_Melee_157
	Function DFGame.DFWeaponAttachment:Cleanup:0152
[3450.52] MP_Weapons_Native: SetAttackSkillObjectByName() failed, due to not having a prev. ASO - DFWeaponAttachment_Ranged_Spell_104
[3451.85] Log: Could not find FMC creator for PSC UGC-Persistent.TheWorld:PersistentLevel.DFPawn_Hero_Female_1.inXileParticleSystemComponent_8353 completion callback, message None
[3453.34] Error: ApplyNewRBState() called for kinematic actor DFDroppedPickup_409
[3453.34] Error: ApplyNewRBState() called for kinematic actor DFDroppedPickup_410
[3453.41] Error: ApplyNewRBState() called for kinematic actor DFDroppedPickup_409
[3453.41] Error: ApplyNewRBState() called for kinematic actor DFDroppedPickup_410
[3453.83] DevOnline: Listening for lan beacon requests on 6777
[3454.05] Log: Could not find FMC creator for PSC UGC-Persistent.TheWorld:PersistentLevel.DFPawn_Hero_Female_1.inXileParticleSystemComponent_8354 completion callback, message None
[3457.85] DevOnline: Listening for lan beacon requests on 6777
[3461.49] MP_Weapons_Native: SetAttackSkillObjectByName() failed, due to not having a prev. ASO - DFWeaponAttachment_Melee_159
[3461.51] MP_Weapons_Native: SetAttackSkillObjectByName() failed, due to not having a prev. ASO - DFWeaponAttachment_Melee_160
[3461.57] Log: Skills: Adding skill to cache... Melee Attack
[3461.57] MP_Weapons_Native: SetAttackSkillObjectByName() failed, due to not having a prev. ASO - DFWeaponAttachment_Melee_161
[3462.85] DevOnline: Listening for lan beacon requests on 6777
[3466.86] DevOnline: Listening for lan beacon requests on 6777
[3468.45] Log: Skills: Adding skill to cache... Melee Attack
[3468.92] ScriptWarning: Accessed None 'CurrentWeaponAttachment'
	DFWeaponAttachment_Ranged_Spell UGC-Persistent.TheWorld:PersistentLevel.DFWeaponAttachment_Ranged_Spell_104
	Function DFGame.DFWeaponAttachment:Cleanup:0152
[3469.17] MP_Weapons_Native: SetAttackSkillObjectByName() failed, due to not having a prev. ASO - DFWeaponAttachment_Melee_162
[3469.31] Log: Could not find FMC creator for PSC UGC-Persistent.TheWorld:PersistentLevel.DFWeaponAttachment_Melee_140.inXileParticleSystemComponent_7948 completion callback, message None
[3471.18] Error: ApplyNewRBState() called for kinematic actor DFDroppedPickup_411
[3471.25] Error: ApplyNewRBState() called for kinematic actor DFDroppedPickup_411
[3471.88] DevOnline: Listening for lan beacon requests on 6777
[3472.03] MP_Weapons_Native: SetAttackSkillObjectByName() failed, due to not having a prev. ASO - DFWeaponAttachment_Melee_163
[3472.98] Error: ApplyNewRBState() called for kinematic actor DFDroppedPickup_413
[3472.98] Error: ApplyNewRBState() called for kinematic actor DFDroppedPickup_414
[3472.98] Error: ApplyNewRBState() called for kinematic actor DFDroppedPickup_415
[3473.05] Error: ApplyNewRBState() called for kinematic actor DFDroppedPickup_413
[3473.05] Error: ApplyNewRBState() called for kinematic actor DFDroppedPickup_414
[3473.05] Error: ApplyNewRBState() called for kinematic actor DFDroppedPickup_415
[3473.76] Log: DFPawn_Nid_86::UpdateMeleeCollisionChecks ERROR - AnimLinkup->BoneToTrackTable for bone 58 returning INDEX_NONE
[3473.78] Log: DFPawn_Nid_86::UpdateMeleeCollisionChecks ERROR - AnimLinkup->BoneToTrackTable for bone 58 returning INDEX_NONE
[3473.79] Log: DFPawn_Nid_86::UpdateMeleeCollisionChecks ERROR - AnimLinkup->BoneToTrackTable for bone 58 returning INDEX_NONE
[3473.81] Log: DFPawn_Nid_86::UpdateMeleeCollisionChecks ERROR - AnimLinkup->BoneToTrackTable for bone 58 returning INDEX_NONE
[3473.83] Log: DFPawn_Nid_86::UpdateMeleeCollisionChecks ERROR - AnimLinkup->BoneToTrackTable for bone 58 returning INDEX_NONE
[3473.85] Log: DFPawn_Nid_86::UpdateMeleeCollisionChecks ERROR - AnimLinkup->BoneToTrackTable for bone 58 returning INDEX_NONE
[3473.86] Log: DFPawn_Nid_86::UpdateMeleeCollisionChecks ERROR - AnimLinkup->BoneToTrackTable for bone 58 returning INDEX_NONE
[3473.88] Log: DFPawn_Nid_86::UpdateMeleeCollisionChecks ERROR - AnimLinkup->BoneToTrackTable for bone 58 returning INDEX_NONE
[3473.90] Log: DFPawn_Nid_86::UpdateMeleeCollisionChecks ERROR - AnimLinkup->BoneToTrackTable for bone 58 returning INDEX_NONE
[3473.91] Log: DFPawn_Nid_86::UpdateMeleeCollisionChecks ERROR - AnimLinkup->BoneToTrackTable for bone 58 returning INDEX_NONE
[3473.93] Log: DFPawn_Nid_86::UpdateMeleeCollisionChecks ERROR - AnimLinkup->BoneToTrackTable for bone 58 returning INDEX_NONE
[3473.95] Log: DFPawn_Nid_86::UpdateMeleeCollisionChecks ERROR - AnimLinkup->BoneToTrackTable for bone 58 returning INDEX_NONE
[3473.96] Log: DFPawn_Nid_86::UpdateMeleeCollisionChecks ERROR - AnimLinkup->BoneToTrackTable for bone 58 returning INDEX_NONE
[3474.27] Log: DFPawn_Nid_86::UpdateMeleeCollisionChecks ERROR - AnimLinkup->BoneToTrackTable for bone 58 returning INDEX_NONE
[3474.29] Log: DFPawn_Nid_86::UpdateMeleeCollisionChecks ERROR - AnimLinkup->BoneToTrackTable for bone 58 returning INDEX_NONE
[3474.30] Log: DFPawn_Nid_86::UpdateMeleeCollisionChecks ERROR - AnimLinkup->BoneToTrackTable for bone 58 returning INDEX_NONE
[3474.32] Log: DFPawn_Nid_86::UpdateMeleeCollisionChecks ERROR - AnimLinkup->BoneToTrackTable for bone 58 returning INDEX_NONE
[3474.34] Log: DFPawn_Nid_86::UpdateMeleeCollisionChecks ERROR - AnimLinkup->BoneToTrackTable for bone 58 returning INDEX_NONE
[3474.35] Log: DFPawn_Nid_86::UpdateMeleeCollisionChecks ERROR - AnimLinkup->BoneToTrackTable for bone 58 returning INDEX_NONE
[3474.37] Log: DFPawn_Nid_86::UpdateMeleeCollisionChecks ERROR - AnimLinkup->BoneToTrackTable for bone 58 returning INDEX_NONE
[3474.39] Log: DFPawn_Nid_86::UpdateMeleeCollisionChecks ERROR - AnimLinkup->BoneToTrackTable for bone 58 returning INDEX_NONE
[3474.41] Log: DFPawn_Nid_86::UpdateMeleeCollisionChecks ERROR - AnimLinkup->BoneToTrackTable for bone 58 returning INDEX_NONE
[3474.42] Log: DFPawn_Nid_86::UpdateMeleeCollisionChecks ERROR - AnimLinkup->BoneToTrackTable for bone 58 returning INDEX_NONE
[3474.44] Log: DFPawn_Nid_86::UpdateMeleeCollisionChecks ERROR - AnimLinkup->BoneToTrackTable for bone 58 returning INDEX_NONE
[3474.46] Log: DFPawn_Nid_86::UpdateMeleeCollisionChecks ERROR - AnimLinkup->BoneToTrackTable for bone 58 returning INDEX_NONE
[3474.47] Log: DFPawn_Nid_86::UpdateMeleeCollisionChecks ERROR - AnimLinkup->BoneToTrackTable for bone 58 returning INDEX_NONE
[3474.49] Log: DFPawn_Nid_86::UpdateMeleeCollisionChecks ERROR - AnimLinkup->BoneToTrackTable for bone 58 returning INDEX_NONE
[3474.51] Log: DFPawn_Nid_86::UpdateMeleeCollisionChecks ERROR - AnimLinkup->BoneToTrackTable for bone 58 returning INDEX_NONE
[3474.52] Log: DFPawn_Nid_86::UpdateMeleeCollisionChecks ERROR - AnimLinkup->BoneToTrackTable for bone 58 returning INDEX_NONE
[3475.69] MP_Weapons_Native: SetAttackSkillObjectByName() failed, due to not having a prev. ASO - DFWeaponAttachment_Melee_164
[3475.90] DevOnline: Listening for lan beacon requests on 6777
[3476.64] Error: ApplyNewRBState() called for kinematic actor DFDroppedPickup_416
[3476.71] Error: ApplyNewRBState() called for kinematic actor DFDroppedPickup_416
[3478.57] Log: DFPawn_Nid_88::UpdateMeleeCollisionChecks ERROR - AnimLinkup->BoneToTrackTable for bone 58 returning INDEX_NONE
[3478.59] Log: DFPawn_Nid_88::UpdateMeleeCollisionChecks ERROR - AnimLinkup->BoneToTrackTable for bone 58 returning INDEX_NONE
[3478.61] Log: DFPawn_Nid_88::UpdateMeleeCollisionChecks ERROR - AnimLinkup->BoneToTrackTable for bone 58 returning INDEX_NONE
[3478.62] Log: DFPawn_Nid_88::UpdateMeleeCollisionChecks ERROR - AnimLinkup->BoneToTrackTable for bone 58 returning INDEX_NONE
[3478.64] Log: DFPawn_Nid_88::UpdateMeleeCollisionChecks ERROR - AnimLinkup->BoneToTrackTable for bone 58 returning INDEX_NONE
[3478.66] Log: DFPawn_Nid_88::UpdateMeleeCollisionChecks ERROR - AnimLinkup->BoneToTrackTable for bone 58 returning INDEX_NONE
[3478.67] Log: DFPawn_Nid_88::UpdateMeleeCollisionChecks ERROR - AnimLinkup->BoneToTrackTable for bone 58 returning INDEX_NONE
[3478.69] Log: DFPawn_Nid_88::UpdateMeleeCollisionChecks ERROR - AnimLinkup->BoneToTrackTable for bone 58 returning INDEX_NONE
[3478.71] Log: DFPawn_Nid_88::UpdateMeleeCollisionChecks ERROR - AnimLinkup->BoneToTrackTable for bone 58 returning INDEX_NONE
[3478.73] Log: DFPawn_Nid_88::UpdateMeleeCollisionChecks ERROR - AnimLinkup->BoneToTrackTable for bone 58 returning INDEX_NONE
[3478.74] Log: DFPawn_Nid_88::UpdateMeleeCollisionChecks ERROR - AnimLinkup->BoneToTrackTable for bone 58 returning INDEX_NONE
[3478.76] Log: DFPawn_Nid_88::UpdateMeleeCollisionChecks ERROR - AnimLinkup->BoneToTrackTable for bone 58 returning INDEX_NONE
[3478.78] Log: DFPawn_Nid_88::UpdateMeleeCollisionChecks ERROR - AnimLinkup->BoneToTrackTable for bone 58 returning INDEX_NONE
[3478.80] Log: DFPawn_Nid_88::UpdateMeleeCollisionChecks ERROR - AnimLinkup->BoneToTrackTable for bone 58 returning INDEX_NONE
[3478.81] Log: DFPawn_Nid_88::UpdateMeleeCollisionChecks ERROR - AnimLinkup->BoneToTrackTable for bone 58 returning INDEX_NONE
[3479.20] ScriptWarning: Accessed None 'CurrentWeaponAttachment'
	DFWeaponAttachment_Melee UGC-Persistent.TheWorld:PersistentLevel.DFWeaponAttachment_Melee_162
	Function DFGame.DFWeaponAttachment:Cleanup:0152
[3479.59] MP_Weapons_Native: SetAttackSkillObjectByName() failed, due to not having a prev. ASO - DFWeaponAttachment_Ranged_Spell_105
[3479.89] MP_Weapons_Native: SetAttackSkillObjectByName() failed, due to not having a prev. ASO - DFWeaponAttachment_Melee_165
[3480.63] Log: Could not find FMC creator for PSC UGC-Persistent.TheWorld:PersistentLevel.DFPawn_Hero_Female_1.inXileParticleSystemComponent_8425 completion callback, message None
[3480.86] Error: ApplyNewRBState() called for kinematic actor DFDroppedPickup_419
[3480.86] Error: ApplyNewRBState() called for kinematic actor DFDroppedPickup_420
[3480.90] DevOnline: Listening for lan beacon requests on 6777
[3480.93] Error: ApplyNewRBState() called for kinematic actor DFDroppedPickup_419
[3480.93] Error: ApplyNewRBState() called for kinematic actor DFDroppedPickup_420
[3482.81] Log: Could not find FMC creator for PSC UGC-Persistent.TheWorld:PersistentLevel.DFPawn_Hero_Female_1.inXileParticleSystemComponent_8426 completion callback, message None
[3484.91] DevOnline: Listening for lan beacon requests on 6777
[3487.56] ScriptWarning: Accessed None 'CurrentWeaponAttachment'
	DFWeaponAttachment_Ranged_Spell UGC-Persistent.TheWorld:PersistentLevel.DFWeaponAttachment_Ranged_Spell_105
	Function DFGame.DFWeaponAttachment:Cleanup:0152
[3487.84] MP_Weapons_Native: SetAttackSkillObjectByName() failed, due to not having a prev. ASO - DFWeaponAttachment_Melee_166
[3488.89] Error: ApplyNewRBState() called for kinematic actor DFDroppedPickup_Shield_49
[3488.89] Error: ApplyNewRBState() called for kinematic actor DFDroppedPickup_422
[3488.89] Error: ApplyNewRBState() called for kinematic actor DFDroppedPickup_423
[3488.96] Error: ApplyNewRBState() called for kinematic actor DFDroppedPickup_Shield_49
[3488.96] Error: ApplyNewRBState() called for kinematic actor DFDroppedPickup_422
[3488.96] Error: ApplyNewRBState() called for kinematic actor DFDroppedPickup_423
[3489.93] DevOnline: Listening for lan beacon requests on 6777
[3491.67] Error: ApplyNewRBState() called for kinematic actor DFDroppedPickup_425
[3491.67] Error: ApplyNewRBState() called for kinematic actor DFDroppedPickup_426
[3491.74] Error: ApplyNewRBState() called for kinematic actor DFDroppedPickup_425
[3491.74] Error: ApplyNewRBState() called for kinematic actor DFDroppedPickup_426
[3492.65] Log: ADFDialogManager::PlayConversationFromScript, Conversation not found: conv_CaddocWin
[3493.94] DevOnline: Listening for lan beacon requests on 6777
[3496.08] ScriptWarning: Accessed None 'RunSound'
	DFSpecialMove_RoadieRun UGC-Persistent.TheWorld:PersistentLevel.DFSpecialMove_RoadieRun_35
	Function DFGame.DFSpecialMove_RoadieRun:StartSpecialMove:04EF
[3496.98] ScriptWarning: Accessed None 'RunSound'
	DFSpecialMove_RoadieRun UGC-Persistent.TheWorld:PersistentLevel.DFSpecialMove_RoadieRun_35
	Function DFGame.DFSpecialMove_RoadieRun:StopSpecialMove:0174
[3498.64] Log: Could not find FMC creator for PSC UGC-Persistent.TheWorld:PersistentLevel.DFWeaponAttachment_Melee_140.inXileParticleSystemComponent_7948 completion callback, message None
[3498.96] DevOnline: Listening for lan beacon requests on 6777
[3502.98] DevOnline: Listening for lan beacon requests on 6777
[3504.22] ScriptWarning: Accessed None 'RunSound'
	DFSpecialMove_RoadieRun UGC-Persistent.TheWorld:PersistentLevel.DFSpecialMove_RoadieRun_35
	Function DFGame.DFSpecialMove_RoadieRun:StartSpecialMove:04EF
[3505.01] ScriptWarning: Accessed None 'RunSound'
	DFSpecialMove_RoadieRun UGC-Persistent.TheWorld:PersistentLevel.DFSpecialMove_RoadieRun_35
	Function DFGame.DFSpecialMove_RoadieRun:StopSpecialMove:0174
[3506.79] ScriptWarning: Accessed None 'RunSound'
	DFSpecialMove_RoadieRun UGC-Persistent.TheWorld:PersistentLevel.DFSpecialMove_RoadieRun_35
	Function DFGame.DFSpecialMove_RoadieRun:StartSpecialMove:04EF
[3508.00] DevOnline: Listening for lan beacon requests on 6777
[3508.98] ScriptWarning: Accessed None 'RunSound'
	DFSpecialMove_RoadieRun UGC-Persistent.TheWorld:PersistentLevel.DFSpecialMove_RoadieRun_35
	Function DFGame.DFSpecialMove_RoadieRun:StopSpecialMove:0174
[3509.60] ScriptWarning: Accessed None 'RunSound'
	DFSpecialMove_RoadieRun UGC-Persistent.TheWorld:PersistentLevel.DFSpecialMove_RoadieRun_35
	Function DFGame.DFSpecialMove_RoadieRun:StartSpecialMove:04EF
[3512.01] DevOnline: Listening for lan beacon requests on 6777
[3517.03] DevOnline: Listening for lan beacon requests on 6777
[3519.79] ScriptWarning: Accessed None 'RunSound'
	DFSpecialMove_RoadieRun UGC-Persistent.TheWorld:PersistentLevel.DFSpecialMove_RoadieRun_35
	Function DFGame.DFSpecialMove_RoadieRun:StopSpecialMove:0174
[3521.04] DevOnline: Listening for lan beacon requests on 6777
[3526.04] DevOnline: Listening for lan beacon requests on 6777
[3528.59] ScriptWarning: Accessed None 'RunSound'
	DFSpecialMove_RoadieRun UGC-Persistent.TheWorld:PersistentLevel.DFSpecialMove_RoadieRun_35
	Function DFGame.DFSpecialMove_RoadieRun:StartSpecialMove:04EF
[3530.06] DevOnline: Listening for lan beacon requests on 6777
[3531.13] Log: APPLY TRANSFORM LEVEL from UpdateSTreamingLevels():
[3531.13] Log: APPLY TRANSFORM ROOM #5, rot.pitch=0, rot.yaw=32768, rot.roll=0;  Offset=-5963.101563,15311.710938,-4406.938477
[3531.13] Log: APPLY TRANSFORM ROOM: UGCDungeonLayoutValues.LevelIndexCurr = 5
[3531.13] Log:  LevelData[5] setting bOffsetsApplied to TRUE
[3531.13] Log:  Flagging Level[5] to be Not Visible
[3531.13] Log:  Flagging Level[5] to be Visible
[3532.17] ScriptWarning: Accessed None 'RunSound'
	DFSpecialMove_RoadieRun UGC-Persistent.TheWorld:PersistentLevel.DFSpecialMove_RoadieRun_35
	Function DFGame.DFSpecialMove_RoadieRun:StopSpecialMove:0174
[3534.40] Log: Could not find FMC creator for PSC 000_Hallway1.TheWorld:PersistentLevel.DFPickupFactoryAlchemyObject_ShardContent_0.inXileParticleSystemComponent_8104 completion callback, message None
[3535.06] DevOnline: Listening for lan beacon requests on 6777
[3539.08] DevOnline: Listening for lan beacon requests on 6777
[3539.50] Log: Changing subtitle setting, new value: 0
[3539.62] Warning: Warning, Failed to load 'SwfMovie ?INT?GFxUI.IME.MoviePath?': Failed to find object 'SwfMovie ?INT?GFxUI.IME.MoviePath?'
[3539.62] Log: GFx attempted to load missing object [?INT?GFxUI.IME.MoviePath?]
[3544.08] DevOnline: Listening for lan beacon requests on 6777
[3548.09] DevOnline: Listening for lan beacon requests on 6777
[3553.10] DevOnline: Listening for lan beacon requests on 6777
[3554.67] Log: Changing subtitle setting, new value: 1
[3555.68] ScriptWarning: Accessed None 'RunSound'
	DFSpecialMove_RoadieRun UGC-Persistent.TheWorld:PersistentLevel.DFSpecialMove_RoadieRun_35
	Function DFGame.DFSpecialMove_RoadieRun:StartSpecialMove:04EF
[3557.12] DevOnline: Listening for lan beacon requests on 6777
[3559.22] ScriptWarning: Accessed None 'RunSound'
	DFSpecialMove_RoadieRun UGC-Persistent.TheWorld:PersistentLevel.DFSpecialMove_RoadieRun_35
	Function DFGame.DFSpecialMove_RoadieRun:StopSpecialMove:0174
[3559.34] ScriptWarning: Accessed None 'CurrentWeaponAttachment'
	DFWeaponAttachment_Melee UGC-Persistent.TheWorld:PersistentLevel.DFWeaponAttachment_Melee_166
	Function DFGame.DFWeaponAttachment:Cleanup:0152
[3559.73] MP_Weapons_Native: SetAttackSkillObjectByName() failed, due to not having a prev. ASO - DFWeaponAttachment_Ranged_Bow_78
[3562.13] DevOnline: Listening for lan beacon requests on 6777
[3566.14] DevOnline: Listening for lan beacon requests on 6777
[3571.15] DevOnline: Listening for lan beacon requests on 6777
[3573.61] ScriptWarning: Accessed None 'CurrentWeaponAttachment'
	DFWeaponAttachment_Ranged_Bow UGC-Persistent.TheWorld:PersistentLevel.DFWeaponAttachment_Ranged_Bow_78
	Function DFGame.DFWeaponAttachment:Cleanup:0152
[3573.86] MP_Weapons_Native: SetAttackSkillObjectByName() failed, due to not having a prev. ASO - DFWeaponAttachment_Melee_167
[3574.90] ScriptWarning: Accessed None 'RunSound'
	DFSpecialMove_RoadieRun UGC-Persistent.TheWorld:PersistentLevel.DFSpecialMove_RoadieRun_35
	Function DFGame.DFSpecialMove_RoadieRun:StartSpecialMove:04EF
[3575.17] DevOnline: Listening for lan beacon requests on 6777
[3576.18] Log: Before HALL TRANSORM: UGCDungeonLayoutValues.LevelIndexCurr=5
[3576.18] Log: APPLY TRANSFORM Hall: xformed exit door side=1, rot.roll=0, rot.pitch=0, rot.yaw=16384;  Offset=-981.303223,14981.859375,-4513.938477
[3576.18] Log:  LevelData[0] setting bOffsetsApplied to TRUE
[3576.18] Log:  Flagging Level[0] to be Not Visible
[3576.18] Log:  Flagging Level[0] to be Visible
[3576.19] Log: FKAggregateGeom::InstanceNovodexGeom: (Actor: 000_Hallway1.TheWorld:PersistentLevel.StaticMeshActor_241 Component: StaticMeshComponent_1808 StaticMesh: ES3_EnviroProps.Meshes.S_WebPlane) No geometries in FKAggregateGeom.
[3576.19] Log: URB_BodyInstance::InitBody : Could not create new Shape: Actor: 000_Hallway1.TheWorld:PersistentLevel.StaticMeshActor_241 Component: StaticMeshComponent_1808 StaticMesh: ES3_EnviroProps.Meshes.S_WebPlane
[3576.19] Log: FKAggregateGeom::InstanceNovodexGeom: (Actor: 000_Hallway1.TheWorld:PersistentLevel.StaticMeshActor_298 Component: StaticMeshComponent_1808 StaticMesh: ES3_EnviroProps.Meshes.S_WebPlane) No geometries in FKAggregateGeom.
[3576.19] Log: URB_BodyInstance::InitBody : Could not create new Shape: Actor: 000_Hallway1.TheWorld:PersistentLevel.StaticMeshActor_298 Component: StaticMeshComponent_1808 StaticMesh: ES3_EnviroProps.Meshes.S_WebPlane
[3576.19] Log: FKAggregateGeom::InstanceNovodexGeom: (Actor: 000_Hallway1.TheWorld:PersistentLevel.StaticMeshActor_191 Component: StaticMeshComponent_1808 StaticMesh: ES3_EnviroProps.Meshes.S_WebPlane) No geometries in FKAggregateGeom.
[3576.19] Log: URB_BodyInstance::InitBody : Could not create new Shape: Actor: 000_Hallway1.TheWorld:PersistentLevel.StaticMeshActor_191 Component: StaticMeshComponent_1808 StaticMesh: ES3_EnviroProps.Meshes.S_WebPlane
[3576.98] ScriptWarning: Accessed None 'RunSound'
	DFSpecialMove_RoadieRun UGC-Persistent.TheWorld:PersistentLevel.DFSpecialMove_RoadieRun_35
	Function DFGame.DFSpecialMove_RoadieRun:StopSpecialMove:0174
[3578.68] ScriptWarning: Accessed None 'RunSound'
	DFSpecialMove_RoadieRun UGC-Persistent.TheWorld:PersistentLevel.DFSpecialMove_RoadieRun_35
	Function DFGame.DFSpecialMove_RoadieRun:StartSpecialMove:04EF
[3579.95] ScriptWarning: Accessed None 'RunSound'
	DFSpecialMove_RoadieRun UGC-Persistent.TheWorld:PersistentLevel.DFSpecialMove_RoadieRun_35
	Function DFGame.DFSpecialMove_RoadieRun:StopSpecialMove:0174
[3580.18] DevOnline: Listening for lan beacon requests on 6777
[3581.37] ScriptWarning: Accessed None 'RunSound'
	DFSpecialMove_RoadieRun UGC-Persistent.TheWorld:PersistentLevel.DFSpecialMove_RoadieRun_35
	Function DFGame.DFSpecialMove_RoadieRun:StartSpecialMove:04EF
[3582.61] ScriptWarning: Accessed None 'RunSound'
	DFSpecialMove_RoadieRun UGC-Persistent.TheWorld:PersistentLevel.DFSpecialMove_RoadieRun_35
	Function DFGame.DFSpecialMove_RoadieRun:StopSpecialMove:0174
[3583.16] MP_Weapons_Native: SetAttackSkillObjectByName() failed, due to not having a prev. ASO - DFWeaponAttachment_Melee_168
[3583.17] MP_Weapons_Native: SetAttackSkillObjectByName() failed, due to not having a prev. ASO - DFWeaponAttachment_Melee_169
[3583.31] Warning: DFNodeTurnInPlace_Player_642 - Failed, with animsequence 'inj_TurnL180' on SkeletalMeshComponent: 'inXileForgedMeshComponent_2409' whose owner is: 'DFPawn_SpiderCharger_11' and is of type 'ForgedMeshComponent'
[3584.14] MP_Weapons_Native: SetAttackSkillObjectByName() failed, due to not having a prev. ASO - DFWeaponAttachment_Melee_170
[3584.19] DevOnline: Listening for lan beacon requests on 6777
[3585.17] MP_Weapons_Native: SetAttackSkillObjectByName() failed, due to not having a prev. ASO - DFWeaponAttachment_Melee_171
[3585.17] Error: ApplyNewRBState() called for kinematic actor DFDroppedPickup_427
[3585.24] Warning: DFNodeTurnInPlace_Player_646 - Failed, with animsequence 'inj_TurnL180' on SkeletalMeshComponent: 'inXileForgedMeshComponent_2411' whose owner is: 'DFPawn_SpiderCharger_12' and is of type 'ForgedMeshComponent'
[3585.69] Warning: DFNodeTurnInPlace_Player_642 - Failed, with animsequence 'inj_TurnL90' on SkeletalMeshComponent: 'inXileForgedMeshComponent_2409' whose owner is: 'DFPawn_SpiderCharger_11' and is of type 'ForgedMeshComponent'
[3587.24] Warning: DFNodeTurnInPlace_Player_646 - Failed, with animsequence 'inj_TurnL90' on SkeletalMeshComponent: 'inXileForgedMeshComponent_2411' whose owner is: 'DFPawn_SpiderCharger_12' and is of type 'ForgedMeshComponent'
[3588.02] Error: ApplyNewRBState() called for kinematic actor DFDroppedPickup_428
[3588.09] Error: ApplyNewRBState() called for kinematic actor DFDroppedPickup_428
[3588.70] Error: ApplyNewRBState() called for kinematic actor DFDroppedPickup_429
[3588.70] Error: ApplyNewRBState() called for kinematic actor DFDroppedPickup_430
[3588.76] Error: ApplyNewRBState() called for kinematic actor DFDroppedPickup_429
[3588.76] Error: ApplyNewRBState() called for kinematic actor DFDroppedPickup_430
[3589.12] Warning: DFNodeTurnInPlace_Player_646 - Failed, with animsequence 'inj_TurnL45' on SkeletalMeshComponent: 'inXileForgedMeshComponent_2411' whose owner is: 'DFPawn_SpiderCharger_12' and is of type 'ForgedMeshComponent'
[3589.20] DevOnline: Listening for lan beacon requests on 6777
[3590.10] Warning: DFNodeTurnInPlace_Player_646 - Failed, with animsequence 'inj_TurnL45' on SkeletalMeshComponent: 'inXileForgedMeshComponent_2411' whose owner is: 'DFPawn_SpiderCharger_12' and is of type 'ForgedMeshComponent'
[3590.12] Warning: DFNodeTurnInPlace_Player_646 - Failed, with animsequence 'inj_TurnL45' on SkeletalMeshComponent: 'inXileForgedMeshComponent_2411' whose owner is: 'DFPawn_SpiderCharger_12' and is of type 'ForgedMeshComponent'
[3590.12] Warning: DFNodeTurnInPlace_Player_646 - Failed, with animsequence 'inj_TurnL45' on SkeletalMeshComponent: 'inXileForgedMeshComponent_2411' whose owner is: 'DFPawn_SpiderCharger_12' and is of type 'ForgedMeshComponent'
[3590.93] ScriptWarning: Accessed None 'CurrentWeaponAttachment'
	DFWeaponAttachment_Melee UGC-Persistent.TheWorld:PersistentLevel.DFWeaponAttachment_Melee_167
	Function DFGame.DFWeaponAttachment:Cleanup:0152
[3591.32] Log: Skills: Adding skill to cache... Spell_Lightning2_Name
[3591.32] MP_Weapons_Native: SetAttackSkillObjectByName() failed, due to not having a prev. ASO - DFWeaponAttachment_Ranged_Spell_106
[3592.41] Log: Could not find FMC creator for PSC UGC-Persistent.TheWorld:PersistentLevel.DFPawn_Hero_Female_1.inXileParticleSystemComponent_8571 completion callback, message None
[3593.22] DevOnline: Listening for lan beacon requests on 6777
[3594.24] Log: Skills: Adding skill to cache... Melee Attack
[3594.24] Warning: DFNodeTurnInPlace_Player_646 - Failed, with animsequence 'inj_TurnL45' on SkeletalMeshComponent: 'inXileForgedMeshComponent_2411' whose owner is: 'DFPawn_SpiderCharger_12' and is of type 'ForgedMeshComponent'
[3594.59] Log: Could not find FMC creator for PSC UGC-Persistent.TheWorld:PersistentLevel.DFPawn_Hero_Female_1.inXileParticleSystemComponent_8572 completion callback, message None
[3598.20] MP_Weapons_Native: SetAttackSkillObjectByName() failed, due to not having a prev. ASO - DFWeaponAttachment_Melee_172
[3598.24] DevOnline: Listening for lan beacon requests on 6777
[3598.71] ScriptWarning: Accessed None 'RunSound'
	DFSpecialMove_RoadieRun UGC-Persistent.TheWorld:PersistentLevel.DFSpecialMove_RoadieRun_35
	Function DFGame.DFSpecialMove_RoadieRun:StartSpecialMove:04EF
[3598.76] ScriptWarning: Accessed None 'RunSound'
	DFSpecialMove_RoadieRun UGC-Persistent.TheWorld:PersistentLevel.DFSpecialMove_RoadieRun_35
	Function DFGame.DFSpecialMove_RoadieRun:StopSpecialMove:0174
[3599.17] Error: ApplyNewRBState() called for kinematic actor DFDroppedPickup_433
[3599.22] MP_Weapons_Native: SetAttackSkillObjectByName() failed, due to not having a prev. ASO - DFWeaponAttachment_Melee_173
[3599.24] Error: ApplyNewRBState() called for kinematic actor DFDroppedPickup_433
[3599.32] Warning: DFNodeTurnInPlace_Player_654 - Failed, with animsequence 'inj_TurnL180' on SkeletalMeshComponent: 'inXileForgedMeshComponent_2427' whose owner is: 'DFPawn_SpiderCharger_13' and is of type 'ForgedMeshComponent'
[3599.32] Warning: DFNodeTurnInPlace_Player_658 - Failed, with animsequence 'inj_TurnR180' on SkeletalMeshComponent: 'inXileForgedMeshComponent_2428' whose owner is: 'DFPawn_SpiderCharger_14' and is of type 'ForgedMeshComponent'
[3601.24] ScriptWarning: Accessed None 'RunSound'
	DFSpecialMove_RoadieRun UGC-Persistent.TheWorld:PersistentLevel.DFSpecialMove_RoadieRun_35
	Function DFGame.DFSpecialMove_RoadieRun:StartSpecialMove:04EF
[3602.12] Warning: DFNodeTurnInPlace_Player_658 - Failed, with animsequence 'inj_TurnL45' on SkeletalMeshComponent: 'inXileForgedMeshComponent_2428' whose owner is: 'DFPawn_SpiderCharger_14' and is of type 'ForgedMeshComponent'
[3602.14] MP_Weapons_Native: SetAttackSkillObjectByName() failed, due to not having a prev. ASO - DFWeaponAttachment_Melee_174
[3602.15] Warning: DFNodeTurnInPlace_Player_658 - Failed, with animsequence 'inj_TurnL45' on SkeletalMeshComponent: 'inXileForgedMeshComponent_2428' whose owner is: 'DFPawn_SpiderCharger_14' and is of type 'ForgedMeshComponent'
[3602.17] Warning: DFNodeTurnInPlace_Player_658 - Failed, with animsequence 'inj_TurnL45' on SkeletalMeshComponent: 'inXileForgedMeshComponent_2428' whose owner is: 'DFPawn_SpiderCharger_14' and is of type 'ForgedMeshComponent'
[3602.19] Warning: DFNodeTurnInPlace_Player_658 - Failed, with animsequence 'inj_TurnL45' on SkeletalMeshComponent: 'inXileForgedMeshComponent_2428' whose owner is: 'DFPawn_SpiderCharger_14' and is of type 'ForgedMeshComponent'
[3602.21] Warning: DFNodeTurnInPlace_Player_658 - Failed, with animsequence 'inj_TurnL45' on SkeletalMeshComponent: 'inXileForgedMeshComponent_2428' whose owner is: 'DFPawn_SpiderCharger_14' and is of type 'ForgedMeshComponent'
[3602.22] Warning: DFNodeTurnInPlace_Player_658 - Failed, with animsequence 'inj_TurnL45' on SkeletalMeshComponent: 'inXileForgedMeshComponent_2428' whose owner is: 'DFPawn_SpiderCharger_14' and is of type 'ForgedMeshComponent'
[3602.24] DevOnline: Listening for lan beacon requests on 6777
[3602.24] Warning: DFNodeTurnInPlace_Player_658 - Failed, with animsequence 'inj_TurnL45' on SkeletalMeshComponent: 'inXileForgedMeshComponent_2428' whose owner is: 'DFPawn_SpiderCharger_14' and is of type 'ForgedMeshComponent'
[3602.26] Warning: DFNodeTurnInPlace_Player_658 - Failed, with animsequence 'inj_TurnL45' on SkeletalMeshComponent: 'inXileForgedMeshComponent_2428' whose owner is: 'DFPawn_SpiderCharger_14' and is of type 'ForgedMeshComponent'
[3602.27] Warning: DFNodeTurnInPlace_Player_658 - Failed, with animsequence 'inj_TurnL45' on SkeletalMeshComponent: 'inXileForgedMeshComponent_2428' whose owner is: 'DFPawn_SpiderCharger_14' and is of type 'ForgedMeshComponent'
[3602.29] ScriptWarning: Accessed None 'RunSound'
	DFSpecialMove_RoadieRun UGC-Persistent.TheWorld:PersistentLevel.DFSpecialMove_RoadieRun_35
	Function DFGame.DFSpecialMove_RoadieRun:StopSpecialMove:0174
[3602.29] Warning: DFNodeTurnInPlace_Player_658 - Failed, with animsequence 'inj_TurnL45' on SkeletalMeshComponent: 'inXileForgedMeshComponent_2428' whose owner is: 'DFPawn_SpiderCharger_14' and is of type 'ForgedMeshComponent'
[3602.31] Warning: DFNodeTurnInPlace_Player_658 - Failed, with animsequence 'inj_TurnL45' on SkeletalMeshComponent: 'inXileForgedMeshComponent_2428' whose owner is: 'DFPawn_SpiderCharger_14' and is of type 'ForgedMeshComponent'
[3602.32] Warning: DFNodeTurnInPlace_Player_658 - Failed, with animsequence 'inj_TurnL45' on SkeletalMeshComponent: 'inXileForgedMeshComponent_2428' whose owner is: 'DFPawn_SpiderCharger_14' and is of type 'ForgedMeshComponent'
[3602.34] Warning: DFNodeTurnInPlace_Player_658 - Failed, with animsequence 'inj_TurnL45' on SkeletalMeshComponent: 'inXileForgedMeshComponent_2428' whose owner is: 'DFPawn_SpiderCharger_14' and is of type 'ForgedMeshComponent'
[3602.36] Warning: DFNodeTurnInPlace_Player_658 - Failed, with animsequence 'inj_TurnL45' on SkeletalMeshComponent: 'inXileForgedMeshComponent_2428' whose owner is: 'DFPawn_SpiderCharger_14' and is of type 'ForgedMeshComponent'
[3602.37] Warning: DFNodeTurnInPlace_Player_658 - Failed, with animsequence 'inj_TurnL45' on SkeletalMeshComponent: 'inXileForgedMeshComponent_2428' whose owner is: 'DFPawn_SpiderCharger_14' and is of type 'ForgedMeshComponent'
[3602.39] Warning: DFNodeTurnInPlace_Player_658 - Failed, with animsequence 'inj_TurnL45' on SkeletalMeshComponent: 'inXileForgedMeshComponent_2428' whose owner is: 'DFPawn_SpiderCharger_14' and is of type 'ForgedMeshComponent'
[3602.41] Warning: DFNodeTurnInPlace_Player_658 - Failed, with animsequence 'inj_TurnL45' on SkeletalMeshComponent: 'inXileForgedMeshComponent_2428' whose owner is: 'DFPawn_SpiderCharger_14' and is of type 'ForgedMeshComponent'
[3602.42] Warning: DFNodeTurnInPlace_Player_658 - Failed, with animsequence 'inj_TurnL45' on SkeletalMeshComponent: 'inXileForgedMeshComponent_2428' whose owner is: 'DFPawn_SpiderCharger_14' and is of type 'ForgedMeshComponent'
[3602.44] Warning: DFNodeTurnInPlace_Player_658 - Failed, with animsequence 'inj_TurnL45' on SkeletalMeshComponent: 'inXileForgedMeshComponent_2428' whose owner is: 'DFPawn_SpiderCharger_14' and is of type 'ForgedMeshComponent'
[3602.46] Warning: DFNodeTurnInPlace_Player_658 - Failed, with animsequence 'inj_TurnL45' on SkeletalMeshComponent: 'inXileForgedMeshComponent_2428' whose owner is: 'DFPawn_SpiderCharger_14' and is of type 'ForgedMeshComponent'
[3602.47] Warning: DFNodeTurnInPlace_Player_658 - Failed, with animsequence 'inj_TurnL45' on SkeletalMeshComponent: 'inXileForgedMeshComponent_2428' whose owner is: 'DFPawn_SpiderCharger_14' and is of type 'ForgedMeshComponent'
[3602.49] Warning: DFNodeTurnInPlace_Player_658 - Failed, with animsequence 'inj_TurnL45' on SkeletalMeshComponent: 'inXileForgedMeshComponent_2428' whose owner is: 'DFPawn_SpiderCharger_14' and is of type 'ForgedMeshComponent'
[3602.51] Warning: DFNodeTurnInPlace_Player_658 - Failed, with animsequence 'inj_TurnL45' on SkeletalMeshComponent: 'inXileForgedMeshComponent_2428' whose owner is: 'DFPawn_SpiderCharger_14' and is of type 'ForgedMeshComponent'
[3602.52] Warning: DFNodeTurnInPlace_Player_658 - Failed, with animsequence 'inj_TurnL45' on SkeletalMeshComponent: 'inXileForgedMeshComponent_2428' whose owner is: 'DFPawn_SpiderCharger_14' and is of type 'ForgedMeshComponent'
[3602.54] Warning: DFNodeTurnInPlace_Player_658 - Failed, with animsequence 'inj_TurnL45' on SkeletalMeshComponent: 'inXileForgedMeshComponent_2428' whose owner is: 'DFPawn_SpiderCharger_14' and is of type 'ForgedMeshComponent'
[3602.56] Warning: DFNodeTurnInPlace_Player_658 - Failed, with animsequence 'inj_TurnL45' on SkeletalMeshComponent: 'inXileForgedMeshComponent_2428' whose owner is: 'DFPawn_SpiderCharger_14' and is of type 'ForgedMeshComponent'
[3602.58] Warning: DFNodeTurnInPlace_Player_658 - Failed, with animsequence 'inj_TurnL45' on SkeletalMeshComponent: 'inXileForgedMeshComponent_2428' whose owner is: 'DFPawn_SpiderCharger_14' and is of type 'ForgedMeshComponent'
[3602.60] Warning: DFNodeTurnInPlace_Player_658 - Failed, with animsequence 'inj_TurnL45' on SkeletalMeshComponent: 'inXileForgedMeshComponent_2428' whose owner is: 'DFPawn_SpiderCharger_14' and is of type 'ForgedMeshComponent'
[3602.61] Warning: DFNodeTurnInPlace_Player_658 - Failed, with animsequence 'inj_TurnL45' on SkeletalMeshComponent: 'inXileForgedMeshComponent_2428' whose owner is: 'DFPawn_SpiderCharger_14' and is of type 'ForgedMeshComponent'
[3602.63] Warning: DFNodeTurnInPlace_Player_658 - Failed, with animsequence 'inj_TurnL45' on SkeletalMeshComponent: 'inXileForgedMeshComponent_2428' whose owner is: 'DFPawn_SpiderCharger_14' and is of type 'ForgedMeshComponent'
[3602.64] Warning: DFNodeTurnInPlace_Player_658 - Failed, with animsequence 'inj_TurnL45' on SkeletalMeshComponent: 'inXileForgedMeshComponent_2428' whose owner is: 'DFPawn_SpiderCharger_14' and is of type 'ForgedMeshComponent'
[3602.66] Warning: DFNodeTurnInPlace_Player_658 - Failed, with animsequence 'inj_TurnL45' on SkeletalMeshComponent: 'inXileForgedMeshComponent_2428' whose owner is: 'DFPawn_SpiderCharger_14' and is of type 'ForgedMeshComponent'
[3602.68] Warning: DFNodeTurnInPlace_Player_658 - Failed, with animsequence 'inj_TurnL45' on SkeletalMeshComponent: 'inXileForgedMeshComponent_2428' whose owner is: 'DFPawn_SpiderCharger_14' and is of type 'ForgedMeshComponent'
[3602.69] Warning: DFNodeTurnInPlace_Player_658 - Failed, with animsequence 'inj_TurnL45' on SkeletalMeshComponent: 'inXileForgedMeshComponent_2428' whose owner is: 'DFPawn_SpiderCharger_14' and is of type 'ForgedMeshComponent'
[3602.83] Log: Skills: Adding skill to cache... Melee Attack
[3603.08] Error: ApplyNewRBState() called for kinematic actor DFDroppedPickup_Shield_50
[3603.15] Error: ApplyNewRBState() called for kinematic actor DFDroppedPickup_Shield_50
[3603.91] Log: Skills: Adding skill to cache... <Strings:DFGame.Skill.Melee_LH_Name>
[3605.10] Warning: DFNodeTurnInPlace_Player_654 - Failed, with animsequence 'inj_TurnL180' on SkeletalMeshComponent: 'inXileForgedMeshComponent_2427' whose owner is: 'DFPawn_SpiderCharger_13' and is of type 'ForgedMeshComponent'
[3606.14] Warning: DFNodeTurnInPlace_Player_658 - Failed, with animsequence 'inj_TurnR90' on SkeletalMeshComponent: 'inXileForgedMeshComponent_2428' whose owner is: 'DFPawn_SpiderCharger_14' and is of type 'ForgedMeshComponent'
[3606.16] Warning: DFNodeTurnInPlace_Player_654 - Failed, with animsequence 'inj_TurnR45' on SkeletalMeshComponent: 'inXileForgedMeshComponent_2427' whose owner is: 'DFPawn_SpiderCharger_13' and is of type 'ForgedMeshComponent'
[3607.25] DevOnline: Listening for lan beacon requests on 6777
[3607.34] Warning: DFNodeTurnInPlace_Player_654 - Failed, with animsequence 'inj_TurnR45' on SkeletalMeshComponent: 'inXileForgedMeshComponent_2427' whose owner is: 'DFPawn_SpiderCharger_13' and is of type 'ForgedMeshComponent'
[3607.58] Warning: DFNodeTurnInPlace_Player_658 - Failed, with animsequence 'inj_TurnL45' on SkeletalMeshComponent: 'inXileForgedMeshComponent_2428' whose owner is: 'DFPawn_SpiderCharger_14' and is of type 'ForgedMeshComponent'
[3607.68] Warning: DFNodeTurnInPlace_Player_658 - Failed, with animsequence 'inj_TurnL45' on SkeletalMeshComponent: 'inXileForgedMeshComponent_2428' whose owner is: 'DFPawn_SpiderCharger_14' and is of type 'ForgedMeshComponent'
[3607.70] Warning: DFNodeTurnInPlace_Player_658 - Failed, with animsequence 'inj_TurnL45' on SkeletalMeshComponent: 'inXileForgedMeshComponent_2428' whose owner is: 'DFPawn_SpiderCharger_14' and is of type 'ForgedMeshComponent'
[3607.71] Warning: DFNodeTurnInPlace_Player_658 - Failed, with animsequence 'inj_TurnL45' on SkeletalMeshComponent: 'inXileForgedMeshComponent_2428' whose owner is: 'DFPawn_SpiderCharger_14' and is of type 'ForgedMeshComponent'
[3607.73] Warning: DFNodeTurnInPlace_Player_658 - Failed, with animsequence 'inj_TurnL45' on SkeletalMeshComponent: 'inXileForgedMeshComponent_2428' whose owner is: 'DFPawn_SpiderCharger_14' and is of type 'ForgedMeshComponent'
[3607.75] Warning: DFNodeTurnInPlace_Player_658 - Failed, with animsequence 'inj_TurnL45' on SkeletalMeshComponent: 'inXileForgedMeshComponent_2428' whose owner is: 'DFPawn_SpiderCharger_14' and is of type 'ForgedMeshComponent'
[3607.76] Warning: DFNodeTurnInPlace_Player_658 - Failed, with animsequence 'inj_TurnL45' on SkeletalMeshComponent: 'inXileForgedMeshComponent_2428' whose owner is: 'DFPawn_SpiderCharger_14' and is of type 'ForgedMeshComponent'
[3607.78] Warning: DFNodeTurnInPlace_Player_658 - Failed, with animsequence 'inj_TurnL45' on SkeletalMeshComponent: 'inXileForgedMeshComponent_2428' whose owner is: 'DFPawn_SpiderCharger_14' and is of type 'ForgedMeshComponent'
[3607.80] Warning: DFNodeTurnInPlace_Player_658 - Failed, with animsequence 'inj_TurnL45' on SkeletalMeshComponent: 'inXileForgedMeshComponent_2428' whose owner is: 'DFPawn_SpiderCharger_14' and is of type 'ForgedMeshComponent'
[3607.81] Warning: DFNodeTurnInPlace_Player_658 - Failed, with animsequence 'inj_TurnL45' on SkeletalMeshComponent: 'inXileForgedMeshComponent_2428' whose owner is: 'DFPawn_SpiderCharger_14' and is of type 'ForgedMeshComponent'
[3607.83] Warning: DFNodeTurnInPlace_Player_658 - Failed, with animsequence 'inj_TurnL45' on SkeletalMeshComponent: 'inXileForgedMeshComponent_2428' whose owner is: 'DFPawn_SpiderCharger_14' and is of type 'ForgedMeshComponent'
[3607.85] Warning: DFNodeTurnInPlace_Player_658 - Failed, with animsequence 'inj_TurnL45' on SkeletalMeshComponent: 'inXileForgedMeshComponent_2428' whose owner is: 'DFPawn_SpiderCharger_14' and is of type 'ForgedMeshComponent'
[3607.87] Warning: DFNodeTurnInPlace_Player_658 - Failed, with animsequence 'inj_TurnL45' on SkeletalMeshComponent: 'inXileForgedMeshComponent_2428' whose owner is: 'DFPawn_SpiderCharger_14' and is of type 'ForgedMeshComponent'
[3607.88] Log: Skills: Adding skill to cache... Melee Attack
[3607.88] Warning: DFNodeTurnInPlace_Player_658 - Failed, with animsequence 'inj_TurnL45' on SkeletalMeshComponent: 'inXileForgedMeshComponent_2428' whose owner is: 'DFPawn_SpiderCharger_14' and is of type 'ForgedMeshComponent'
[3607.90] Warning: DFNodeTurnInPlace_Player_658 - Failed, with animsequence 'inj_TurnL45' on SkeletalMeshComponent: 'inXileForgedMeshComponent_2428' whose owner is: 'DFPawn_SpiderCharger_14' and is of type 'ForgedMeshComponent'
[3607.91] Warning: DFNodeTurnInPlace_Player_658 - Failed, with animsequence 'inj_TurnL45' on SkeletalMeshComponent: 'inXileForgedMeshComponent_2428' whose owner is: 'DFPawn_SpiderCharger_14' and is of type 'ForgedMeshComponent'
[3607.93] Warning: DFNodeTurnInPlace_Player_658 - Failed, with animsequence 'inj_TurnL45' on SkeletalMeshComponent: 'inXileForgedMeshComponent_2428' whose owner is: 'DFPawn_SpiderCharger_14' and is of type 'ForgedMeshComponent'
[3607.95] Warning: DFNodeTurnInPlace_Player_658 - Failed, with animsequence 'inj_TurnL45' on SkeletalMeshComponent: 'inXileForgedMeshComponent_2428' whose owner is: 'DFPawn_SpiderCharger_14' and is of type 'ForgedMeshComponent'
[3607.97] Warning: DFNodeTurnInPlace_Player_658 - Failed, with animsequence 'inj_TurnL45' on SkeletalMeshComponent: 'inXileForgedMeshComponent_2428' whose owner is: 'DFPawn_SpiderCharger_14' and is of type 'ForgedMeshComponent'
[3607.98] Warning: DFNodeTurnInPlace_Player_658 - Failed, with animsequence 'inj_TurnL45' on SkeletalMeshComponent: 'inXileForgedMeshComponent_2428' whose owner is: 'DFPawn_SpiderCharger_14' and is of type 'ForgedMeshComponent'
[3608.00] Warning: DFNodeTurnInPlace_Player_658 - Failed, with animsequence 'inj_TurnL45' on SkeletalMeshComponent: 'inXileForgedMeshComponent_2428' whose owner is: 'DFPawn_SpiderCharger_14' and is of type 'ForgedMeshComponent'
[3608.02] Warning: DFNodeTurnInPlace_Player_658 - Failed, with animsequence 'inj_TurnL45' on SkeletalMeshComponent: 'inXileForgedMeshComponent_2428' whose owner is: 'DFPawn_SpiderCharger_14' and is of type 'ForgedMeshComponent'
[3608.03] Warning: DFNodeTurnInPlace_Player_658 - Failed, with animsequence 'inj_TurnL45' on SkeletalMeshComponent: 'inXileForgedMeshComponent_2428' whose owner is: 'DFPawn_SpiderCharger_14' and is of type 'ForgedMeshComponent'
[3608.05] Warning: DFNodeTurnInPlace_Player_658 - Failed, with animsequence 'inj_TurnL45' on SkeletalMeshComponent: 'inXileForgedMeshComponent_2428' whose owner is: 'DFPawn_SpiderCharger_14' and is of type 'ForgedMeshComponent'
[3608.07] Warning: DFNodeTurnInPlace_Player_658 - Failed, with animsequence 'inj_TurnL45' on SkeletalMeshComponent: 'inXileForgedMeshComponent_2428' whose owner is: 'DFPawn_SpiderCharger_14' and is of type 'ForgedMeshComponent'
[3608.08] Warning: DFNodeTurnInPlace_Player_658 - Failed, with animsequence 'inj_TurnL45' on SkeletalMeshComponent: 'inXileForgedMeshComponent_2428' whose owner is: 'DFPawn_SpiderCharger_14' and is of type 'ForgedMeshComponent'
[3608.10] Warning: DFNodeTurnInPlace_Player_658 - Failed, with animsequence 'inj_TurnL45' on SkeletalMeshComponent: 'inXileForgedMeshComponent_2428' whose owner is: 'DFPawn_SpiderCharger_14' and is of type 'ForgedMeshComponent'
[3608.12] Warning: DFNodeTurnInPlace_Player_658 - Failed, with animsequence 'inj_TurnL45' on SkeletalMeshComponent: 'inXileForgedMeshComponent_2428' whose owner is: 'DFPawn_SpiderCharger_14' and is of type 'ForgedMeshComponent'
[3608.14] Warning: DFNodeTurnInPlace_Player_658 - Failed, with animsequence 'inj_TurnL45' on SkeletalMeshComponent: 'inXileForgedMeshComponent_2428' whose owner is: 'DFPawn_SpiderCharger_14' and is of type 'ForgedMeshComponent'
[3608.15] Warning: DFNodeTurnInPlace_Player_658 - Failed, with animsequence 'inj_TurnL45' on SkeletalMeshComponent: 'inXileForgedMeshComponent_2428' whose owner is: 'DFPawn_SpiderCharger_14' and is of type 'ForgedMeshComponent'
[3608.17] Warning: DFNodeTurnInPlace_Player_658 - Failed, with animsequence 'inj_TurnL45' on SkeletalMeshComponent: 'inXileForgedMeshComponent_2428' whose owner is: 'DFPawn_SpiderCharger_14' and is of type 'ForgedMeshComponent'
[3608.19] Warning: DFNodeTurnInPlace_Player_658 - Failed, with animsequence 'inj_TurnL45' on SkeletalMeshComponent: 'inXileForgedMeshComponent_2428' whose owner is: 'DFPawn_SpiderCharger_14' and is of type 'ForgedMeshComponent'
[3608.20] Warning: DFNodeTurnInPlace_Player_658 - Failed, with animsequence 'inj_TurnL45' on SkeletalMeshComponent: 'inXileForgedMeshComponent_2428' whose owner is: 'DFPawn_SpiderCharger_14' and is of type 'ForgedMeshComponent'
[3608.22] Warning: DFNodeTurnInPlace_Player_658 - Failed, with animsequence 'inj_TurnL45' on SkeletalMeshComponent: 'inXileForgedMeshComponent_2428' whose owner is: 'DFPawn_SpiderCharger_14' and is of type 'ForgedMeshComponent'
[3608.24] Warning: DFNodeTurnInPlace_Player_658 - Failed, with animsequence 'inj_TurnL45' on SkeletalMeshComponent: 'inXileForgedMeshComponent_2428' whose owner is: 'DFPawn_SpiderCharger_14' and is of type 'ForgedMeshComponent'
[3608.25] Warning: DFNodeTurnInPlace_Player_658 - Failed, with animsequence 'inj_TurnL45' on SkeletalMeshComponent: 'inXileForgedMeshComponent_2428' whose owner is: 'DFPawn_SpiderCharger_14' and is of type 'ForgedMeshComponent'
[3608.27] Warning: DFNodeTurnInPlace_Player_658 - Failed, with animsequence 'inj_TurnL45' on SkeletalMeshComponent: 'inXileForgedMeshComponent_2428' whose owner is: 'DFPawn_SpiderCharger_14' and is of type 'ForgedMeshComponent'
[3608.63] Warning: DFNodeTurnInPlace_Player_658 - Failed, with animsequence 'inj_TurnL45' on SkeletalMeshComponent: 'inXileForgedMeshComponent_2428' whose owner is: 'DFPawn_SpiderCharger_14' and is of type 'ForgedMeshComponent'
[3608.64] Warning: DFNodeTurnInPlace_Player_658 - Failed, with animsequence 'inj_TurnL45' on SkeletalMeshComponent: 'inXileForgedMeshComponent_2428' whose owner is: 'DFPawn_SpiderCharger_14' and is of type 'ForgedMeshComponent'
[3608.64] Warning: DFNodeTurnInPlace_Player_658 - Failed, with animsequence 'inj_TurnL45' on SkeletalMeshComponent: 'inXileForgedMeshComponent_2428' whose owner is: 'DFPawn_SpiderCharger_14' and is of type 'ForgedMeshComponent'
[3608.73] ScriptWarning: Accessed None 'CurrentWeaponAttachment'
	DFWeaponAttachment_Ranged_Spell UGC-Persistent.TheWorld:PersistentLevel.DFWeaponAttachment_Ranged_Spell_106
	Function DFGame.DFWeaponAttachment:Cleanup:0152
[3609.02] MP_Weapons_Native: SetAttackSkillObjectByName() failed, due to not having a prev. ASO - DFWeaponAttachment_Melee_175
[3609.88] MP_Weapons_Native: SetAttackSkillObjectByName() failed, due to not having a prev. ASO - DFWeaponAttachment_Melee_176
[3610.14] Log: Could not find FMC creator for PSC UGC-Persistent.TheWorld:PersistentLevel.DFWeaponAttachment_Melee_140.inXileParticleSystemComponent_7948 completion callback, message None
[3610.59] ScriptWarning: Accessed None 'RunSound'
	DFSpecialMove_RoadieRun UGC-Persistent.TheWorld:PersistentLevel.DFSpecialMove_RoadieRun_35
	Function DFGame.DFSpecialMove_RoadieRun:StartSpecialMove:04EF
[3610.83] Error: ApplyNewRBState() called for kinematic actor DFDroppedPickup_436
[3610.83] Error: ApplyNewRBState() called for kinematic actor DFDroppedPickup_438
[3610.90] Error: ApplyNewRBState() called for kinematic actor DFDroppedPickup_436
[3610.90] Error: ApplyNewRBState() called for kinematic actor DFDroppedPickup_438
[3611.26] DevOnline: Listening for lan beacon requests on 6777
[3611.32] Warning: DFNodeTurnInPlace_Player_658 - Failed, with animsequence 'inj_TurnL45' on SkeletalMeshComponent: 'inXileForgedMeshComponent_2428' whose owner is: 'DFPawn_SpiderCharger_14' and is of type 'ForgedMeshComponent'
[3611.73] ScriptWarning: Accessed None 'RunSound'
	DFSpecialMove_RoadieRun UGC-Persistent.TheWorld:PersistentLevel.DFSpecialMove_RoadieRun_35
	Function DFGame.DFSpecialMove_RoadieRun:StopSpecialMove:0174
[3615.51] Error: ApplyNewRBState() called for kinematic actor DFDroppedPickup_439
[3615.53] Error: ApplyNewRBState() called for kinematic actor DFDroppedPickup_442
[3615.58] Error: ApplyNewRBState() called for kinematic actor DFDroppedPickup_439
[3615.59] Error: ApplyNewRBState() called for kinematic actor DFDroppedPickup_442
[3616.27] DevOnline: Listening for lan beacon requests on 6777
[3617.54] Error: ApplyNewRBState() called for kinematic actor DFDroppedPickup_440
[3620.27] DevOnline: Listening for lan beacon requests on 6777
[3623.96] Error: ApplyNewRBState() called for kinematic actor DFDroppedPickup_443
[3623.96] Error: ApplyNewRBState() called for kinematic actor DFDroppedPickup_444
[3623.96] Error: ApplyNewRBState() called for kinematic actor DFDroppedPickup_Shield_52
[3624.03] Error: ApplyNewRBState() called for kinematic actor DFDroppedPickup_444
[3624.03] Error: ApplyNewRBState() called for kinematic actor DFDroppedPickup_Shield_52
[3624.10] Error: ApplyNewRBState() called for kinematic actor DFDroppedPickup_443
[3625.29] DevOnline: Listening for lan beacon requests on 6777
[3625.75] Log: Skills: Adding skill to cache... Melee Attack
[3627.95] ScriptWarning: Accessed None 'RunSound'
	DFSpecialMove_RoadieRun UGC-Persistent.TheWorld:PersistentLevel.DFSpecialMove_RoadieRun_35
	Function DFGame.DFSpecialMove_RoadieRun:StartSpecialMove:04EF
[3628.46] Error: ApplyNewRBState() called for kinematic actor DFDroppedPickup_446
[3628.46] Error: ApplyNewRBState() called for kinematic actor DFDroppedPickup_447
[3628.46] Error: ApplyNewRBState() called for kinematic actor DFDroppedPickup_448
[3628.52] Error: ApplyNewRBState() called for kinematic actor DFDroppedPickup_446
[3628.52] Error: ApplyNewRBState() called for kinematic actor DFDroppedPickup_447
[3628.52] Error: ApplyNewRBState() called for kinematic actor DFDroppedPickup_448
[3628.57] ScriptWarning: Accessed None 'RunSound'
	DFSpecialMove_RoadieRun UGC-Persistent.TheWorld:PersistentLevel.DFSpecialMove_RoadieRun_35
	Function DFGame.DFSpecialMove_RoadieRun:StopSpecialMove:0174
[3629.30] DevOnline: Listening for lan beacon requests on 6777
[3631.56] Error: ApplyNewRBState() called for kinematic actor DFDroppedPickup_449
[3631.62] Error: ApplyNewRBState() called for kinematic actor DFDroppedPickup_449
[3632.56] Log: Could not find FMC creator for PSC UGC-Persistent.TheWorld:PersistentLevel.DFPawn_Hero_Male_1.inXileParticleSystemComponent_7222 completion callback, message None
[3634.32] DevOnline: Listening for lan beacon requests on 6777
[3636.59] MP_Weapons_Native: SetAttackSkillObjectByName() failed, due to not having a prev. ASO - DFWeaponAttachment_Melee_177
[3636.64] MP_Weapons_Native: SetAttackSkillObjectByName() failed, due to not having a prev. ASO - DFWeaponAttachment_Melee_178
[3636.71] Log: Skills: Adding skill to cache... Melee Attack
[3636.71] MP_Weapons_Native: SetAttackSkillObjectByName() failed, due to not having a prev. ASO - DFWeaponAttachment_Melee_179
[3637.58] MP_Weapons_Native: SetAttackSkillObjectByName() failed, due to not having a prev. ASO - DFWeaponAttachment_Melee_180
[3638.34] DevOnline: Listening for lan beacon requests on 6777
[3641.32] Log: Skills: Adding skill to cache... Melee Attack
[3641.34] Log: Skills: Adding skill to cache... Melee Attack
[3643.34] DevOnline: Listening for lan beacon requests on 6777
[3645.84] MP_Weapons_Native: SetAttackSkillObjectByName() failed, due to not having a prev. ASO - DFWeaponAttachment_Melee_181
[3646.79] Error: ApplyNewRBState() called for kinematic actor DFDroppedPickup_450
[3646.81] Error: ApplyNewRBState() called for kinematic actor DFDroppedPickup_452
[3646.86] Error: ApplyNewRBState() called for kinematic actor DFDroppedPickup_450
[3646.88] Error: ApplyNewRBState() called for kinematic actor DFDroppedPickup_452
[3647.35] DevOnline: Listening for lan beacon requests on 6777
[3650.93] MP_Weapons_Native: SetAttackSkillObjectByName() failed, due to not having a prev. ASO - DFWeaponAttachment_Melee_182
[3651.93] Error: ApplyNewRBState() called for kinematic actor DFDroppedPickup_454
[3652.35] DevOnline: Listening for lan beacon requests on 6777
[3655.00] Log: DFPawn_Nid_98::UpdateMeleeCollisionChecks ERROR - AnimLinkup->BoneToTrackTable for bone 58 returning INDEX_NONE
[3655.01] Log: DFPawn_Nid_98::UpdateMeleeCollisionChecks ERROR - AnimLinkup->BoneToTrackTable for bone 58 returning INDEX_NONE
[3655.10] Log: DFPawn_Hero_Female_1::UpdateMeleeCollisionChecks ERROR - AnimLinkup->BoneToTrackTable for bone 130 returning INDEX_NONE
[3655.11] Log: DFPawn_Hero_Female_1::UpdateMeleeCollisionChecks ERROR - AnimLinkup->BoneToTrackTable for bone 130 returning INDEX_NONE
[3655.13] Log: DFPawn_Hero_Female_1::UpdateMeleeCollisionChecks ERROR - AnimLinkup->BoneToTrackTable for bone 130 returning INDEX_NONE
[3655.15] Log: DFPawn_Hero_Female_1::UpdateMeleeCollisionChecks ERROR - AnimLinkup->BoneToTrackTable for bone 130 returning INDEX_NONE
[3655.17] Log: DFPawn_Hero_Female_1::UpdateMeleeCollisionChecks ERROR - AnimLinkup->BoneToTrackTable for bone 130 returning INDEX_NONE
[3655.18] Log: DFPawn_Hero_Female_1::UpdateMeleeCollisionChecks ERROR - AnimLinkup->BoneToTrackTable for bone 130 returning INDEX_NONE
[3655.20] Log: DFPawn_Hero_Female_1::UpdateMeleeCollisionChecks ERROR - AnimLinkup->BoneToTrackTable for bone 130 returning INDEX_NONE
[3655.22] Log: DFPawn_Hero_Female_1::UpdateMeleeCollisionChecks ERROR - AnimLinkup->BoneToTrackTable for bone 130 returning INDEX_NONE
[3655.23] Log: DFPawn_Hero_Female_1::UpdateMeleeCollisionChecks ERROR - AnimLinkup->BoneToTrackTable for bone 130 returning INDEX_NONE
[3655.25] Log: DFPawn_Hero_Female_1::UpdateMeleeCollisionChecks ERROR - AnimLinkup->BoneToTrackTable for bone 130 returning INDEX_NONE
[3655.27] Log: DFPawn_Hero_Female_1::UpdateMeleeCollisionChecks ERROR - AnimLinkup->BoneToTrackTable for bone 130 returning INDEX_NONE
[3655.28] Log: DFPawn_Hero_Female_1::UpdateMeleeCollisionChecks ERROR - AnimLinkup->BoneToTrackTable for bone 130 returning INDEX_NONE
[3655.30] Log: DFPawn_Hero_Female_1::UpdateMeleeCollisionChecks ERROR - AnimLinkup->BoneToTrackTable for bone 130 returning INDEX_NONE
[3655.32] Log: DFPawn_Hero_Female_1::UpdateMeleeCollisionChecks ERROR - AnimLinkup->BoneToTrackTable for bone 130 returning INDEX_NONE
[3655.34] Log: DFPawn_Hero_Female_1::UpdateMeleeCollisionChecks ERROR - AnimLinkup->BoneToTrackTable for bone 130 returning INDEX_NONE
[3655.35] Log: DFPawn_Hero_Female_1::UpdateMeleeCollisionChecks ERROR - AnimLinkup->BoneToTrackTable for bone 130 returning INDEX_NONE
[3655.37] Log: DFPawn_Hero_Female_1::UpdateMeleeCollisionChecks ERROR - AnimLinkup->BoneToTrackTable for bone 130 returning INDEX_NONE
[3655.39] Log: DFPawn_Hero_Female_1::UpdateMeleeCollisionChecks ERROR - AnimLinkup->BoneToTrackTable for bone 130 returning INDEX_NONE
[3655.40] Log: DFPawn_Hero_Female_1::UpdateMeleeCollisionChecks ERROR - AnimLinkup->BoneToTrackTable for bone 130 returning INDEX_NONE
[3655.42] Log: DFPawn_Hero_Female_1::UpdateMeleeCollisionChecks ERROR - AnimLinkup->BoneToTrackTable for bone 130 returning INDEX_NONE
[3655.44] Log: DFPawn_Hero_Female_1::UpdateMeleeCollisionChecks ERROR - AnimLinkup->BoneToTrackTable for bone 130 returning INDEX_NONE
[3655.45] Log: DFPawn_Hero_Female_1::UpdateMeleeCollisionChecks ERROR - AnimLinkup->BoneToTrackTable for bone 130 returning INDEX_NONE
[3655.47] Log: DFPawn_Hero_Female_1::UpdateMeleeCollisionChecks ERROR - AnimLinkup->BoneToTrackTable for bone 130 returning INDEX_NONE
[3655.49] Log: DFPawn_Hero_Female_1::UpdateMeleeCollisionChecks ERROR - AnimLinkup->BoneToTrackTable for bone 130 returning INDEX_NONE
[3655.51] Log: DFPawn_Hero_Female_1::UpdateMeleeCollisionChecks ERROR - AnimLinkup->BoneToTrackTable for bone 130 returning INDEX_NONE
[3655.83] Log: DFPawn_Hero_Female_1::UpdateMeleeCollisionChecks ERROR - AnimLinkup->BoneToTrackTable for bone 130 returning INDEX_NONE
[3655.84] Log: DFPawn_Hero_Female_1::UpdateMeleeCollisionChecks ERROR - AnimLinkup->BoneToTrackTable for bone 130 returning INDEX_NONE
[3655.86] Log: DFPawn_Hero_Female_1::UpdateMeleeCollisionChecks ERROR - AnimLinkup->BoneToTrackTable for bone 130 returning INDEX_NONE
[3655.88] Log: DFPawn_Hero_Female_1::UpdateMeleeCollisionChecks ERROR - AnimLinkup->BoneToTrackTable for bone 130 returning INDEX_NONE
[3655.90] Log: DFPawn_Hero_Female_1::UpdateMeleeCollisionChecks ERROR - AnimLinkup->BoneToTrackTable for bone 130 returning INDEX_NONE
[3655.91] Log: DFPawn_Hero_Female_1::UpdateMeleeCollisionChecks ERROR - AnimLinkup->BoneToTrackTable for bone 130 returning INDEX_NONE
[3655.93] Log: DFPawn_Hero_Female_1::UpdateMeleeCollisionChecks ERROR - AnimLinkup->BoneToTrackTable for bone 130 returning INDEX_NONE
[3655.95] Log: DFPawn_Hero_Female_1::UpdateMeleeCollisionChecks ERROR - AnimLinkup->BoneToTrackTable for bone 130 returning INDEX_NONE
[3655.96] Log: DFPawn_Hero_Female_1::UpdateMeleeCollisionChecks ERROR - AnimLinkup->BoneToTrackTable for bone 130 returning INDEX_NONE
[3655.98] Log: DFPawn_Hero_Female_1::UpdateMeleeCollisionChecks ERROR - AnimLinkup->BoneToTrackTable for bone 130 returning INDEX_NONE
[3656.00] Log: DFPawn_Hero_Female_1::UpdateMeleeCollisionChecks ERROR - AnimLinkup->BoneToTrackTable for bone 130 returning INDEX_NONE
[3656.01] Log: DFPawn_Hero_Female_1::UpdateMeleeCollisionChecks ERROR - AnimLinkup->BoneToTrackTable for bone 130 returning INDEX_NONE
[3656.03] Log: DFPawn_Hero_Female_1::UpdateMeleeCollisionChecks ERROR - AnimLinkup->BoneToTrackTable for bone 130 returning INDEX_NONE
[3656.05] Log: DFPawn_Hero_Female_1::UpdateMeleeCollisionChecks ERROR - AnimLinkup->BoneToTrackTable for bone 130 returning INDEX_NONE
[3656.37] DevOnline: Listening for lan beacon requests on 6777
[3658.62] MP_Weapons_Native: SetAttackSkillObjectByName() failed, due to not having a prev. ASO - DFWeaponAttachment_Melee_183
[3659.59] Error: ApplyNewRBState() called for kinematic actor DFDroppedPickup_457
[3659.66] Error: ApplyNewRBState() called for kinematic actor DFDroppedPickup_457
[3661.39] DevOnline: Listening for lan beacon requests on 6777
[3661.76] Log: Skills: Adding skill to cache... Melee Attack
[3662.25] Log: Skills: Adding skill to cache... Melee Attack
[3664.18] ScriptWarning: Accessed None 'RunSound'
	DFSpecialMove_RoadieRun UGC-Persistent.TheWorld:PersistentLevel.DFSpecialMove_RoadieRun_35
	Function DFGame.DFSpecialMove_RoadieRun:StartSpecialMove:04EF
[3664.23] ScriptWarning: Accessed None 'RunSound'
	DFSpecialMove_RoadieRun UGC-Persistent.TheWorld:PersistentLevel.DFSpecialMove_RoadieRun_35
	Function DFGame.DFSpecialMove_RoadieRun:StopSpecialMove:0174
[3665.39] DevOnline: Listening for lan beacon requests on 6777
[3666.86] ScriptWarning: Accessed None 'CurrentWeaponAttachment'
	DFWeaponAttachment_Melee UGC-Persistent.TheWorld:PersistentLevel.DFWeaponAttachment_Melee_175
	Function DFGame.DFWeaponAttachment:Cleanup:0152
[3667.25] MP_Weapons_Native: SetAttackSkillObjectByName() failed, due to not having a prev. ASO - DFWeaponAttachment_Ranged_Spell_107
[3668.86] Log: Could not find FMC creator for PSC UGC-Persistent.TheWorld:PersistentLevel.DFPawn_Hero_Female_1.inXileParticleSystemComponent_8748 completion callback, message None
[3670.40] DevOnline: Listening for lan beacon requests on 6777
[3670.93] Log: Could not find FMC creator for PSC UGC-Persistent.TheWorld:PersistentLevel.DFPawn_Hero_Female_1.inXileParticleSystemComponent_8749 completion callback, message None
[3671.94] ScriptWarning: Accessed None 'RunSound'
	DFSpecialMove_RoadieRun UGC-Persistent.TheWorld:PersistentLevel.DFSpecialMove_RoadieRun_35
	Function DFGame.DFSpecialMove_RoadieRun:StartSpecialMove:04EF
[3671.98] ScriptWarning: Accessed None 'RunSound'
	DFSpecialMove_RoadieRun UGC-Persistent.TheWorld:PersistentLevel.DFSpecialMove_RoadieRun_35
	Function DFGame.DFSpecialMove_RoadieRun:StopSpecialMove:0174
[3674.42] DevOnline: Listening for lan beacon requests on 6777
[3676.44] Log: Could not find FMC creator for PSC UGC-Persistent.TheWorld:PersistentLevel.DFPawn_Hero_Male_1.inXileParticleSystemComponent_7221 completion callback, message None
[3679.38] ScriptWarning: Accessed None 'CurrentWeaponAttachment'
	DFWeaponAttachment_Ranged_Spell UGC-Persistent.TheWorld:PersistentLevel.DFWeaponAttachment_Ranged_Spell_107
	Function DFGame.DFWeaponAttachment:Cleanup:0152
[3679.44] DevOnline: Listening for lan beacon requests on 6777
[3679.65] MP_Weapons_Native: SetAttackSkillObjectByName() failed, due to not having a prev. ASO - DFWeaponAttachment_Melee_184
[3680.99] MP_Weapons_Native: SetAttackSkillObjectByName() failed, due to not having a prev. ASO - DFWeaponAttachment_Melee_185
[3681.83] Error: ApplyNewRBState() called for kinematic actor DFDroppedPickup_458
[3681.83] Error: ApplyNewRBState() called for kinematic actor DFDroppedPickup_459
[3681.89] MP_Weapons_Native: SetAttackSkillObjectByName() failed, due to not having a prev. ASO - DFWeaponAttachment_Melee_186
[3681.89] Error: ApplyNewRBState() called for kinematic actor DFDroppedPickup_458
[3681.89] Error: ApplyNewRBState() called for kinematic actor DFDroppedPickup_459
[3682.79] Error: ApplyNewRBState() called for kinematic actor DFDroppedPickup_460
[3682.79] Error: ApplyNewRBState() called for kinematic actor DFDroppedPickup_461
[3682.86] Error: ApplyNewRBState() called for kinematic actor DFDroppedPickup_460
[3682.86] Error: ApplyNewRBState() called for kinematic actor DFDroppedPickup_461
[3682.88] Error: ApplyNewRBState() called for kinematic actor DFDroppedPickup_465
[3682.91] Error: ApplyNewRBState() called for kinematic actor DFDroppedPickup_463
[3682.94] Error: ApplyNewRBState() called for kinematic actor DFDroppedPickup_465
[3683.45] DevOnline: Listening for lan beacon requests on 6777
[3685.84] Error: ApplyNewRBState() called for kinematic actor DFDroppedPickup_467
[3685.84] Error: ApplyNewRBState() called for kinematic actor DFDroppedPickup_468
[3685.91] Error: ApplyNewRBState() called for kinematic actor DFDroppedPickup_467
[3685.91] Error: ApplyNewRBState() called for kinematic actor DFDroppedPickup_468
[3686.86] Log: Could not find FMC creator for PSC UGC-Persistent.TheWorld:PersistentLevel.DFWeaponAttachment_Melee_140.inXileParticleSystemComponent_7948 completion callback, message None
[3688.47] DevOnline: Listening for lan beacon requests on 6777
[3691.50] ScriptWarning: Accessed None 'CurrentWeaponAttachment'
	DFWeaponAttachment_Melee UGC-Persistent.TheWorld:PersistentLevel.DFWeaponAttachment_Melee_184
	Function DFGame.DFWeaponAttachment:Cleanup:0152
[3691.69] MP_Weapons_Native: SetAttackSkillObjectByName() failed, due to not having a prev. ASO - DFWeaponAttachment_Ranged_Spell_108
[3691.91] MP_Weapons_Native: SetAttackSkillObjectByName() failed, due to not having a prev. ASO - DFWeaponAttachment_Ranged_Spell_109
[3692.49] DevOnline: Listening for lan beacon requests on 6777
[3693.03] Log: Could not find FMC creator for PSC UGC-Persistent.TheWorld:PersistentLevel.DFPawn_Hero_Male_1.inXileParticleSystemComponent_8850 completion callback, message None
[3695.79] Log: Could not find FMC creator for PSC UGC-Persistent.TheWorld:PersistentLevel.DFPawn_Hero_Male_1.inXileParticleSystemComponent_8851 completion callback, message None
[3696.96] Log: Could not find FMC creator for PSC UGC-Persistent.TheWorld:PersistentLevel.DFPawn_Hero_Female_1.inXileParticleSystemComponent_7232 completion callback, message None
[3697.50] DevOnline: Can't free search results while the search is in progress
[3697.50] DevOnline: Listening for lan beacon requests on 6777
[3700.86] ScriptWarning: Accessed None 'RunSound'
	DFSpecialMove_RoadieRun UGC-Persistent.TheWorld:PersistentLevel.DFSpecialMove_RoadieRun_35
	Function DFGame.DFSpecialMove_RoadieRun:StartSpecialMove:04EF
[3700.86] ScriptWarning: Accessed None 'RunSound'
	DFSpecialMove_RoadieRun UGC-Persistent.TheWorld:PersistentLevel.DFSpecialMove_RoadieRun_35
	Function DFGame.DFSpecialMove_RoadieRun:StopSpecialMove:0174
[3701.50] DevOnline: Listening for lan beacon requests on 6777
[3701.66] Log: Could not find FMC creator for PSC UGC-Persistent.TheWorld:PersistentLevel.DFPawn_Hero_Male_1.inXileParticleSystemComponent_8850 completion callback, message None
[3706.09] MP_Weapons_Native: SetAttackSkillObjectByName() failed, due to not having a prev. ASO - DFWeaponAttachment_Melee_187
[3706.52] DevOnline: Listening for lan beacon requests on 6777
[3709.94] Error: ApplyNewRBState() called for kinematic actor DFDroppedPickup_469
[3709.94] Error: ApplyNewRBState() called for kinematic actor DFDroppedPickup_470
[3710.01] Error: ApplyNewRBState() called for kinematic actor DFDroppedPickup_469
[3710.01] Error: ApplyNewRBState() called for kinematic actor DFDroppedPickup_470
[3710.53] DevOnline: Listening for lan beacon requests on 6777
[3712.01] ScriptWarning: Accessed None 'CurrentWeaponAttachment'
	DFWeaponAttachment_Ranged_Spell UGC-Persistent.TheWorld:PersistentLevel.DFWeaponAttachment_Ranged_Spell_109
	Function DFGame.DFWeaponAttachment:Cleanup:0152
[3712.26] MP_Weapons_Native: SetAttackSkillObjectByName() failed, due to not having a prev. ASO - DFWeaponAttachment_Melee_188
[3712.75] ScriptWarning: Accessed None 'CurrentWeaponAttachment'
	DFWeaponAttachment_Melee UGC-Persistent.TheWorld:PersistentLevel.DFWeaponAttachment_Melee_188
	Function DFGame.DFWeaponAttachment:Cleanup:0152
[3713.16] MP_Weapons_Native: SetAttackSkillObjectByName() failed, due to not having a prev. ASO - DFWeaponAttachment_Ranged_Spell_110
[3715.54] DevOnline: Listening for lan beacon requests on 6777
[3719.55] DevOnline: Listening for lan beacon requests on 6777
[3719.89] Error: ApplyNewRBState() called for kinematic actor DFDroppedPickup_471
[3719.89] Error: ApplyNewRBState() called for kinematic actor DFDroppedPickup_Shield_55
[3719.96] Error: ApplyNewRBState() called for kinematic actor DFDroppedPickup_471
[3719.96] Error: ApplyNewRBState() called for kinematic actor DFDroppedPickup_Shield_55
[3721.94] Error: ApplyNewRBState() called for kinematic actor DFDroppedPickup_473
[3724.55] DevOnline: Listening for lan beacon requests on 6777
[3728.01] Log: Skills: Adding skill to cache... Melee Attack
[3728.01] MP_Weapons_Native: SetAttackSkillObjectByName() failed, due to not having a prev. ASO - DFWeaponAttachment_Melee_189
[3728.03] Log: Skills: Adding skill to cache... Melee Attack
[3728.03] MP_Weapons_Native: SetAttackSkillObjectByName() failed, due to not having a prev. ASO - DFWeaponAttachment_Melee_190
[3728.55] DevOnline: Listening for lan beacon requests on 6777
[3729.01] Log: Skills: Adding skill to cache... Melee Attack
[3729.01] MP_Weapons_Native: SetAttackSkillObjectByName() failed, due to not having a prev. ASO - DFWeaponAttachment_Melee_191
[3730.13] Log: Could not find FMC creator for PSC UGC-Persistent.TheWorld:PersistentLevel.DFPawn_Hero_Female_1.inXileParticleSystemComponent_8918 completion callback, message None
[3731.04] Log: Skills: Adding skill to cache... Melee_Berserk1_Name
[3732.28] Log: Could not find FMC creator for PSC UGC-Persistent.TheWorld:PersistentLevel.DFPawn_Hero_Female_1.inXileParticleSystemComponent_8919 completion callback, message None
[3733.57] DevOnline: Listening for lan beacon requests on 6777
[3736.48] MP_Weapons_Native: SetAttackSkillObjectByName() failed, due to not having a prev. ASO - DFWeaponAttachment_Melee_192
[3737.11] MP_Weapons_Native: SetAttackSkillObjectByName() failed, due to not having a prev. ASO - DFWeaponAttachment_Melee_193
[3737.45] Error: ApplyNewRBState() called for kinematic actor DFDroppedPickup_Shield_56
[3737.45] Error: ApplyNewRBState() called for kinematic actor DFDroppedPickup_475
[3737.45] Error: ApplyNewRBState() called for kinematic actor DFDroppedPickup_476
[3737.52] Error: ApplyNewRBState() called for kinematic actor DFDroppedPickup_Shield_56
[3737.52] Error: ApplyNewRBState() called for kinematic actor DFDroppedPickup_475
[3737.52] Error: ApplyNewRBState() called for kinematic actor DFDroppedPickup_476
[3737.57] DevOnline: Listening for lan beacon requests on 6777
[3738.08] Error: ApplyNewRBState() called for kinematic actor DFDroppedPickup_477
[3738.08] Error: ApplyNewRBState() called for kinematic actor DFDroppedPickup_478
[3738.08] Error: ApplyNewRBState() called for kinematic actor DFDroppedPickup_479
[3738.14] Log: Skills: Adding skill to cache... Melee Attack
[3738.14] Error: ApplyNewRBState() called for kinematic actor DFDroppedPickup_477
[3738.14] Error: ApplyNewRBState() called for kinematic actor DFDroppedPickup_478
[3738.14] Error: ApplyNewRBState() called for kinematic actor DFDroppedPickup_479
[3739.04] Log: Skills: Adding skill to cache... Melee Attack
[3739.89] Log: Skills: Adding skill to cache... Melee Attack
[3742.58] DevOnline: Listening for lan beacon requests on 6777
[3743.48] MP_Weapons_Native: SetAttackSkillObjectByName() failed, due to not having a prev. ASO - DFWeaponAttachment_Melee_194
[3743.80] Log: Skills: Adding skill to cache... Melee Attack
[3744.45] Error: ApplyNewRBState() called for kinematic actor DFDroppedPickup_480
[3744.45] Error: ApplyNewRBState() called for kinematic actor DFDroppedPickup_481
[3744.52] Error: ApplyNewRBState() called for kinematic actor DFDroppedPickup_480
[3744.52] Error: ApplyNewRBState() called for kinematic actor DFDroppedPickup_481
[3745.65] Log: Skills: Adding skill to cache... Melee Attack
[3745.99] Error: ApplyNewRBState() called for kinematic actor DFDroppedPickup_483
[3745.99] Error: ApplyNewRBState() called for kinematic actor DFDroppedPickup_485
[3746.01] Error: ApplyNewRBState() called for kinematic actor DFDroppedPickup_Shield_59
[3746.06] Error: ApplyNewRBState() called for kinematic actor DFDroppedPickup_483
[3746.06] Error: ApplyNewRBState() called for kinematic actor DFDroppedPickup_485
[3746.08] Error: ApplyNewRBState() called for kinematic actor DFDroppedPickup_Shield_59
[3746.60] DevOnline: Listening for lan beacon requests on 6777
[3747.62] Log: Could not find FMC creator for PSC UGC-Persistent.TheWorld:PersistentLevel.DFWeaponAttachment_Melee_187.inXileParticleSystemComponent_8895 completion callback, message None
[3749.19] Error: ApplyNewRBState() called for kinematic actor DFDroppedPickup_Shield_60
[3749.19] Error: ApplyNewRBState() called for kinematic actor DFDroppedPickup_487
[3749.26] Error: ApplyNewRBState() called for kinematic actor DFDroppedPickup_Shield_60
[3749.26] Error: ApplyNewRBState() called for kinematic actor DFDroppedPickup_487
[3751.60] DevOnline: Listening for lan beacon requests on 6777
[3754.70] MP_Weapons_Native: SetAttackSkillObjectByName() failed, due to not having a prev. ASO - DFWeaponAttachment_Ranged_Spell_111
[3755.60] DevOnline: Listening for lan beacon requests on 6777
[3755.89] Log: Could not find FMC creator for PSC UGC-Persistent.TheWorld:PersistentLevel.DFPawn_Hero_Male_1.inXileParticleSystemComponent_9068 completion callback, message None
[3758.75] Log: Could not find FMC creator for PSC UGC-Persistent.TheWorld:PersistentLevel.DFPawn_Hero_Male_1.inXileParticleSystemComponent_9069 completion callback, message None
[3760.62] DevOnline: Listening for lan beacon requests on 6777
[3764.62] DevOnline: Listening for lan beacon requests on 6777
[3765.28] MP_Weapons_Native: SetAttackSkillObjectByName() failed, due to not having a prev. ASO - DFWeaponAttachment_Melee_195
[3766.41] ScriptWarning: Accessed None 'CurrentWeaponAttachment'
	DFWeaponAttachment_Ranged_Spell UGC-Persistent.TheWorld:PersistentLevel.DFWeaponAttachment_Ranged_Spell_110
	Function DFGame.DFWeaponAttachment:Cleanup:0152
[3766.67] MP_Weapons_Native: SetAttackSkillObjectByName() failed, due to not having a prev. ASO - DFWeaponAttachment_Melee_196
[3768.82] Log: Skills: Adding skill to cache... Melee Attack
[3769.62] DevOnline: Listening for lan beacon requests on 6777
[3771.04] Error: ApplyNewRBState() called for kinematic actor DFDroppedPickup_489
[3771.04] Error: ApplyNewRBState() called for kinematic actor DFDroppedPickup_490
[3771.04] Error: ApplyNewRBState() called for kinematic actor DFDroppedPickup_491
[3771.04] Error: ApplyNewRBState() called for kinematic actor DFDroppedPickup_Shield_61
[3771.11] Error: ApplyNewRBState() called for kinematic actor DFDroppedPickup_489
[3771.11] Error: ApplyNewRBState() called for kinematic actor DFDroppedPickup_490
[3771.11] Error: ApplyNewRBState() called for kinematic actor DFDroppedPickup_491
[3771.11] Error: ApplyNewRBState() called for kinematic actor DFDroppedPickup_Shield_61
[3772.01] Log: ADFDialogManager::PlayConversationFromScript, Conversation not found: conv_CaddocWin
[3773.18] ScriptWarning: Accessed None 'RunSound'
	DFSpecialMove_RoadieRun UGC-Persistent.TheWorld:PersistentLevel.DFSpecialMove_RoadieRun_35
	Function DFGame.DFSpecialMove_RoadieRun:StartSpecialMove:04EF
[3773.64] DevOnline: Listening for lan beacon requests on 6777
[3777.14] ScriptWarning: Accessed None 'RunSound'
	DFSpecialMove_RoadieRun UGC-Persistent.TheWorld:PersistentLevel.DFSpecialMove_RoadieRun_35
	Function DFGame.DFSpecialMove_RoadieRun:StopSpecialMove:0174
[3777.94] ScriptWarning: Accessed None 'RunSound'
	DFSpecialMove_RoadieRun UGC-Persistent.TheWorld:PersistentLevel.DFSpecialMove_RoadieRun_35
	Function DFGame.DFSpecialMove_RoadieRun:StartSpecialMove:04EF
[3778.63] DevOnline: Can't free search results while the search is in progress
[3778.63] DevOnline: Listening for lan beacon requests on 6777
[3781.65] ScriptWarning: Accessed None 'RunSound'
	DFSpecialMove_RoadieRun UGC-Persistent.TheWorld:PersistentLevel.DFSpecialMove_RoadieRun_35
	Function DFGame.DFSpecialMove_RoadieRun:StopSpecialMove:0174
[3782.55] ScriptWarning: Accessed None 'RunSound'
	DFSpecialMove_RoadieRun UGC-Persistent.TheWorld:PersistentLevel.DFSpecialMove_RoadieRun_35
	Function DFGame.DFSpecialMove_RoadieRun:StartSpecialMove:04EF
[3782.65] DevOnline: Listening for lan beacon requests on 6777
[3787.65] DevOnline: Listening for lan beacon requests on 6777
[3791.67] DevOnline: Listening for lan beacon requests on 6777
[3792.72] ScriptWarning: Accessed None 'RunSound'
	DFSpecialMove_RoadieRun UGC-Persistent.TheWorld:PersistentLevel.DFSpecialMove_RoadieRun_35
	Function DFGame.DFSpecialMove_RoadieRun:StopSpecialMove:0174
[3795.89] Error: ApplyNewRBState() called for kinematic actor DFDroppedPickup_492
[3795.95] Error: ApplyNewRBState() called for kinematic actor DFDroppedPickup_492
[3796.67] DevOnline: Can't free search results while the search is in progress
[3796.67] DevOnline: Listening for lan beacon requests on 6777
[3800.68] DevOnline: Listening for lan beacon requests on 6777
[3801.91] Log: Could not find FMC creator for PSC UGC-Persistent.TheWorld:PersistentLevel.DFPawn_Hero_Female_1.inXileParticleSystemComponent_7232 completion callback, message None
[3805.68] DevOnline: Listening for lan beacon requests on 6777
[3808.97] ScriptWarning: Accessed None 'RunSound'
	DFSpecialMove_RoadieRun UGC-Persistent.TheWorld:PersistentLevel.DFSpecialMove_RoadieRun_35
	Function DFGame.DFSpecialMove_RoadieRun:StartSpecialMove:04EF
[3809.70] DevOnline: Listening for lan beacon requests on 6777
[3810.00] ScriptWarning: Accessed None 'RunSound'
	DFSpecialMove_RoadieRun UGC-Persistent.TheWorld:PersistentLevel.DFSpecialMove_RoadieRun_35
	Function DFGame.DFSpecialMove_RoadieRun:StopSpecialMove:0174
[3813.53] ScriptWarning: Accessed None 'RunSound'
	DFSpecialMove_RoadieRun UGC-Persistent.TheWorld:PersistentLevel.DFSpecialMove_RoadieRun_35
	Function DFGame.DFSpecialMove_RoadieRun:StartSpecialMove:04EF
[3814.72] DevOnline: Listening for lan beacon requests on 6777
[3818.73] DevOnline: Listening for lan beacon requests on 6777
[3821.51] ScriptWarning: Accessed None 'RunSound'
	DFSpecialMove_RoadieRun UGC-Persistent.TheWorld:PersistentLevel.DFSpecialMove_RoadieRun_35
	Function DFGame.DFSpecialMove_RoadieRun:StopSpecialMove:0174
[3823.75] DevOnline: Listening for lan beacon requests on 6777
[3827.75] DevOnline: Listening for lan beacon requests on 6777
[3829.85] ScriptWarning: Accessed None 'RunSound'
	DFSpecialMove_RoadieRun UGC-Persistent.TheWorld:PersistentLevel.DFSpecialMove_RoadieRun_35
	Function DFGame.DFSpecialMove_RoadieRun:StartSpecialMove:04EF
[3832.78] DevOnline: Listening for lan beacon requests on 6777
[3834.14] ScriptWarning: Accessed None 'RunSound'
	DFSpecialMove_RoadieRun UGC-Persistent.TheWorld:PersistentLevel.DFSpecialMove_RoadieRun_35
	Function DFGame.DFSpecialMove_RoadieRun:StopSpecialMove:0174
[3834.50] Log: APPLY TRANSFORM LEVEL from UpdateSTreamingLevels():
[3834.50] Log: APPLY TRANSFORM ROOM #6, rot.pitch=0, rot.yaw=0, rot.roll=0;  Offset=1576.280273,31398.746094,-2972.423096
[3834.50] Log: APPLY TRANSFORM ROOM: UGCDungeonLayoutValues.LevelIndexCurr = 6
[3834.50] Log:  LevelData[6] setting bOffsetsApplied to TRUE
[3834.50] Log:  Flagging Level[6] to be Not Visible
[3834.50] Log:  Flagging Level[6] to be Visible
[3836.18] Log: Could not find FMC creator for PSC 000_Hallway1.TheWorld:PersistentLevel.DFPickupFactoryAlchemyObject_ShardContent_0.inXileParticleSystemComponent_8541 completion callback, message None
[3836.21] ScriptWarning: Accessed None 'RunSound'
	DFSpecialMove_RoadieRun UGC-Persistent.TheWorld:PersistentLevel.DFSpecialMove_RoadieRun_35
	Function DFGame.DFSpecialMove_RoadieRun:StartSpecialMove:04EF
[3836.77] DevOnline: Listening for lan beacon requests on 6777
[3836.91] ScriptWarning: Accessed None 'RunSound'
	DFSpecialMove_RoadieRun UGC-Persistent.TheWorld:PersistentLevel.DFSpecialMove_RoadieRun_35
	Function DFGame.DFSpecialMove_RoadieRun:StopSpecialMove:0174
[3841.32] Log: Changing subtitle setting, new value: 0
[3841.42] Warning: Warning, Failed to load 'SwfMovie ?INT?GFxUI.IME.MoviePath?': Failed to find object 'SwfMovie ?INT?GFxUI.IME.MoviePath?'
[3841.42] Log: GFx attempted to load missing object [?INT?GFxUI.IME.MoviePath?]
[3841.78] DevOnline: Listening for lan beacon requests on 6777
[3845.79] DevOnline: Listening for lan beacon requests on 6777
[3850.79] DevOnline: Listening for lan beacon requests on 6777
[3854.80] DevOnline: Listening for lan beacon requests on 6777
[3858.22] Log: Changing subtitle setting, new value: 1
[3859.67] ScriptWarning: Accessed None 'RunSound'
	DFSpecialMove_RoadieRun UGC-Persistent.TheWorld:PersistentLevel.DFSpecialMove_RoadieRun_35
	Function DFGame.DFSpecialMove_RoadieRun:StartSpecialMove:04EF
[3859.82] DevOnline: Listening for lan beacon requests on 6777
[3863.17] ScriptWarning: Accessed None 'RunSound'
	DFSpecialMove_RoadieRun UGC-Persistent.TheWorld:PersistentLevel.DFSpecialMove_RoadieRun_35
	Function DFGame.DFSpecialMove_RoadieRun:StopSpecialMove:0174
[3863.51] ScriptWarning: Accessed None 'CurrentWeaponAttachment'
	DFWeaponAttachment_Melee UGC-Persistent.TheWorld:PersistentLevel.DFWeaponAttachment_Melee_196
	Function DFGame.DFWeaponAttachment:Cleanup:0152
[3863.83] DevOnline: Listening for lan beacon requests on 6777
[3863.94] MP_Weapons_Native: SetAttackSkillObjectByName() failed, due to not having a prev. ASO - DFWeaponAttachment_Ranged_Bow_79
[3864.36] ScriptWarning: Accessed None 'CurrentWeaponAttachment'
	DFWeaponAttachment_Ranged_Bow UGC-Persistent.TheWorld:PersistentLevel.DFWeaponAttachment_Ranged_Bow_79
	Function DFGame.DFWeaponAttachment:Cleanup:0152
[3864.65] MP_Weapons_Native: SetAttackSkillObjectByName() failed, due to not having a prev. ASO - DFWeaponAttachment_Ranged_Bow_80
[3868.85] DevOnline: Listening for lan beacon requests on 6777
[3870.73] ScriptWarning: Accessed None 'CurrentWeaponAttachment'
	DFWeaponAttachment_Ranged_Bow UGC-Persistent.TheWorld:PersistentLevel.DFWeaponAttachment_Ranged_Bow_80
	Function DFGame.DFWeaponAttachment:Cleanup:0152
[3870.99] MP_Weapons_Native: SetAttackSkillObjectByName() failed, due to not having a prev. ASO - DFWeaponAttachment_Melee_197
[3872.87] DevOnline: Listening for lan beacon requests on 6777
[3873.64] Log: Before HALL TRANSORM: UGCDungeonLayoutValues.LevelIndexCurr=6
[3873.64] Log: APPLY TRANSFORM Hall: xformed exit door side=1, rot.roll=0, rot.pitch=0, rot.yaw=16384;  Offset=-893.506348,25772.257813,-5411.423096
[3873.64] Log:  LevelData[0] setting bOffsetsApplied to TRUE
[3873.64] Log:  Flagging Level[0] to be Not Visible
[3873.64] Log:  Flagging Level[0] to be Visible
[3873.64] Log: FKAggregateGeom::InstanceNovodexGeom: (Actor: 000_Hallway1.TheWorld:PersistentLevel.StaticMeshActor_241 Component: StaticMeshComponent_1808 StaticMesh: ES3_EnviroProps.Meshes.S_WebPlane) No geometries in FKAggregateGeom.
[3873.64] Log: URB_BodyInstance::InitBody : Could not create new Shape: Actor: 000_Hallway1.TheWorld:PersistentLevel.StaticMeshActor_241 Component: StaticMeshComponent_1808 StaticMesh: ES3_EnviroProps.Meshes.S_WebPlane
[3873.64] Log: FKAggregateGeom::InstanceNovodexGeom: (Actor: 000_Hallway1.TheWorld:PersistentLevel.StaticMeshActor_298 Component: StaticMeshComponent_1808 StaticMesh: ES3_EnviroProps.Meshes.S_WebPlane) No geometries in FKAggregateGeom.
[3873.64] Log: URB_BodyInstance::InitBody : Could not create new Shape: Actor: 000_Hallway1.TheWorld:PersistentLevel.StaticMeshActor_298 Component: StaticMeshComponent_1808 StaticMesh: ES3_EnviroProps.Meshes.S_WebPlane
[3873.64] Log: FKAggregateGeom::InstanceNovodexGeom: (Actor: 000_Hallway1.TheWorld:PersistentLevel.StaticMeshActor_191 Component: StaticMeshComponent_1808 StaticMesh: ES3_EnviroProps.Meshes.S_WebPlane) No geometries in FKAggregateGeom.
[3873.64] Log: URB_BodyInstance::InitBody : Could not create new Shape: Actor: 000_Hallway1.TheWorld:PersistentLevel.StaticMeshActor_191 Component: StaticMeshComponent_1808 StaticMesh: ES3_EnviroProps.Meshes.S_WebPlane
[3877.56] ScriptWarning: Accessed None 'RunSound'
	DFSpecialMove_RoadieRun UGC-Persistent.TheWorld:PersistentLevel.DFSpecialMove_RoadieRun_35
	Function DFGame.DFSpecialMove_RoadieRun:StartSpecialMove:04EF
[3877.88] DevOnline: Listening for lan beacon requests on 6777
[3878.74] ScriptWarning: Accessed None 'RunSound'
	DFSpecialMove_RoadieRun UGC-Persistent.TheWorld:PersistentLevel.DFSpecialMove_RoadieRun_35
	Function DFGame.DFSpecialMove_RoadieRun:StopSpecialMove:0174
[3880.30] MP_Weapons_Native: SetAttackSkillObjectByName() failed, due to not having a prev. ASO - DFWeaponAttachment_Melee_198
[3880.30] Log: Skills: Adding skill to cache... Ranged Attack
[3880.30] MP_Weapons_Native: SetAttackSkillObjectByName() failed, due to not having a prev. ASO - DFWeaponAttachment_Ranged_Bow_81
[3881.88] DevOnline: Listening for lan beacon requests on 6777
[3882.29] Log: Skills: Adding skill to cache... Ranged Attack
[3882.29] MP_Weapons_Native: SetAttackSkillObjectByName() failed, due to not having a prev. ASO - DFWeaponAttachment_Ranged_Bow_82
[3885.76] ScriptWarning: Accessed None 'CurrentWeaponAttachment'
	DFWeaponAttachment_Melee UGC-Persistent.TheWorld:PersistentLevel.DFWeaponAttachment_Melee_197
	Function DFGame.DFWeaponAttachment:Cleanup:0152
[3886.15] MP_Weapons_Native: SetAttackSkillObjectByName() failed, due to not having a prev. ASO - DFWeaponAttachment_Ranged_Spell_112
[3886.90] DevOnline: Listening for lan beacon requests on 6777
[3888.91] Error: ApplyNewRBState() called for kinematic actor DFDroppedPickup_495
[3888.91] Error: ApplyNewRBState() called for kinematic actor DFDroppedPickup_496
[3888.91] Error: ApplyNewRBState() called for kinematic actor DFDroppedPickup_497
[3888.95] MP_Weapons_Native: SetAttackSkillObjectByName() failed, due to not having a prev. ASO - DFWeaponAttachment_Ranged_Bow_83
[3888.98] Error: ApplyNewRBState() called for kinematic actor DFDroppedPickup_495
[3888.98] Error: ApplyNewRBState() called for kinematic actor DFDroppedPickup_496
[3888.98] Error: ApplyNewRBState() called for kinematic actor DFDroppedPickup_497
[3890.69] Error: ApplyNewRBState() called for kinematic actor DFDroppedPickup_498
[3890.69] Error: ApplyNewRBState() called for kinematic actor DFDroppedPickup_500
[3890.74] MP_Weapons_Native: SetAttackSkillObjectByName() failed, due to not having a prev. ASO - DFWeaponAttachment_Ranged_Bow_84
[3890.76] Error: ApplyNewRBState() called for kinematic actor DFDroppedPickup_498
[3890.76] Error: ApplyNewRBState() called for kinematic actor DFDroppedPickup_500
[3890.91] DevOnline: Listening for lan beacon requests on 6777
[3894.34] Error: ApplyNewRBState() called for kinematic actor DFDroppedPickup_501
[3894.34] Error: ApplyNewRBState() called for kinematic actor DFDroppedPickup_502
[3894.40] Error: ApplyNewRBState() called for kinematic actor DFDroppedPickup_501
[3894.40] Error: ApplyNewRBState() called for kinematic actor DFDroppedPickup_502
[3895.91] DevOnline: Listening for lan beacon requests on 6777
[3897.17] Log: Could not find FMC creator for PSC UGC-Persistent.TheWorld:PersistentLevel.DFPawn_Hero_Female_1.inXileParticleSystemComponent_9240 completion callback, message None
[3899.29] Log: Could not find FMC creator for PSC UGC-Persistent.TheWorld:PersistentLevel.DFPawn_Hero_Female_1.inXileParticleSystemComponent_9241 completion callback, message None
[3899.92] DevOnline: Listening for lan beacon requests on 6777
[3903.39] Error: ApplyNewRBState() called for kinematic actor DFDroppedPickup_503
[3903.39] Error: ApplyNewRBState() called for kinematic actor DFDroppedPickup_504
[3903.39] Error: ApplyNewRBState() called for kinematic actor DFDroppedPickup_505
[3903.46] Error: ApplyNewRBState() called for kinematic actor DFDroppedPickup_503
[3903.46] Error: ApplyNewRBState() called for kinematic actor DFDroppedPickup_504
[3903.46] Error: ApplyNewRBState() called for kinematic actor DFDroppedPickup_505
[3904.94] DevOnline: Listening for lan beacon requests on 6777
[3907.92] Error: ApplyNewRBState() called for kinematic actor DFDroppedPickup_507
[3907.94] Error: ApplyNewRBState() called for kinematic actor DFDroppedPickup_508
[3907.99] Error: ApplyNewRBState() called for kinematic actor DFDroppedPickup_507
[3908.00] Error: ApplyNewRBState() called for kinematic actor DFDroppedPickup_508
[3908.95] DevOnline: Listening for lan beacon requests on 6777
[3913.96] DevOnline: Can't free search results while the search is in progress
[3913.96] DevOnline: Listening for lan beacon requests on 6777
[3915.06] Log: Could not find FMC creator for PSC UGC-Persistent.TheWorld:PersistentLevel.DFWeaponAttachment_Melee_195.inXileParticleSystemComponent_9087 completion callback, message None
[3916.09] Log: Skills: Adding skill to cache... Fireball Attack
[3916.09] MP_Weapons_Native: SetAttackSkillObjectByName() failed, due to not having a prev. ASO - DFWeaponAttachment_Ranged_Spell_113
[3916.11] MP_Weapons_Native: SetAttackSkillObjectByName() failed, due to not having a prev. ASO - DFWeaponAttachment_Ranged_Bow_85
[3916.16] Log: Skills: Adding skill to cache... Ranged Explosive Attack
[3916.16] MP_Weapons_Native: SetAttackSkillObjectByName() failed, due to not having a prev. ASO - DFWeaponAttachment_Ranged_Bow_86
[3916.31] ScriptWarning: Accessed None 'RunSound'
	DFSpecialMove_RoadieRun UGC-Persistent.TheWorld:PersistentLevel.DFSpecialMove_RoadieRun_35
	Function DFGame.DFSpecialMove_RoadieRun:StartSpecialMove:04EF
[3917.87] ScriptWarning: Accessed None 'RunSound'
	DFSpecialMove_RoadieRun UGC-Persistent.TheWorld:PersistentLevel.DFSpecialMove_RoadieRun_35
	Function DFGame.DFSpecialMove_RoadieRun:StopSpecialMove:0174
[3917.97] DevOnline: Listening for lan beacon requests on 6777
[3922.88] MP_Weapons_Native: SetAttackSkillObjectByName() failed, due to not having a prev. ASO - DFWeaponAttachment_Ranged_Spell_114
[3922.99] DevOnline: Listening for lan beacon requests on 6777
[3924.29] Log: Could not find FMC creator for PSC UGC-Persistent.TheWorld:PersistentLevel.DFPawn_Hero_Male_1.inXileParticleSystemComponent_9367 completion callback, message None
[3925.12] ScriptWarning: Accessed None 'CurrentWeaponAttachment'
	DFWeaponAttachment_Ranged_Spell UGC-Persistent.TheWorld:PersistentLevel.DFWeaponAttachment_Ranged_Spell_112
	Function DFGame.DFWeaponAttachment:Cleanup:0152
[3925.38] MP_Weapons_Native: SetAttackSkillObjectByName() failed, due to not having a prev. ASO - DFWeaponAttachment_Melee_199
[3926.99] DevOnline: Listening for lan beacon requests on 6777
[3928.01] Error: ApplyNewRBState() called for kinematic actor DFDroppedPickup_509
[3928.08] Error: ApplyNewRBState() called for kinematic actor DFDroppedPickup_509
[3928.62] Log: Could not find FMC creator for PSC UGC-Persistent.TheWorld:PersistentLevel.DFPawn_Hero_Male_1.inXileParticleSystemComponent_9368 completion callback, message None
[3929.67] ScriptWarning: Accessed None 'RunSound'
	DFSpecialMove_RoadieRun UGC-Persistent.TheWorld:PersistentLevel.DFSpecialMove_RoadieRun_35
	Function DFGame.DFSpecialMove_RoadieRun:StartSpecialMove:04EF
[3931.43] MP_Weapons_Native: SetAttackSkillObjectByName() failed, due to not having a prev. ASO - DFWeaponAttachment_Melee_200
[3931.53] ScriptWarning: Accessed None 'RunSound'
	DFSpecialMove_RoadieRun UGC-Persistent.TheWorld:PersistentLevel.DFSpecialMove_RoadieRun_35
	Function DFGame.DFSpecialMove_RoadieRun:StopSpecialMove:0174
[3932.01] DevOnline: Listening for lan beacon requests on 6777
[3936.00] DevOnline: Listening for lan beacon requests on 6777
[3937.01] Log: Could not find FMC creator for PSC UGC-Persistent.TheWorld:PersistentLevel.DFPawn_Nid_113.inXileParticleSystemComponent_9352 completion callback, message None
[3940.46] Error: ApplyNewRBState() called for kinematic actor DFDroppedPickup_510
[3940.53] Error: ApplyNewRBState() called for kinematic actor DFDroppedPickup_510
[3941.02] DevOnline: Listening for lan beacon requests on 6777
[3942.23] Log: Could not find FMC creator for PSC UGC-Persistent.TheWorld:PersistentLevel.DFWeaponAttachment_Melee_199.inXileParticleSystemComponent_9371 completion callback, message None
[3942.70] ScriptWarning: Accessed None 'RunSound'
	DFSpecialMove_RoadieRun UGC-Persistent.TheWorld:PersistentLevel.DFSpecialMove_RoadieRun_35
	Function DFGame.DFSpecialMove_RoadieRun:StartSpecialMove:04EF
[3943.01] Error: ApplyNewRBState() called for kinematic actor DFDroppedPickup_512
[3943.01] Error: ApplyNewRBState() called for kinematic actor DFDroppedPickup_514
[3943.05] MP_Weapons_Native: SetAttackSkillObjectByName() failed, due to not having a prev. ASO - DFWeaponAttachment_Ranged_Bow_87
[3943.07] Error: ApplyNewRBState() called for kinematic actor DFDroppedPickup_512
[3943.07] Error: ApplyNewRBState() called for kinematic actor DFDroppedPickup_514
[3943.55] ScriptWarning: Accessed None 'RunSound'
	DFSpecialMove_RoadieRun UGC-Persistent.TheWorld:PersistentLevel.DFSpecialMove_RoadieRun_35
	Function DFGame.DFSpecialMove_RoadieRun:StopSpecialMove:0174
[3944.12] ScriptWarning: Accessed None 'CurrentWeaponAttachment'
	DFWeaponAttachment_Melee UGC-Persistent.TheWorld:PersistentLevel.DFWeaponAttachment_Melee_199
	Function DFGame.DFWeaponAttachment:Cleanup:0152
[3944.52] MP_Weapons_Native: SetAttackSkillObjectByName() failed, due to not having a prev. ASO - DFWeaponAttachment_Ranged_Spell_115
[3945.04] DevOnline: Listening for lan beacon requests on 6777
[3946.38] Log: Could not find FMC creator for PSC UGC-Persistent.TheWorld:PersistentLevel.DFPawn_Hero_Female_1.inXileParticleSystemComponent_9422 completion callback, message None
[3948.55] Log: Could not find FMC creator for PSC UGC-Persistent.TheWorld:PersistentLevel.DFPawn_Hero_Female_1.inXileParticleSystemComponent_9423 completion callback, message None
[3950.05] DevOnline: Listening for lan beacon requests on 6777
[3950.99] ScriptWarning: Accessed None 'CurrentWeaponAttachment'
	DFWeaponAttachment_Ranged_Spell UGC-Persistent.TheWorld:PersistentLevel.DFWeaponAttachment_Ranged_Spell_115
	Function DFGame.DFWeaponAttachment:Cleanup:0152
[3951.27] MP_Weapons_Native: SetAttackSkillObjectByName() failed, due to not having a prev. ASO - DFWeaponAttachment_Melee_201
[3953.97] Error: ApplyNewRBState() called for kinematic actor DFDroppedPickup_515
[3954.04] Error: ApplyNewRBState() called for kinematic actor DFDroppedPickup_515
[3954.07] DevOnline: Listening for lan beacon requests on 6777
[3954.92] Error: ApplyNewRBState() called for kinematic actor DFDroppedPickup_516
[3954.92] Error: ApplyNewRBState() called for kinematic actor DFDroppedPickup_517
[3954.99] Error: ApplyNewRBState() called for kinematic actor DFDroppedPickup_516
[3954.99] Error: ApplyNewRBState() called for kinematic actor DFDroppedPickup_517
[3959.07] DevOnline: Can't free search results while the search is in progress
[3959.07] DevOnline: Listening for lan beacon requests on 6777
[3961.07] Error: ApplyNewRBState() called for kinematic actor DFDroppedPickup_518
[3961.07] Error: ApplyNewRBState() called for kinematic actor DFDroppedPickup_519
[3961.07] Error: ApplyNewRBState() called for kinematic actor DFDroppedPickup_520
[3961.10] MP_Weapons_Native: SetAttackSkillObjectByName() failed, due to not having a prev. ASO - DFWeaponAttachment_Ranged_Bow_88
[3961.14] Error: ApplyNewRBState() called for kinematic actor DFDroppedPickup_518
[3961.14] Error: ApplyNewRBState() called for kinematic actor DFDroppedPickup_519
[3961.14] Error: ApplyNewRBState() called for kinematic actor DFDroppedPickup_520
[3962.80] ScriptWarning: Accessed None 'CurrentWeaponAttachment'
	DFWeaponAttachment_Melee UGC-Persistent.TheWorld:PersistentLevel.DFWeaponAttachment_Melee_201
	Function DFGame.DFWeaponAttachment:Cleanup:0152
[3963.09] DevOnline: Listening for lan beacon requests on 6777
[3963.17] MP_Weapons_Native: SetAttackSkillObjectByName() failed, due to not having a prev. ASO - DFWeaponAttachment_Ranged_Spell_116
[3964.60] Log: Could not find FMC creator for PSC UGC-Persistent.TheWorld:PersistentLevel.DFWeaponAttachment_Melee_200.inXileParticleSystemComponent_9377 completion callback, message None
[3968.09] DevOnline: Listening for lan beacon requests on 6777
[3972.10] DevOnline: Listening for lan beacon requests on 6777
[3973.36] Error: ApplyNewRBState() called for kinematic actor DFDroppedPickup_521
[3973.43] Error: ApplyNewRBState() called for kinematic actor DFDroppedPickup_521
[3976.73] ScriptWarning: Accessed None 'CurrentWeaponAttachment'
	DFWeaponAttachment_Ranged_Spell UGC-Persistent.TheWorld:PersistentLevel.DFWeaponAttachment_Ranged_Spell_116
	Function DFGame.DFWeaponAttachment:Cleanup:0152
[3977.03] MP_Weapons_Native: SetAttackSkillObjectByName() failed, due to not having a prev. ASO - DFWeaponAttachment_Melee_202
[3977.12] DevOnline: Listening for lan beacon requests on 6777
[3979.24] Error: ApplyNewRBState() called for kinematic actor DFDroppedPickup_523
[3979.31] Error: ApplyNewRBState() called for kinematic actor DFDroppedPickup_523
[3981.14] DevOnline: Listening for lan beacon requests on 6777
[3981.49] Log: Skills: Adding skill to cache... Ranged Attack
[3981.49] MP_Weapons_Native: SetAttackSkillObjectByName() failed, due to not having a prev. ASO - DFWeaponAttachment_Ranged_Bow_89
[3981.55] MP_Weapons_Native: SetAttackSkillObjectByName() failed, due to not having a prev. ASO - DFWeaponAttachment_Melee_203
[3981.61] Log: Skills: Adding skill to cache... Ranged Attack
[3981.61] MP_Weapons_Native: SetAttackSkillObjectByName() failed, due to not having a prev. ASO - DFWeaponAttachment_Ranged_Bow_90
[3983.65] MP_Weapons_Native: SetAttackSkillObjectByName() failed, due to not having a prev. ASO - DFWeaponAttachment_Ranged_Spell_117
[3983.90] ScriptWarning: Accessed None 'CurrentWeaponAttachment'
	DFWeaponAttachment_Melee UGC-Persistent.TheWorld:PersistentLevel.DFWeaponAttachment_Melee_202
	Function DFGame.DFWeaponAttachment:Cleanup:0152
[3984.29] MP_Weapons_Native: SetAttackSkillObjectByName() failed, due to not having a prev. ASO - DFWeaponAttachment_Ranged_Spell_118
[3984.58] Log: Could not find FMC creator for PSC UGC-Persistent.TheWorld:PersistentLevel.DFPawn_Hero_Male_1.inXileParticleSystemComponent_9536 completion callback, message None
[3986.15] DevOnline: Listening for lan beacon requests on 6777
[3988.20] MP_Weapons_Native: SetAttackSkillObjectByName() failed, due to not having a prev. ASO - DFWeaponAttachment_Melee_204
[3989.05] MP_Weapons_Native: SetAttackSkillObjectByName() failed, due to not having a prev. ASO - DFWeaponAttachment_Melee_205
[3990.12] Error: ApplyNewRBState() called for kinematic actor DFDroppedPickup_524
[3990.17] DevOnline: Listening for lan beacon requests on 6777
[3990.25] Error: ApplyNewRBState() called for kinematic actor DFDroppedPickup_524
[3990.82] Log: Could not find FMC creator for PSC UGC-Persistent.TheWorld:PersistentLevel.DFDroppedPickup_526.inXileParticleSystemComponent_9585 completion callback, message None
[3990.82] Log: Could not find FMC creator for PSC UGC-Persistent.TheWorld:PersistentLevel.DFDroppedPickup_526.inXileParticleSystemComponent_9586 completion callback, message None
[3990.82] Log: Could not find FMC creator for PSC UGC-Persistent.TheWorld:PersistentLevel.DFDroppedPickup_526.inXileParticleSystemComponent_9587 completion callback, message None
[3991.85] Error: ApplyNewRBState() called for kinematic actor DFDroppedPickup_526
[3991.85] Error: ApplyNewRBState() called for kinematic actor DFDroppedPickup_527
[3991.85] Error: ApplyNewRBState() called for kinematic actor DFDroppedPickup_528
[3991.88] MP_Weapons_Native: SetAttackSkillObjectByName() failed, due to not having a prev. ASO - DFWeaponAttachment_Ranged_Bow_91
[3991.92] Error: ApplyNewRBState() called for kinematic actor DFDroppedPickup_526
[3991.92] Error: ApplyNewRBState() called for kinematic actor DFDroppedPickup_527
[3991.92] Error: ApplyNewRBState() called for kinematic actor DFDroppedPickup_528
[3995.19] DevOnline: Listening for lan beacon requests on 6777
[3996.36] Log: Could not find FMC creator for PSC UGC-Persistent.TheWorld:PersistentLevel.DFPawn_Hero_Female_1.inXileParticleSystemComponent_9546 completion callback, message None
[3998.49] Log: Could not find FMC creator for PSC UGC-Persistent.TheWorld:PersistentLevel.DFPawn_Hero_Female_1.inXileParticleSystemComponent_9547 completion callback, message None
[3999.20] DevOnline: Listening for lan beacon requests on 6777
[4004.22] DevOnline: Listening for lan beacon requests on 6777
[4005.34] Error: ApplyNewRBState() called for kinematic actor DFDroppedPickup_529
[4005.39] MP_Weapons_Native: SetAttackSkillObjectByName() failed, due to not having a prev. ASO - DFWeaponAttachment_Ranged_Bow_92
[4005.41] Error: ApplyNewRBState() called for kinematic actor DFDroppedPickup_529
[4008.24] DevOnline: Listening for lan beacon requests on 6777
[4009.73] Error: ApplyNewRBState() called for kinematic actor DFDroppedPickup_531
[4009.73] Error: ApplyNewRBState() called for kinematic actor DFDroppedPickup_532
[4009.73] Error: ApplyNewRBState() called for kinematic actor DFDroppedPickup_533
[4009.78] MP_Weapons_Native: SetAttackSkillObjectByName() failed, due to not having a prev. ASO - DFWeaponAttachment_Melee_206
[4009.80] Error: ApplyNewRBState() called for kinematic actor DFDroppedPickup_531
[4009.80] Error: ApplyNewRBState() called for kinematic actor DFDroppedPickup_532
[4009.80] Error: ApplyNewRBState() called for kinematic actor DFDroppedPickup_533
[4011.34] Log: Could not find FMC creator for PSC UGC-Persistent.TheWorld:PersistentLevel.DFPawn_Nid_120.inXileParticleSystemComponent_9601 completion callback, message None
[4013.25] DevOnline: Listening for lan beacon requests on 6777
[4014.00] Log: Could not find FMC creator for PSC UGC-Persistent.TheWorld:PersistentLevel.DFWeaponAttachment_Melee_205.inXileParticleSystemComponent_9578 completion callback, message None
[4014.25] Log: Could not find FMC creator for PSC UGC-Persistent.TheWorld:PersistentLevel.DFDroppedPickup_534.inXileParticleSystemComponent_9669 completion callback, message None
[4014.25] Log: Could not find FMC creator for PSC UGC-Persistent.TheWorld:PersistentLevel.DFDroppedPickup_534.inXileParticleSystemComponent_9670 completion callback, message None
[4014.25] Log: Could not find FMC creator for PSC UGC-Persistent.TheWorld:PersistentLevel.DFDroppedPickup_534.inXileParticleSystemComponent_9671 completion callback, message None
[4015.29] Error: ApplyNewRBState() called for kinematic actor DFDroppedPickup_534
[4015.29] Error: ApplyNewRBState() called for kinematic actor DFDroppedPickup_535
[4015.29] Error: ApplyNewRBState() called for kinematic actor DFDroppedPickup_536
[4015.35] Error: ApplyNewRBState() called for kinematic actor DFDroppedPickup_534
[4015.35] Error: ApplyNewRBState() called for kinematic actor DFDroppedPickup_535
[4015.35] Error: ApplyNewRBState() called for kinematic actor DFDroppedPickup_536
[4016.68] Error: ApplyNewRBState() called for kinematic actor DFDroppedPickup_Shield_65
[4016.68] Error: ApplyNewRBState() called for kinematic actor DFDroppedPickup_539
[4016.75] Error: ApplyNewRBState() called for kinematic actor DFDroppedPickup_Shield_65
[4016.75] Error: ApplyNewRBState() called for kinematic actor DFDroppedPickup_539
[4017.25] DevOnline: Listening for lan beacon requests on 6777
[4018.41] Log: Could not find FMC creator for PSC UGC-Persistent.TheWorld:PersistentLevel.DFDroppedPickup_540.inXileParticleSystemComponent_9709 completion callback, message None
[4018.41] Log: Could not find FMC creator for PSC UGC-Persistent.TheWorld:PersistentLevel.DFDroppedPickup_540.inXileParticleSystemComponent_9710 completion callback, message None
[4018.41] Log: Could not find FMC creator for PSC UGC-Persistent.TheWorld:PersistentLevel.DFDroppedPickup_540.inXileParticleSystemComponent_9711 completion callback, message None
[4019.44] Error: ApplyNewRBState() called for kinematic actor DFDroppedPickup_540
[4019.44] Error: ApplyNewRBState() called for kinematic actor DFDroppedPickup_541
[4019.44] Error: ApplyNewRBState() called for kinematic actor DFDroppedPickup_542
[4019.51] Error: ApplyNewRBState() called for kinematic actor DFDroppedPickup_540
[4019.51] Error: ApplyNewRBState() called for kinematic actor DFDroppedPickup_541
[4019.51] Error: ApplyNewRBState() called for kinematic actor DFDroppedPickup_542
[4020.40] Log: ADFDialogManager::PlayConversationFromScript, Conversation not found: conv_ElaraWin
[4022.26] DevOnline: Listening for lan beacon requests on 6777
[4024.74] ScriptWarning: Accessed None 'RunSound'
	DFSpecialMove_RoadieRun UGC-Persistent.TheWorld:PersistentLevel.DFSpecialMove_RoadieRun_35
	Function DFGame.DFSpecialMove_RoadieRun:StartSpecialMove:04EF
[4026.27] DevOnline: Listening for lan beacon requests on 6777
[4026.57] ScriptWarning: Accessed None 'RunSound'
	DFSpecialMove_RoadieRun UGC-Persistent.TheWorld:PersistentLevel.DFSpecialMove_RoadieRun_35
	Function DFGame.DFSpecialMove_RoadieRun:StopSpecialMove:0174
[4027.29] ScriptWarning: Accessed None 'RunSound'
	DFSpecialMove_RoadieRun UGC-Persistent.TheWorld:PersistentLevel.DFSpecialMove_RoadieRun_35
	Function DFGame.DFSpecialMove_RoadieRun:StartSpecialMove:04EF
[4028.83] ScriptWarning: Accessed None 'RunSound'
	DFSpecialMove_RoadieRun UGC-Persistent.TheWorld:PersistentLevel.DFSpecialMove_RoadieRun_35
	Function DFGame.DFSpecialMove_RoadieRun:StopSpecialMove:0174
[4029.83] ScriptWarning: Accessed None 'RunSound'
	DFSpecialMove_RoadieRun UGC-Persistent.TheWorld:PersistentLevel.DFSpecialMove_RoadieRun_35
	Function DFGame.DFSpecialMove_RoadieRun:StartSpecialMove:04EF
[4030.93] ScriptWarning: Accessed None 'RunSound'
	DFSpecialMove_RoadieRun UGC-Persistent.TheWorld:PersistentLevel.DFSpecialMove_RoadieRun_35
	Function DFGame.DFSpecialMove_RoadieRun:StopSpecialMove:0174
[4031.29] DevOnline: Listening for lan beacon requests on 6777
[4032.27] ScriptWarning: Accessed None 'CurrentWeaponAttachment'
	DFWeaponAttachment_Ranged_Spell UGC-Persistent.TheWorld:PersistentLevel.DFWeaponAttachment_Ranged_Spell_118
	Function DFGame.DFWeaponAttachment:Cleanup:0152
[4032.57] MP_Weapons_Native: SetAttackSkillObjectByName() failed, due to not having a prev. ASO - DFWeaponAttachment_Melee_207
[4035.15] Error: ApplyNewRBState() called for kinematic actor DFDroppedPickup_543
[4035.22] Error: ApplyNewRBState() called for kinematic actor DFDroppedPickup_543
[4035.29] DevOnline: Listening for lan beacon requests on 6777
[4035.30] ScriptWarning: Accessed None 'RunSound'
	DFSpecialMove_RoadieRun UGC-Persistent.TheWorld:PersistentLevel.DFSpecialMove_RoadieRun_35
	Function DFGame.DFSpecialMove_RoadieRun:StartSpecialMove:04EF
[4036.54] ScriptWarning: Accessed None 'RunSound'
	DFSpecialMove_RoadieRun UGC-Persistent.TheWorld:PersistentLevel.DFSpecialMove_RoadieRun_35
	Function DFGame.DFSpecialMove_RoadieRun:StopSpecialMove:0174
[4040.31] DevOnline: Listening for lan beacon requests on 6777
[4043.71] ScriptWarning: Accessed None 'RunSound'
	DFSpecialMove_RoadieRun UGC-Persistent.TheWorld:PersistentLevel.DFSpecialMove_RoadieRun_35
	Function DFGame.DFSpecialMove_RoadieRun:StartSpecialMove:04EF
[4044.31] DevOnline: Listening for lan beacon requests on 6777
[4046.80] Log: APPLY TRANSFORM LEVEL from UpdateSTreamingLevels():
[4046.80] Log: APPLY TRANSFORM ROOM #7, rot.pitch=0, rot.yaw=16384, rot.roll=0;  Offset=6883.076172,43708.113281,-900.907227
[4046.80] Log: APPLY TRANSFORM ROOM: UGCDungeonLayoutValues.LevelIndexCurr = 7
[4046.80] Log:  LevelData[7] setting bOffsetsApplied to TRUE
[4046.80] Log:  Flagging Level[7] to be Not Visible
[4046.80] Log:  Flagging Level[7] to be Visible
[4046.81] Log: URB_BodyInstance::InitBody : Could not create new Shape: Actor: 000_EndRoom1.TheWorld:PersistentLevel.StaticMeshActor_28 Component: StaticMeshComponent_87 StaticMesh: UGC_Props.Meshes.S_UGCEndRoomFloor
[4049.28] ScriptWarning: Accessed None 'RunSound'
	DFSpecialMove_RoadieRun UGC-Persistent.TheWorld:PersistentLevel.DFSpecialMove_RoadieRun_35
	Function DFGame.DFSpecialMove_RoadieRun:StopSpecialMove:0174
[4049.31] DevOnline: Listening for lan beacon requests on 6777
[4050.32] Log: Could not find FMC creator for PSC 000_Hallway1.TheWorld:PersistentLevel.DFPickupFactoryAlchemyObject_ShardContent_0.inXileParticleSystemComponent_9208 completion callback, message None
[4051.86] ScriptWarning: Accessed None 'RunSound'
	DFSpecialMove_RoadieRun UGC-Persistent.TheWorld:PersistentLevel.DFSpecialMove_RoadieRun_35
	Function DFGame.DFSpecialMove_RoadieRun:StartSpecialMove:04EF
[4052.80] ScriptWarning: Accessed None 'RunSound'
	DFSpecialMove_RoadieRun UGC-Persistent.TheWorld:PersistentLevel.DFSpecialMove_RoadieRun_35
	Function DFGame.DFSpecialMove_RoadieRun:StopSpecialMove:0174
[4053.32] DevOnline: Listening for lan beacon requests on 6777
[4057.14] Log: Changing subtitle setting, new value: 0
[4057.25] Warning: Warning, Failed to load 'SwfMovie ?INT?GFxUI.IME.MoviePath?': Failed to find object 'SwfMovie ?INT?GFxUI.IME.MoviePath?'
[4057.25] Log: GFx attempted to load missing object [?INT?GFxUI.IME.MoviePath?]
[4058.34] DevOnline: Listening for lan beacon requests on 6777
[4062.34] DevOnline: Listening for lan beacon requests on 6777
[4065.70] Log: Changing subtitle setting, new value: 1
[4067.33] DevOnline: Can't free search results while the search is in progress
[4067.34] DevOnline: Listening for lan beacon requests on 6777
[4067.40] ScriptWarning: Accessed None 'RunSound'
	DFSpecialMove_RoadieRun UGC-Persistent.TheWorld:PersistentLevel.DFSpecialMove_RoadieRun_35
	Function DFGame.DFSpecialMove_RoadieRun:StartSpecialMove:04EF
[4070.89] ScriptWarning: Accessed None 'RunSound'
	DFSpecialMove_RoadieRun UGC-Persistent.TheWorld:PersistentLevel.DFSpecialMove_RoadieRun_35
	Function DFGame.DFSpecialMove_RoadieRun:StopSpecialMove:0174
[4071.35] DevOnline: Listening for lan beacon requests on 6777
[4076.37] DevOnline: Listening for lan beacon requests on 6777
[4079.88] DevOnline: Async task ''Async profile file write'' started at 18257004.547682
[4080.08] DevOnline: Async task ''Async profile file write'' started at 18257004.751842
[4080.37] DevOnline: Listening for lan beacon requests on 6777
[4085.33] Warning: Warning, Failed to load 'SwfMovie ?INT?GFxUI.IME.MoviePath?': Failed to find object 'SwfMovie ?INT?GFxUI.IME.MoviePath?'
[4085.33] Log: GFx attempted to load missing object [?INT?GFxUI.IME.MoviePath?]
[4085.38] DevOnline: Listening for lan beacon requests on 6777
[4089.38] DevOnline: Listening for lan beacon requests on 6777
[4089.65] NetComeGo: Close TcpipConnection_3 26.66.102.216:7777 10/12/25 20:53:11
[4090.66] Log: ShowLoadingMovie bShowMovie[0] LoadingMovieName[LoadingMovie] 
[4090.66] Warning: Warning, Failed to load 'SwfMovie ?INT?GFxUI.IME.MoviePath?': Failed to find object 'SwfMovie ?INT?GFxUI.IME.MoviePath?'
[4090.66] Log: GFx attempted to load missing object [?INT?GFxUI.IME.MoviePath?]
[4093.45] Error: Can't end an online game that hasn't been created
[4093.45] Log: ShowLoadingMovie bShowMovie[1] LoadingMovieName[LoadingMovie] 
[4093.47] Log: ShowLoadingMovie bShowMovie[1] LoadingMovieName[LoadingMovie] 
[4093.48] Log: Failed; returning to Entry
[4093.48] Log: LoadMap: MainMenu?Closed
[4093.52] Exit: UTcpNetDriver shut down
[4093.53] DevMemory: Virtual  memory allocation size: 308.02 MByte (322981888 Bytes)
[4093.79] Log: Game class is 'DFMenuGame'
[4093.82] Log: Creating Primary PhysX Scene.
[4093.83] Log: *** WARNING - PATHS MAY NOT BE VALID ***
[4093.83] Log: Bringing World MainMenu.TheWorld up for play (0) at 2025.10.12-20.53.16
[4093.83] Log: Bringing up level for play took: 0.035163
[4093.83] DevOnline: RegisterRemoteTalker(0x0000000000000000) returned 0x00000000
[4093.83] DevOnline: StartRemoteVoiceProcessing(0x0000000000000000) returned 0x00000000
[4093.83] DevOnline: Using cached profile data instead of reading
[4093.83] Error: Can't end an online game that hasn't been created
[4093.83] DevOnline: Logging out for Player
[4093.83] DevOnline: Signing into profile Player locally
[4093.83] Log: ########### Finished loading level: 0.347166 seconds
[4093.92]  [DFProdigy] : [MainMenu->DFP_MainMenu_2] InitCrowdSpawner, Missing Spawn locations 
[4093.92] Log: ShowLoadingMovie bShowMovie[0] LoadingMovieName[LoadingMovie] 
[4093.94] Error: Can't start an online game that hasn't been created
[4093.94] Log: Changing subtitle setting, new value: 1
[4093.95] Warning: GetBoneMatrix : BoneIndex(65) out of range of ParentBoneMap for inXileForgedMeshComponent_2755
[4093.95] Log: Issuing preload for ..\..\DFGame\CookedPC\EFFIGYTEMPLATES\PAWNQUIPGROUP_WARRIOR3_SF_LOC_INT.UPK
[4093.95] Log: Issuing preload for ..\..\DFGame\CookedPC\EFFIGYTEMPLATES\PAWNQUIPGROUP_WARRIOR3_SF.UPK
[4093.95] Log: Issuing preload for ..\..\DFGame\CookedPC\EFFIGYTEMPLATES\PAWNQUIPGROUP_HUNTRESS2_SF_LOC_INT.UPK
[4093.95] Log: Issuing preload for ..\..\DFGame\CookedPC\EFFIGYTEMPLATES\PAWNQUIPGROUP_HUNTRESS2_SF.UPK
[4093.95] Log: Issuing preload for ..\..\DFGame\CookedPC\EFFIGYTEMPLATES\PAWNQUIPGROUP_WARGAR2_SF_LOC_INT.UPK
[4093.95] Log: Issuing preload for ..\..\DFGame\CookedPC\EFFIGYTEMPLATES\PAWNQUIPGROUP_WARGAR2_SF.UPK
[4093.95] Log: Flushing async loaders.
[4094.24] Warning: Warning, Failed to load 'SwfMovie ?INT?GFxUI.IME.MoviePath?': Failed to find object 'SwfMovie ?INT?GFxUI.IME.MoviePath?'
[4094.24] Log: GFx attempted to load missing object [?INT?GFxUI.IME.MoviePath?]
[4095.07] DevOnline: Logging out for Player
[4095.07] DevOnline: Signing into profile Player locally
[4095.07] Log: Changing subtitle setting, new value: 1
[4097.22] Warning: Warning, Failed to load 'SwfMovie ?INT?GFxUI.IME.MoviePath?': Failed to find object 'SwfMovie ?INT?GFxUI.IME.MoviePath?'
[4097.22] Log: GFx attempted to load missing object [?INT?GFxUI.IME.MoviePath?]
[4291.08] Log: Closing by request
[4291.08] Log: appRequestExit(0)
[4291.13] Exit: Preparing to exit.
[4291.32] Exit: Game engine shut down
[4291.38] Exit: Windows client shut down
[4291.39] Exit: XAudio2 Device shut down.
[4291.75] Exit: Object subsystem successfully closed.
[4291.79] Log: Shutting down FaceFX...
[4291.79] Log: FaceFX shutdown.
[4291.96] Exit: Exiting.
[4291.96] Log: Log file closed, 10/12/25 20:56:34
